<?xml version="1.0" encoding="utf-8"?>
<COLLADA xmlns="http://www.collada.org/2005/11/COLLADASchema" version="1.4.1" xmlns:xsi="http://www.w3.org/2001/XMLSchema-instance">
  <asset>
    <contributor>
      <author>Blender User</author>
      <authoring_tool>Blender 2.91.2 commit date:2021-01-19, commit time:16:15, hash:5be9ef417703</authoring_tool>
    </contributor>
    <created>2021-05-25T13:30:13</created>
    <modified>2021-05-25T13:30:13</modified>
    <unit name="meter" meter="1"/>
    <up_axis>Z_UP</up_axis>
  </asset>
  <library_effects/>
  <library_images/>
  <library_geometries>
    <geometry id="Plane_006-mesh" name="Plane.006">
      <mesh>
        <source id="Plane_006-mesh-positions">
          <float_array id="Plane_006-mesh-positions-array" count="10080">42 71.97497 5 43 72.02511 5.000001 14.47493 99.50002 -1.5184e-6 14.52507 100.5 1.5184e-6 43 72.02511 -7.60523e-7 42 71.97497 7.60523e-7 14.47493 99.50002 5.000002 14.52507 100.5 4.999999 42.27652 77.52565 -1.28333e-6 41.29566 77.32952 1.28333e-6 40.66501 82.83795 3.09918e-7 39.74085 82.45515 -3.09918e-7 38.04788 87.73423 -1.39681e-6 37.21616 87.17849 1.39681e-6 34.52582 92.02587 1.60197e-6 33.8185 91.31855 -1.60197e-6 30.23417 95.54793 2.20435e-6 29.67844 94.7162 -2.20435e-6 25.33787 98.16506 9.38486e-7 24.95508 97.24089 -9.38486e-7 20.02558 99.77655 9.36006e-7 19.82944 98.79569 -9.36006e-7 41.29566 77.32952 5 42.27652 77.52565 5.000001 39.74085 82.45515 5 40.66501 82.83795 5.000001 38.04788 87.73423 5.000002 37.21616 87.17849 4.999999 33.8185 91.31855 5 34.52582 92.02587 5.000001 29.67844 94.7162 5.000001 30.23417 95.54793 5 24.95508 97.24089 5 25.33787 98.16506 5.000001 19.82944 98.79569 5 20.02558 99.77655 5 -43 72.02511 5.000001 -42 71.97497 5 -14.52507 100.5 1.5184e-6 -14.47493 99.50002 -1.5184e-6 -42 71.97496 4.57497e-7 -43 72.02512 -4.57497e-7 -14.52507 100.5 4.999999 -14.47493 99.50002 5.000002 -41.29566 77.32952 1.52769e-6 -42.27652 77.52565 -1.52769e-6 -39.74085 82.45515 0 -40.66501 82.83795 0 -37.21616 87.17849 1.5103e-6 -38.04788 87.73423 -1.5103e-6 -33.8185 91.31855 2.92455e-7 -34.52582 92.02587 -2.92455e-7 -29.67844 94.7162 -8.38088e-7 -30.23417 95.54793 8.38088e-7 -24.95508 97.24089 5.49995e-7 -25.33787 98.16506 -5.49995e-7 -19.82944 98.79569 7.4014e-7 -20.02558 99.77655 -7.4014e-7 -42.27652 77.52565 5 -41.29566 77.32952 5.000001 -40.66501 82.83795 4.999999 -39.74085 82.45515 5.000002 -37.21616 87.17849 5.000001 -38.04788 87.73423 5 -34.52582 92.02587 5.000001 -33.8185 91.31855 5 -30.23417 95.54793 5 -29.67844 94.7162 5.000001 -25.33787 98.16506 5 -24.95508 97.24089 5.000001 -20.02558 99.77655 4.999998 -19.82944 98.79569 5.000003 43 -72.02511 5.000001 42 -71.97497 5 14.52507 -100.5 1.5184e-6 14.47493 -99.50002 -1.5184e-6 42 -71.97496 4.57497e-7 43 -72.02512 -4.57497e-7 14.52507 -100.5 4.999999 14.47493 -99.50002 5.000002 41.29566 -77.32952 1.52769e-6 42.27652 -77.52565 -1.52769e-6 39.74085 -82.45515 0 40.66501 -82.83795 0 37.21616 -87.17849 1.5103e-6 38.04788 -87.73423 -1.5103e-6 33.8185 -91.31855 2.92455e-7 34.52582 -92.02587 -2.92455e-7 29.67844 -94.7162 -8.38088e-7 30.23417 -95.54793 8.38088e-7 24.95508 -97.24089 5.49995e-7 25.33787 -98.16506 -5.49995e-7 19.82944 -98.79569 7.4014e-7 20.02558 -99.77655 -7.4014e-7 42.27652 -77.52565 5 41.29566 -77.32952 5.000001 40.66501 -82.83795 4.999999 39.74085 -82.45515 5.000002 37.21616 -87.17849 5.000001 38.04788 -87.73423 5 34.52582 -92.02587 5.000001 33.8185 -91.31855 5 30.23417 -95.54793 5 29.67844 -94.7162 5.000001 25.33787 -98.16506 5 24.95508 -97.24089 5.000001 20.02558 -99.77655 4.999998 19.82944 -98.79569 5.000003 -43 -72.02511 5.000001 -42 -71.97497 5 -14.52507 -100.5 1.5184e-6 -14.47493 -99.50002 -1.5184e-6 -14.47493 -99.50002 5.000002 -14.52507 -100.5 4.999999 -42 -71.97497 7.60523e-7 -43 -72.02511 -7.60523e-7 -42.27652 -77.52565 -1.28333e-6 -41.29566 -77.32952 1.28333e-6 -40.66501 -82.83795 3.09918e-7 -39.74085 -82.45515 -3.09918e-7 -38.04788 -87.73423 -1.39681e-6 -37.21616 -87.17849 1.39681e-6 -34.52582 -92.02587 1.60197e-6 -33.8185 -91.31855 -1.60197e-6 -30.23417 -95.54793 2.20435e-6 -29.67844 -94.7162 -2.20435e-6 -25.33787 -98.16506 9.38486e-7 -24.95508 -97.24089 -9.38486e-7 -20.02558 -99.77655 9.36006e-7 -19.82944 -98.79569 -9.36006e-7 -41.29566 -77.32952 5 -42.27652 -77.52565 5.000001 -39.74085 -82.45515 5 -40.66501 -82.83795 5.000001 -38.04788 -87.73423 5.000002 -37.21616 -87.17849 4.999999 -33.8185 -91.31855 5 -34.52582 -92.02587 5.000001 -29.67844 -94.7162 5.000001 -30.23417 -95.54793 5 -24.95508 -97.24089 5 -25.33787 -98.16506 5.000001 -19.82944 -98.79569 5 -20.02558 -99.77655 5 42.00001 -65.14289 0 43.00001 -65.14289 0 42.00001 -58.28574 -1.14441e-6 43.00001 -58.28574 1.14441e-6 42.00001 -51.42859 -1.14441e-6 43.00001 -51.42859 1.14441e-6 42.00001 -44.57144 -1.14441e-6 43.00001 -44.57144 1.14441e-6 42.00001 -37.7143 -1.14441e-6 43.00001 -37.7143 1.14441e-6 42.00001 -30.85716 -1.14441e-6 43.00001 -30.85716 1.14441e-6 42.00001 -24.00001 -1.14441e-6 43.00001 -24.00001 1.14441e-6 42.00001 -17.14286 -1.14441e-6 43.00001 -17.14286 1.14441e-6 42.00001 -10.28571 -1.14441e-6 43.00001 -10.28571 1.14441e-6 42.00001 -3.428568 -1.14441e-6 43.00001 -3.428569 1.14441e-6 42.00001 3.428578 -1.14441e-6 43.00001 3.428577 1.14441e-6 42.00001 10.28572 -1.14441e-6 43.00001 10.28572 1.14441e-6 42.00001 17.14287 -1.14441e-6 43.00001 17.14287 1.14441e-6 42.00001 24.00002 -1.14441e-6 43.00001 24.00002 1.14441e-6 42.00001 30.85716 -1.14441e-6 43.00001 30.85716 1.14441e-6 42.00001 37.71431 -1.14441e-6 43.00001 37.71431 1.14441e-6 42.00001 44.57146 -1.14441e-6 43.00001 44.57146 1.14441e-6 42.00001 51.4286 -1.14441e-6 43.00001 51.4286 1.14441e-6 42.00001 58.28575 -1.14441e-6 43.00001 58.28575 1.14441e-6 42.00001 65.14289 -3.81472e-7 43.00001 65.14289 3.81472e-7 43.00001 -65.14289 5 42.00001 -65.14289 5.000001 43.00001 -58.28574 5 42.00001 -58.28574 5.000001 43.00001 -51.42859 5 42.00001 -51.42859 5.000001 43.00001 -44.57144 5 42.00001 -44.57144 5.000001 43.00001 -37.7143 5 42.00001 -37.7143 5.000001 43.00001 -30.85716 5 42.00001 -30.85716 5.000001 43.00001 -24.00001 5 42.00001 -24.00001 5.000001 43.00001 -17.14286 5 42.00001 -17.14286 5.000001 43.00001 -10.28571 5 42.00001 -10.28571 5.000001 43.00001 -3.428568 5 42.00001 -3.428568 5.000001 43.00001 3.428578 5 42.00001 3.428578 5.000001 43.00001 10.28572 5 42.00001 10.28572 5.000001 43.00001 17.14287 5 42.00001 17.14287 5.000001 43.00001 24.00002 5 42.00001 24.00002 5.000001 43.00001 30.85716 5 42.00001 30.85716 5.000001 43.00001 37.71431 5 42.00001 37.71431 5.000001 43.00001 44.57146 5 42.00001 44.57146 5.000001 43.00001 51.4286 5 42.00001 51.4286 5.000001 43.00001 58.28575 5 42.00001 58.28575 5.000001 43.00001 65.14289 5 42.00001 65.14289 5.000001 -43.00001 65.14289 5 -42.00001 65.14289 5.000001 -43.00001 58.28574 5 -42.00001 58.28574 5.000001 -43.00001 51.42859 5 -42.00001 51.42859 5.000001 -43.00001 44.57144 5 -42.00001 44.57144 5.000001 -43.00001 37.7143 5 -42.00001 37.7143 5.000001 -43.00001 30.85716 5 -42.00001 30.85716 5.000001 -43.00001 24.00001 5 -42.00001 24.00001 5.000001 -43.00001 17.14286 5 -42.00001 17.14286 5.000001 -43.00001 10.28571 5 -42.00001 10.28571 5.000001 -43.00001 3.428568 5 -42.00001 3.428568 5.000001 -43.00001 -3.428578 5 -42.00001 -3.428578 5.000001 -43.00001 -10.28572 5 -42.00001 -10.28572 5.000001 -43.00001 -17.14287 5 -42.00001 -17.14287 5.000001 -43.00001 -24.00002 5 -42.00001 -24.00002 5.000001 -43.00001 -30.85716 5 -42.00001 -30.85716 5.000001 -43.00001 -37.71431 5 -42.00001 -37.71431 5.000001 -43.00001 -44.57146 5 -42.00001 -44.57146 5.000001 -43.00001 -51.4286 5 -42.00001 -51.4286 5.000001 -43.00001 -58.28575 5 -42.00001 -58.28575 5.000001 -43.00001 -65.14289 5 -42.00001 -65.14289 5.000001 -42.00001 65.14289 0 -43.00001 65.14289 0 -42.00001 58.28574 -1.14441e-6 -43.00001 58.28574 1.14441e-6 -42.00001 51.42859 -1.14441e-6 -43.00001 51.42859 1.14441e-6 -42.00001 44.57144 -1.14441e-6 -43.00001 44.57144 1.14441e-6 -42.00001 37.7143 -1.14441e-6 -43.00001 37.7143 1.14441e-6 -42.00001 30.85716 -1.14441e-6 -43.00001 30.85716 1.14441e-6 -42.00001 24.00001 -1.14441e-6 -43.00001 24.00001 1.14441e-6 -42.00001 17.14286 -1.14441e-6 -43.00001 17.14286 1.14441e-6 -42.00001 10.28571 -1.14441e-6 -43.00001 10.28571 1.14441e-6 -42.00001 3.428568 -1.14441e-6 -43.00001 3.428569 1.14441e-6 -42.00001 -3.428578 -1.14441e-6 -43.00001 -3.428577 1.14441e-6 -42.00001 -10.28572 -1.14441e-6 -43.00001 -10.28572 1.14441e-6 -42.00001 -17.14287 -1.14441e-6 -43.00001 -17.14287 1.14441e-6 -42.00001 -24.00002 -1.14441e-6 -43.00001 -24.00002 1.14441e-6 -42.00001 -30.85716 -1.14441e-6 -43.00001 -30.85716 1.14441e-6 -42.00001 -37.71431 -1.14441e-6 -43.00001 -37.71431 1.14441e-6 -42.00001 -44.57146 -1.14441e-6 -43.00001 -44.57146 1.14441e-6 -42.00001 -51.4286 -1.14441e-6 -43.00001 -51.4286 1.14441e-6 -42.00001 -58.28575 -1.14441e-6 -43.00001 -58.28575 1.14441e-6 -42.00001 -65.14289 -3.81472e-7 -43.00001 -65.14289 3.81472e-7 -8.700003 100.5 3.8147e-6 -8.700001 99.50002 -3.8147e-6 -2.900001 100.5 1.52588e-6 -2.899998 99.50002 -1.52588e-6 2.9 100.5 1.52588e-6 2.900002 99.50002 -1.52588e-6 8.700001 100.5 3.8147e-6 8.700003 99.50002 -3.8147e-6 -8.700002 99.50002 5.000003 -8.700002 100.5 4.999998 -2.9 99.50002 5.000003 -2.9 100.5 4.999998 2.900001 99.50002 5.000003 2.900001 100.5 4.999998 8.700002 99.50002 5.000002 8.700002 100.5 4.999999 8.700002 -99.50002 5.000003 8.700002 -100.5 4.999998 2.9 -99.50002 5.000003 2.9 -100.5 4.999998 -2.900001 -99.50002 5.000003 -2.900001 -100.5 4.999998 -8.700002 -99.50002 5.000002 -8.700002 -100.5 4.999999 8.700003 -100.5 3.8147e-6 8.700001 -99.50002 -3.8147e-6 2.900001 -100.5 1.52588e-6 2.899998 -99.50002 -1.52588e-6 -2.9 -100.5 1.52588e-6 -2.900002 -99.50002 -1.52588e-6 -8.700001 -100.5 3.8147e-6 -8.700003 -99.50002 -3.8147e-6 38.04788 87.73423 1.25 37.21616 87.17849 1.250001 38.04788 87.73423 2.5 37.21616 87.17849 2.5 38.04788 87.73423 3.750001 37.21616 87.17849 3.75 40.22339 81.20404 5 41.16523 81.541 5.000001 40.64399 79.93073 5 41.60122 80.2211 5.000001 41.00169 78.63833 4.999999 41.972 78.88142 5.000002 14.47493 99.50002 3.750001 14.52507 100.5 3.75 14.47493 99.50002 2.5 14.52508 100.5 2.5 14.47493 99.50002 1.249999 14.52508 100.5 1.250001 41.52822 76.00479 5.000001 42.51635 76.15955 5 41.71285 74.66475 5.000002 42.70516 74.78911 4.999999 41.86557 73.31206 5.000001 42.85993 73.41819 5 42.51635 76.15955 8.60492e-7 41.52822 76.00479 -8.60492e-7 42.70516 74.78911 1.32477e-6 41.71285 74.66475 -1.32477e-6 42.85993 73.41819 0 41.86557 73.31206 0 42 66.85718 3.81471e-7 43 66.85718 -3.81471e-7 42.00001 68.57147 3.81471e-7 43.00001 68.57147 -3.81471e-7 42.00001 70.28575 3.81469e-7 43.00001 70.28575 -3.81469e-7 40.66501 82.83795 3.750002 39.74085 82.45515 3.749999 40.66501 82.83795 2.5 39.74085 82.45515 2.500001 40.66501 82.83794 1.249999 39.74085 82.45514 1.250001 42.27653 77.52565 1.25 41.29567 77.32952 1.25 42.27652 77.52564 2.5 41.29566 77.3295 2.5 42.27653 77.52565 3.750001 41.29567 77.32951 3.750001 41.16523 81.541 0 40.22339 81.20404 0 41.60122 80.2211 -8.88276e-7 40.64399 79.93073 8.88276e-7 41.972 78.88142 -2.05812e-6 41.00169 78.63833 2.05812e-6 15.81202 99.36559 5.000003 15.91813 100.36 4.999998 17.1647 99.21287 5.000002 17.28905 100.2052 4.999999 18.50474 99.02825 5.000001 18.65949 100.0164 5 38.79151 86.55979 -1.6849e-6 37.9335 86.04557 1.6849e-6 39.47661 85.35032 -1.38371e-6 38.59443 84.87878 1.38371e-6 40.10163 84.10873 0 39.19739 83.68101 0 21.13827 98.50171 4.999998 21.38136 99.47203 5.000003 22.43066 98.14402 4.999996 22.72103 99.10124 5.000005 23.70397 97.72341 4.999998 24.04092 98.66526 5.000003 35.48427 91.01908 -3.71027e-7 34.74308 90.34734 3.71027e-7 36.39218 89.9665 -1.94243e-6 35.61894 89.33192 1.94243e-6 37.24741 88.87069 -1.82458e-6 36.44398 88.27478 1.82458e-6 26.18094 96.69743 5 26.60866 97.60168 5 27.37872 96.09449 5.000001 27.85026 96.97667 5 28.54551 95.43355 5.000001 29.05974 96.29155 5 31.37063 94.74746 1.24404e-6 30.77472 93.94404 -1.24404e-6 32.46644 93.89223 -6.94034e-7 31.83186 93.11899 6.94034e-7 33.51902 92.98432 5.23813e-7 32.84729 92.24313 -5.23813e-7 30.77472 93.94404 5 31.37063 94.74746 5 31.83186 93.11899 4.999998 32.46644 93.89223 5.000003 32.84729 92.24313 4.999998 33.51902 92.98432 5.000003 26.60866 97.60168 3.31742e-7 26.18094 96.69743 -3.31742e-7 27.85026 96.97667 9.29745e-7 27.37872 96.09449 -9.29745e-7 29.05974 96.29155 1.60196e-6 28.54551 95.43355 -1.60196e-6 34.74308 90.34734 5 35.48428 91.01908 5.000001 35.61894 89.33192 4.999999 36.39218 89.9665 5.000002 36.44398 88.27478 4.999998 37.24741 88.87069 5.000003 21.38136 99.47203 -6.00188e-7 21.13827 98.50172 6.00188e-7 22.72103 99.10124 -6.85306e-7 22.43066 98.14402 6.85306e-7 24.04092 98.66526 7.81345e-7 23.70397 97.72341 -7.81345e-7 37.9335 86.04557 4.999999 38.79151 86.55979 5.000002 38.59443 84.87878 4.999999 39.47661 85.35032 5.000002 39.19739 83.68101 4.999999 40.10163 84.10873 5.000002 15.91813 100.36 2.25452e-6 15.81202 99.36559 -2.25452e-6 17.28905 100.2052 0 17.1647 99.21287 0 18.65949 100.0164 1.211e-7 18.50474 99.02825 -1.211e-7 34.52582 92.02587 3.750001 33.8185 91.31855 3.749999 34.52582 92.02587 2.499999 33.8185 91.31855 2.500001 34.52582 92.02586 1.249999 33.8185 91.31854 1.250001 43.00001 72.02511 1.25 42.00001 71.97497 1.25 43.00001 72.02511 2.5 42.00001 71.97497 2.5 43.00001 72.02511 3.750001 42.00001 71.97497 3.75 30.23417 95.54792 1.249999 29.67843 94.7162 1.250001 30.23417 95.54793 2.5 29.67844 94.7162 2.500001 30.23417 95.54793 3.750001 29.67844 94.7162 3.75 25.33787 98.16505 3.750002 24.95507 97.24089 3.749999 25.33787 98.16506 2.5 24.95508 97.2409 2.500001 25.33787 98.16505 1.249999 24.95507 97.24089 1.250002 20.02558 99.77655 1.249999 19.82944 98.79568 1.250001 20.02558 99.77655 2.5 19.82944 98.79569 2.500001 20.02558 99.77655 3.750001 19.82944 98.79568 3.75 -37.21616 87.17849 1.250001 -38.04788 87.73423 1.25 -37.21616 87.17849 2.499999 -38.04788 87.73423 2.500001 -37.21615 87.17848 3.749999 -38.04787 87.73423 3.750001 -41.16523 81.541 4.999999 -40.22339 81.20404 5.000002 -41.60122 80.2211 5 -40.64399 79.93073 5.000001 -41.972 78.88142 5.000001 -41.00169 78.63833 5 10.15 100.5 3.05176e-6 10.15 99.50001 -3.05176e-6 11.6 100.5 7.6294e-7 11.6 99.50002 -7.6294e-7 13.05 100.5 0 13.05 99.50002 0 -14.52508 100.5 3.75 -14.47493 99.50002 3.750001 -14.52508 100.5 2.5 -14.47493 99.50002 2.5 -14.52508 100.5 1.250001 -14.47493 99.50002 1.249999 -42.51635 76.15955 4.999999 -41.52822 76.00479 5.000002 -42.70516 74.78911 5 -41.71285 74.66475 5.000001 -42.85993 73.41818 5.000001 -41.86557 73.31207 5 -41.52822 76.00479 0 -42.51635 76.15955 0 -41.71285 74.66475 -5.86428e-7 -42.70516 74.78911 5.86428e-7 -41.86557 73.31206 -3.03446e-7 -42.85993 73.41819 3.03446e-7 -39.74085 82.45513 3.749999 -40.665 82.83793 3.750001 -39.74085 82.45515 2.499999 -40.66501 82.83795 2.500001 -39.74085 82.45514 1.250001 -40.66501 82.83794 1.249999 -41.29567 77.32952 1.25 -42.27653 77.52565 1.25 -41.29566 77.32951 2.499999 -42.27652 77.52565 2.500001 -41.29566 77.32952 3.75 -42.27652 77.52565 3.750001 -40.22339 81.20404 0 -41.16523 81.541 0 -40.64399 79.93073 8.88276e-7 -41.60122 80.2211 -8.88276e-7 -41.00169 78.63833 2.05812e-6 -41.972 78.88142 -2.05812e-6 -15.91813 100.36 4.999998 -15.81202 99.36559 5.000003 -17.28905 100.2052 4.999999 -17.16469 99.21287 5.000002 -18.65949 100.0164 4.999998 -18.50474 99.02825 5.000003 -37.9335 86.04557 1.03015e-6 -38.79151 86.55979 -1.03015e-6 -38.59443 84.87878 1.39244e-6 -39.47661 85.35032 -1.39244e-6 -39.19739 83.68101 7.24592e-7 -40.10163 84.10873 -7.24592e-7 -21.38136 99.47203 5.000002 -21.13827 98.50172 4.999999 -22.72103 99.10124 5.000002 -22.43066 98.14402 4.999999 -24.04092 98.66526 5 -23.70397 97.72341 5 -34.74308 90.34734 1.423e-6 -35.48428 91.01908 -1.423e-6 -35.61894 89.33192 2.40949e-6 -36.39218 89.9665 -2.40949e-6 -36.44398 88.27478 2.72813e-6 -37.24741 88.87069 -2.72813e-6 -26.60866 97.60168 5 -26.18094 96.69743 5 -27.85026 96.97667 5 -27.37872 96.09449 5 -29.05974 96.29155 5 -28.54551 95.43355 5 -30.77472 93.94404 -1.35319e-7 -31.37063 94.74746 1.35319e-7 -31.83186 93.11899 1.50593e-6 -32.46644 93.89223 -1.50593e-6 -32.84729 92.24313 6.46013e-7 -33.51902 92.98432 -6.46013e-7 -31.37063 94.74746 5 -30.77472 93.94404 5 -32.46644 93.89223 5.000002 -31.83186 93.11899 4.999999 -33.51902 92.98432 5.000001 -32.84729 92.24313 5 -26.18094 96.69743 4.45235e-7 -26.60866 97.60168 -4.45235e-7 -27.37872 96.09449 -9.29745e-7 -27.85026 96.97667 9.29745e-7 -28.54551 95.43355 -8.59906e-7 -29.05974 96.29155 8.59906e-7 -35.48427 91.01908 5.000002 -34.74308 90.34734 4.999999 -36.39218 89.9665 5.000002 -35.61893 89.33192 4.999999 -37.24741 88.87068 5 -36.44398 88.27478 5 -21.13827 98.50172 4.43269e-6 -21.38136 99.47203 -4.43269e-6 -22.43066 98.14402 4.33009e-6 -22.72103 99.10124 -4.33009e-6 -23.70397 97.72341 1.31823e-6 -24.04092 98.66526 -1.31823e-6 -38.79151 86.55979 5.000001 -37.9335 86.04557 5 -39.47661 85.35032 5.000002 -38.59443 84.87878 4.999999 -40.10163 84.10873 5 -39.19739 83.68101 5.000001 -15.81202 99.36559 -3.01347e-6 -15.91813 100.36 3.01347e-6 -17.1647 99.21287 -2.22485e-6 -17.28905 100.2052 2.22485e-6 -18.50474 99.02825 -1.48031e-6 -18.65949 100.0164 1.48031e-6 -33.8185 91.31855 3.749999 -34.52582 92.02587 3.750001 -33.8185 91.31855 2.5 -34.52582 92.02587 2.5 -33.8185 91.31855 1.250001 -34.52582 92.02587 1.249999 -43.00001 72.02512 1.25 -42.00001 71.97496 1.25 -43.00001 72.02512 2.5 -42.00001 71.97496 2.5 -43.00001 72.02511 3.75 -42.00001 71.97497 3.75 -29.67843 94.7162 1.250001 -30.23417 95.54793 1.249999 -29.67844 94.7162 2.5 -30.23417 95.54793 2.5 -29.67843 94.7162 3.749999 -30.23417 95.54792 3.750001 -24.95507 97.24089 3.749998 -25.33787 98.16505 3.750002 -24.95508 97.2409 2.5 -25.33787 98.16506 2.500001 -24.95508 97.24089 1.250002 -25.33787 98.16506 1.249998 -19.82944 98.79569 1.250001 -20.02558 99.77655 1.249999 -19.82945 98.7957 2.499999 -20.02558 99.77656 2.500002 -19.82944 98.79568 3.749999 -20.02557 99.77655 3.750001 41.52822 -76.00479 0 42.51635 -76.15955 0 41.71285 -74.66475 -5.86428e-7 42.70516 -74.78911 5.86428e-7 41.86557 -73.31206 -3.03446e-7 42.85993 -73.41819 3.03446e-7 37.21616 -87.17849 1.250001 38.04788 -87.73423 1.25 37.21616 -87.17849 2.499999 38.04788 -87.73423 2.500001 37.21615 -87.17848 3.749999 38.04787 -87.73423 3.750001 41.16523 -81.541 4.999999 40.22339 -81.20404 5.000002 41.60122 -80.2211 5 40.64399 -79.93073 5.000001 41.972 -78.88142 5.000001 41.00169 -78.63833 5 -10.15 -99.50001 5.000003 -10.15 -100.5 4.999998 -11.6 -99.50002 5.000001 -11.6 -100.5 5 -13.05 -99.50002 5 -13.05 -100.5 5 14.52508 -100.5 3.75 14.47493 -99.50002 3.750001 14.52508 -100.5 2.5 14.47493 -99.50002 2.5 14.52508 -100.5 1.250001 14.47493 -99.50002 1.249999 42.51635 -76.15955 4.999999 41.52822 -76.00479 5.000002 42.70516 -74.78911 5 41.71285 -74.66475 5.000001 42.85993 -73.41818 5.000001 41.86557 -73.31207 5 -43 -66.85718 5.000001 -42 -66.85718 5 -43.00001 -68.57147 5.000001 -42.00001 -68.57147 5 -43.00001 -70.28575 5.000001 -42.00001 -70.28575 5 39.74085 -82.45513 3.749999 40.665 -82.83793 3.750001 39.74085 -82.45515 2.499999 40.66501 -82.83795 2.500001 39.74085 -82.45514 1.250001 40.66501 -82.83794 1.249999 41.29567 -77.32952 1.25 42.27653 -77.52565 1.25 41.29566 -77.32951 2.499999 42.27652 -77.52565 2.500001 41.29566 -77.32952 3.75 42.27652 -77.52565 3.750001 40.22339 -81.20404 0 41.16523 -81.541 0 40.64399 -79.93073 8.88276e-7 41.60122 -80.2211 -8.88276e-7 41.00169 -78.63833 2.05812e-6 41.972 -78.88142 -2.05812e-6 15.91813 -100.36 4.999998 15.81202 -99.36559 5.000003 17.28905 -100.2052 4.999999 17.16469 -99.21287 5.000002 18.65949 -100.0164 4.999998 18.50474 -99.02825 5.000003 37.9335 -86.04557 1.03015e-6 38.79151 -86.55979 -1.03015e-6 38.59443 -84.87878 1.39244e-6 39.47661 -85.35032 -1.39244e-6 39.19739 -83.68101 7.24592e-7 40.10163 -84.10873 -7.24592e-7 21.38136 -99.47203 5.000002 21.13827 -98.50172 4.999999 22.72103 -99.10124 5.000002 22.43066 -98.14402 4.999999 24.04092 -98.66526 5 23.70397 -97.72341 5 34.74308 -90.34734 1.423e-6 35.48428 -91.01908 -1.423e-6 35.61894 -89.33192 2.40949e-6 36.39218 -89.9665 -2.40949e-6 36.44398 -88.27478 2.72813e-6 37.24741 -88.87069 -2.72813e-6 26.60866 -97.60168 5 26.18094 -96.69743 5 27.85026 -96.97667 5 27.37872 -96.09449 5 29.05974 -96.29155 5 28.54551 -95.43355 5 30.77472 -93.94404 -1.35319e-7 31.37063 -94.74746 1.35319e-7 31.83186 -93.11899 1.50593e-6 32.46644 -93.89223 -1.50593e-6 32.84729 -92.24313 6.46013e-7 33.51902 -92.98432 -6.46013e-7 31.37063 -94.74746 5 30.77472 -93.94404 5 32.46644 -93.89223 5.000002 31.83186 -93.11899 4.999999 33.51902 -92.98432 5.000001 32.84729 -92.24313 5 26.18094 -96.69743 4.45235e-7 26.60866 -97.60168 -4.45235e-7 27.37872 -96.09449 -9.29745e-7 27.85026 -96.97667 9.29745e-7 28.54551 -95.43355 -8.59906e-7 29.05974 -96.29155 8.59906e-7 35.48427 -91.01908 5.000002 34.74308 -90.34734 4.999999 36.39218 -89.9665 5.000002 35.61893 -89.33192 4.999999 37.24741 -88.87068 5 36.44398 -88.27478 5 21.13827 -98.50172 4.43269e-6 21.38136 -99.47203 -4.43269e-6 22.43066 -98.14402 4.33009e-6 22.72103 -99.10124 -4.33009e-6 23.70397 -97.72341 1.31823e-6 24.04092 -98.66526 -1.31823e-6 38.79151 -86.55979 5.000001 37.9335 -86.04557 5 39.47661 -85.35032 5.000002 38.59443 -84.87878 4.999999 40.10163 -84.10873 5 39.19739 -83.68101 5.000001 15.81202 -99.36559 -3.01347e-6 15.91813 -100.36 3.01347e-6 17.1647 -99.21287 -2.22485e-6 17.28905 -100.2052 2.22485e-6 18.50474 -99.02825 -1.48031e-6 18.65949 -100.0164 1.48031e-6 33.8185 -91.31855 3.749999 34.52582 -92.02587 3.750001 33.8185 -91.31855 2.5 34.52582 -92.02587 2.5 33.8185 -91.31855 1.250001 34.52582 -92.02587 1.249999 29.67843 -94.7162 1.250001 30.23417 -95.54793 1.249999 29.67844 -94.7162 2.5 30.23417 -95.54793 2.5 29.67843 -94.7162 3.749999 30.23417 -95.54792 3.750001 24.95507 -97.24089 3.749998 25.33787 -98.16505 3.750002 24.95508 -97.2409 2.5 25.33787 -98.16506 2.500001 24.95508 -97.24089 1.250002 25.33787 -98.16506 1.249998 19.82944 -98.79569 1.250001 20.02558 -99.77655 1.249999 19.82945 -98.7957 2.499999 20.02558 -99.77656 2.500002 19.82944 -98.79568 3.749999 20.02557 -99.77655 3.750001 -42 -66.85718 3.81471e-7 -43 -66.85718 -3.81471e-7 -42.00001 -68.57147 3.81471e-7 -43.00001 -68.57147 -3.81471e-7 -42.00001 -70.28575 3.81469e-7 -43.00001 -70.28575 -3.81469e-7 -38.04788 -87.73423 1.25 -37.21616 -87.17849 1.250001 -38.04788 -87.73423 2.5 -37.21616 -87.17849 2.5 -38.04788 -87.73423 3.750001 -37.21616 -87.17849 3.75 -40.22339 -81.20404 5 -41.16523 -81.541 5.000001 -40.64399 -79.93073 5 -41.60122 -80.2211 5.000001 -41.00169 -78.63833 4.999999 -41.972 -78.88142 5.000002 -41.52822 -76.00479 5.000001 -42.51635 -76.15955 5 -41.71285 -74.66475 5.000002 -42.70516 -74.78911 4.999999 -41.86557 -73.31206 5.000001 -42.85993 -73.41819 5 -42.51635 -76.15955 8.60492e-7 -41.52822 -76.00479 -8.60492e-7 -42.70516 -74.78911 1.32477e-6 -41.71285 -74.66475 -1.32477e-6 -42.85993 -73.41819 0 -41.86557 -73.31206 0 10.15 99.50001 5.000003 10.15 100.5 4.999998 11.6 99.50002 5.000001 11.6 100.5 5 13.05 99.50002 5 13.05 100.5 5 -40.66501 -82.83795 3.750002 -39.74085 -82.45515 3.749999 -40.66501 -82.83795 2.5 -39.74085 -82.45515 2.500001 -40.66501 -82.83794 1.249999 -39.74085 -82.45514 1.250001 -42.27653 -77.52565 1.25 -41.29567 -77.32952 1.25 -42.27652 -77.52564 2.5 -41.29566 -77.3295 2.5 -42.27653 -77.52565 3.750001 -41.29567 -77.32951 3.750001 -41.16523 -81.541 0 -40.22339 -81.20404 0 -41.60122 -80.2211 -8.88276e-7 -40.64399 -79.93073 8.88276e-7 -41.972 -78.88142 -2.05812e-6 -41.00169 -78.63833 2.05812e-6 -10.15 -100.5 3.05176e-6 -10.15 -99.50001 -3.05176e-6 -11.6 -100.5 7.6294e-7 -11.6 -99.50002 -7.6294e-7 -13.05 -100.5 0 -13.05 -99.50002 0 -38.79151 -86.55979 -1.6849e-6 -37.9335 -86.04557 1.6849e-6 -39.47661 -85.35032 -1.38371e-6 -38.59443 -84.87878 1.38371e-6 -40.10163 -84.10873 0 -39.19739 -83.68101 0 -21.13827 -98.50171 4.999998 -21.38136 -99.47203 5.000003 -22.43066 -98.14402 4.999996 -22.72103 -99.10124 5.000005 -23.70397 -97.72341 4.999998 -24.04092 -98.66526 5.000003 -35.48427 -91.01908 -3.71027e-7 -34.74308 -90.34734 3.71027e-7 -36.39218 -89.9665 -1.94243e-6 -35.61894 -89.33192 1.94243e-6 -37.24741 -88.87069 -1.82458e-6 -36.44398 -88.27478 1.82458e-6 -26.18094 -96.69743 5 -26.60866 -97.60168 5 -27.37872 -96.09449 5.000001 -27.85026 -96.97667 5 -28.54551 -95.43355 5.000001 -29.05974 -96.29155 5 -31.37063 -94.74746 1.24404e-6 -30.77472 -93.94404 -1.24404e-6 -32.46644 -93.89223 -6.94034e-7 -31.83186 -93.11899 6.94034e-7 -33.51902 -92.98432 5.23813e-7 -32.84729 -92.24313 -5.23813e-7 -30.77472 -93.94404 5 -31.37063 -94.74746 5 -31.83186 -93.11899 4.999998 -32.46644 -93.89223 5.000003 -32.84729 -92.24313 4.999998 -33.51902 -92.98432 5.000003 -26.60866 -97.60168 3.31742e-7 -26.18094 -96.69743 -3.31742e-7 -27.85026 -96.97667 9.29745e-7 -27.37872 -96.09449 -9.29745e-7 -29.05974 -96.29155 1.60196e-6 -28.54551 -95.43355 -1.60196e-6 -34.74308 -90.34734 5 -35.48428 -91.01908 5.000001 -35.61894 -89.33192 4.999999 -36.39218 -89.9665 5.000002 -36.44398 -88.27478 4.999998 -37.24741 -88.87069 5.000003 -21.38136 -99.47203 -6.00188e-7 -21.13827 -98.50172 6.00188e-7 -22.72103 -99.10124 -6.85306e-7 -22.43066 -98.14402 6.85306e-7 -24.04092 -98.66526 7.81345e-7 -23.70397 -97.72341 -7.81345e-7 -37.9335 -86.04557 4.999999 -38.79151 -86.55979 5.000002 -38.59443 -84.87878 4.999999 -39.47661 -85.35032 5.000002 -39.19739 -83.68101 4.999999 -40.10163 -84.10873 5.000002 -15.91813 -100.36 2.25452e-6 -15.81202 -99.36559 -2.25452e-6 -17.28905 -100.2052 0 -17.1647 -99.21287 0 -18.65949 -100.0164 1.211e-7 -18.50474 -99.02825 -1.211e-7 -34.52582 -92.02587 3.750001 -33.8185 -91.31855 3.749999 -34.52582 -92.02587 2.499999 -33.8185 -91.31855 2.500001 -34.52582 -92.02586 1.249999 -33.8185 -91.31854 1.250001 -43.00001 -72.02511 1.25 -42.00001 -71.97497 1.25 -43.00001 -72.02511 2.5 -42.00001 -71.97497 2.5 -43.00001 -72.02511 3.750001 -42.00001 -71.97497 3.75 -30.23417 -95.54792 1.249999 -29.67843 -94.7162 1.250001 -30.23417 -95.54793 2.5 -29.67844 -94.7162 2.500001 -30.23417 -95.54793 3.750001 -29.67844 -94.7162 3.75 -25.33787 -98.16505 3.750002 -24.95507 -97.24089 3.749999 -25.33787 -98.16506 2.5 -24.95508 -97.2409 2.500001 -25.33787 -98.16505 1.249999 -24.95507 -97.24089 1.250002 -20.02558 -99.77655 1.249999 -19.82944 -98.79568 1.250001 -20.02558 -99.77655 2.5 -19.82944 -98.79569 2.500001 -20.02558 -99.77655 3.750001 -19.82944 -98.79568 3.75 43 66.85718 5.000001 42 66.85718 5 43.00001 68.57147 5.000001 42.00001 68.57147 5 43.00001 70.28575 5.000001 42.00001 70.28575 5 42.00001 -71.97497 3.75 43.00001 -72.02511 3.75 42.00001 -71.97496 2.5 43.00001 -72.02512 2.5 42.00001 -71.97496 1.25 43.00001 -72.02512 1.25 -14.52507 -100.5 3.75 -14.47493 -99.50002 3.750001 -14.52508 -100.5 2.5 -14.47493 -99.50002 2.5 -14.52508 -100.5 1.250001 -14.47493 -99.50002 1.249999 -15.81202 -99.36559 5.000003 -15.91813 -100.36 4.999998 -17.1647 -99.21287 5.000002 -17.28905 -100.2052 4.999999 -18.50474 -99.02825 5.000001 -18.65949 -100.0164 5 42.00001 -70.28575 0 43.00001 -70.28575 0 42.00001 -68.57147 -3.8147e-7 43.00001 -68.57147 3.8147e-7 42 -66.85717 0 43 -66.85717 0 42 -63.4286 3.8147e-7 43 -63.4286 -3.8147e-7 42 -61.71432 3.8147e-7 43 -61.71432 -3.8147e-7 42 -60.00003 -7.6294e-7 43 -60.00003 7.6294e-7 42 -56.57145 0 43 -56.57145 0 42 -54.85717 3.8147e-7 43 -54.85717 -3.8147e-7 42 -53.14288 -7.6294e-7 43 -53.14288 7.6294e-7 42 -49.7143 0 43 -49.7143 0 42 -48.00002 3.8147e-7 43 -48.00002 -3.8147e-7 42 -46.28573 -7.62939e-7 43 -46.28573 7.62939e-7 42 -42.85716 0 43 -42.85716 0 42 -41.14287 3.81468e-7 43 -41.14287 -3.81468e-7 42 -39.42858 -7.62941e-7 43 -39.42858 7.62941e-7 42 -36.00001 0 43 -36.00001 0 42 -34.28572 3.8147e-7 43 -34.28572 -3.8147e-7 42 -32.57144 -7.62941e-7 43 -32.57144 7.62941e-7 42 -29.14286 0 43 -29.14286 0 42 -27.42858 3.81469e-7 43 -27.42858 -3.81469e-7 42 -25.71429 -7.62939e-7 43 -25.71429 7.62939e-7 42 -22.28572 0 43 -22.28572 0 42 -20.57143 3.8147e-7 43 -20.57143 -3.8147e-7 42 -18.85715 -7.6294e-7 43 -18.85715 7.6294e-7 42 -15.42857 0 43 -15.42857 0 42 -13.71429 3.81469e-7 43 -13.71429 -3.81469e-7 42 -12 -7.6294e-7 43 -12 7.6294e-7 42 -8.571428 0 43 -8.571428 0 42 -6.857141 3.8147e-7 43 -6.857141 -3.8147e-7 42 -5.142855 -7.62939e-7 43 -5.142855 7.62939e-7 42 -1.714282 0 43 -1.714282 0 42 4.43061e-6 3.8147e-7 43 4.98692e-6 -3.8147e-7 42 1.714291 -7.62939e-7 43 1.714291 7.62939e-7 42 5.142864 0 43 5.142864 0 42 6.85715 3.8147e-7 43 6.857151 -3.8147e-7 42 8.571437 -7.62939e-7 43 8.571437 7.62939e-7 42 12.00001 0 43 12.00001 0 42 13.7143 3.8147e-7 43 13.7143 -3.8147e-7 42 15.42858 -7.62939e-7 43 15.42858 7.62939e-7 42 18.85716 0 43 18.85716 0 42 20.57144 3.8147e-7 43 20.57144 -3.8147e-7 42 22.28573 -7.62938e-7 43 22.28573 7.62938e-7 42 25.7143 0 43 25.7143 0 42 27.42859 3.8147e-7 43 27.42859 -3.8147e-7 42 29.14287 -7.62938e-7 43 29.14287 7.62938e-7 42 32.57144 0 43 32.57144 0 42 34.28573 3.81469e-7 43 34.28573 -3.81469e-7 42 36.00002 -7.62938e-7 43 36.00002 7.62938e-7 42 39.42859 0 43 39.42859 0 42 41.14288 3.8147e-7 43 41.14288 -3.8147e-7 42 42.85717 -7.62937e-7 43 42.85717 7.62937e-7 42 46.28574 0 43 46.28574 0 42 48.00003 3.81469e-7 43 48.00003 -3.81469e-7 42 49.71431 -7.62939e-7 43 49.71431 7.62939e-7 42 53.14288 0 43 53.14288 0 42 54.85717 3.81468e-7 43 54.85717 -3.81468e-7 42 56.57146 -7.62938e-7 43 56.57146 7.62938e-7 42 60.00003 0 43 60.00003 0 42 61.71432 3.8147e-7 43 61.71432 -3.8147e-7 42 63.4286 -3.81471e-7 43 63.4286 3.81471e-7 43.00001 -70.28575 5 42.00001 -70.28575 5 43.00001 -68.57147 5 42.00001 -68.57147 5.000001 43 -66.85717 5 42 -66.85717 5 43 -63.4286 5 42 -63.4286 5.000001 43 -61.71432 5 42 -61.71432 5 43 -60.00003 5 42 -60.00003 5.000001 43 -56.57145 5 42 -56.57145 5.000001 43 -54.85717 5 42 -54.85717 5 43 -53.14288 5 42 -53.14288 5.000001 43 -49.7143 5 42 -49.7143 5.000001 43 -48.00002 5 42 -48.00002 5 43 -46.28573 5 42 -46.28573 5.000001 43 -42.85716 5 42 -42.85716 5.000001 43 -41.14287 5 42 -41.14287 5 43 -39.42858 5 42 -39.42858 5.000001 43 -36.00001 5 42 -36.00001 5.000001 43 -34.28572 5 42 -34.28572 5 43 -32.57144 5 42 -32.57144 5.000001 43 -29.14286 5 42 -29.14286 5.000001 43 -27.42858 5 42 -27.42858 5 43 -25.71429 5 42 -25.71429 5.000001 43 -22.28572 5 42 -22.28572 5.000001 43 -20.57143 5 42 -20.57143 5 43 -18.85715 5 42 -18.85715 5.000001 43 -15.42857 5 42 -15.42857 5.000001 43 -13.71429 5 42 -13.71429 5 43 -12 5 42 -12 5.000001 43 -8.571428 5 42 -8.571428 5.000001 43 -6.857141 5 42 -6.857141 5 43 -5.142855 5 42 -5.142854 5.000001 43 -1.714281 5 42 -1.714282 5.000001 43 4.70877e-6 5 42 4.70877e-6 5 43 1.714291 5 42 1.714291 5.000001 43 5.142864 5 42 5.142863 5.000001 43 6.857151 5 42 6.857151 5 43 8.571437 5 42 8.571437 5.000001 43 12.00001 5 42 12.00001 5.000001 43 13.7143 5 42 13.7143 5 43 15.42858 5 42 15.42858 5.000001 43 18.85716 5 42 18.85716 5.000001 43 20.57144 5 42 20.57144 5 43 22.28573 5 42 22.28573 5.000001 43 25.7143 5 42 25.7143 5.000001 43 27.42859 5 42 27.42859 5 43 29.14287 5 42 29.14287 5.000001 43 32.57144 5 42 32.57144 5.000001 43 34.28573 5 42 34.28573 5 43 36.00002 5 42 36.00002 5.000001 43 39.42859 5 42 39.42859 5.000001 43 41.14288 5 42 41.14288 5 43 42.85717 5 42 42.85717 5.000001 43 46.28574 5 42 46.28574 5.000001 43 48.00003 5 42 48.00003 5 43 49.71431 5 42 49.71431 5.000001 43 53.14288 5 42 53.14288 5.000001 43 54.85717 5 42 54.85717 5 43 56.57146 5 42 56.57146 5.000001 43 60.00003 5 42 60.00003 5.000001 43 61.71432 5 42 61.71432 5 43 63.4286 5 42 63.4286 5.000001 42 -65.14289 3.75 43 -65.14289 3.750001 42.00001 -65.14289 2.5 43.00001 -65.14289 2.5 42 -65.14289 1.25 43 -65.14289 1.25 42 -58.28574 3.75 43 -58.28574 3.750001 42.00001 -58.28574 2.5 43.00001 -58.28574 2.5 42 -58.28573 1.250001 43 -58.28573 1.25 42 -51.4286 3.75 43 -51.4286 3.750001 42.00001 -51.42859 2.5 43.00001 -51.42859 2.5 42 -51.42859 1.250001 43 -51.42859 1.25 42 -44.57144 3.75 43 -44.57144 3.750001 42.00001 -44.57144 2.5 43.00001 -44.57144 2.5 42 -44.57144 1.250001 43 -44.57144 1.25 42 -37.7143 3.75 43 -37.7143 3.750001 42.00001 -37.7143 2.5 43.00001 -37.7143 2.5 42 -37.71429 1.250001 43 -37.71429 1.25 42 -30.85715 3.75 43 -30.85715 3.750001 42.00001 -30.85715 2.5 43.00001 -30.85715 2.5 42 -30.85715 1.250001 43 -30.85715 1.25 42 -24.00001 3.75 43 -24.00001 3.750001 42.00001 -24.00001 2.5 43.00001 -24.00001 2.5 42 -24 1.250001 43 -24 1.25 42 -17.14286 3.75 43 -17.14286 3.750001 42.00001 -17.14286 2.5 43.00001 -17.14286 2.5 42 -17.14286 1.250001 43 -17.14286 1.25 42 -10.28571 3.75 43 -10.28571 3.750001 42.00001 -10.28571 2.5 43.00001 -10.28571 2.5 42 -10.28571 1.250001 43 -10.28571 1.25 42 -3.428568 3.75 43 -3.428569 3.750001 42.00001 -3.428568 2.5 43.00001 -3.428569 2.5 42 -3.428568 1.250001 43 -3.428569 1.25 42 3.428578 3.75 43 3.428578 3.750001 42.00001 3.428578 2.5 43.00001 3.428577 2.5 42 3.428578 1.250001 43 3.428577 1.25 42 10.28572 3.75 43 10.28572 3.750001 42.00001 10.28572 2.5 43.00001 10.28572 2.5 42 10.28572 1.250001 43 10.28572 1.25 42 17.14287 3.75 43 17.14287 3.750001 42.00001 17.14287 2.5 43.00001 17.14287 2.5 42 17.14287 1.250001 43 17.14287 1.25 42 24.00002 3.75 43 24.00002 3.750001 42.00001 24.00002 2.5 43.00001 24.00002 2.5 42 24.00002 1.250001 43 24.00002 1.25 42 30.85717 3.75 43 30.85717 3.750001 42.00001 30.85716 2.5 43.00001 30.85716 2.5 42 30.85716 1.250001 43 30.85716 1.25 42 37.7143 3.75 43 37.7143 3.750001 42.00001 37.7143 2.5 43.00001 37.7143 2.5 42 37.7143 1.250001 43 37.7143 1.25 42 44.57146 3.75 43 44.57146 3.750001 42.00001 44.57146 2.5 43.00001 44.57146 2.5 42 44.57145 1.250001 43 44.57145 1.25 42 51.4286 3.75 43 51.4286 3.750001 42.00001 51.4286 2.5 43.00001 51.4286 2.5 42 51.4286 1.250001 43 51.4286 1.25 42 58.28574 3.75 43 58.28574 3.750001 42.00001 58.28575 2.5 43.00001 58.28575 2.5 42 58.28574 1.250001 43 58.28574 1.25 43 65.14289 3.750001 42 65.14289 3.750001 43.00001 65.14289 2.5 42.00001 65.14289 2.5 43 65.1429 1.25 42 65.1429 1.25 -43.00001 70.28575 5 -42.00001 70.28575 5 -43.00001 68.57147 5 -42.00001 68.57147 5.000001 -43 66.85717 5 -42 66.85717 5 -43 63.4286 5 -42 63.4286 5.000001 -43 61.71432 5 -42 61.71432 5 -43 60.00003 5 -42 60.00003 5.000001 -43 56.57145 5 -42 56.57145 5.000001 -43 54.85717 5 -42 54.85717 5 -43 53.14288 5 -42 53.14288 5.000001 -43 49.7143 5 -42 49.7143 5.000001 -43 48.00002 5 -42 48.00002 5 -43 46.28573 5 -42 46.28573 5.000001 -43 42.85716 5 -42 42.85716 5.000001 -43 41.14287 5 -42 41.14287 5 -43 39.42858 5 -42 39.42858 5.000001 -43 36.00001 5 -42 36.00001 5.000001 -43 34.28572 5 -42 34.28572 5 -43 32.57144 5 -42 32.57144 5.000001 -43 29.14286 5 -42 29.14286 5.000001 -43 27.42858 5 -42 27.42858 5 -43 25.71429 5 -42 25.71429 5.000001 -43 22.28572 5 -42 22.28572 5.000001 -43 20.57143 5 -42 20.57143 5 -43 18.85715 5 -42 18.85715 5.000001 -43 15.42857 5 -42 15.42857 5.000001 -43 13.71429 5 -42 13.71429 5 -43 12 5 -42 12 5.000001 -43 8.571428 5 -42 8.571428 5.000001 -43 6.857141 5 -42 6.857141 5 -43 5.142855 5 -42 5.142854 5.000001 -43 1.714281 5 -42 1.714282 5.000001 -43 -4.70877e-6 5 -42 -4.70877e-6 5 -43 -1.714291 5 -42 -1.714291 5.000001 -43 -5.142864 5 -42 -5.142863 5.000001 -43 -6.857151 5 -42 -6.857151 5 -43 -8.571437 5 -42 -8.571437 5.000001 -43 -12.00001 5 -42 -12.00001 5.000001 -43 -13.7143 5 -42 -13.7143 5 -43 -15.42858 5 -42 -15.42858 5.000001 -43 -18.85716 5 -42 -18.85716 5.000001 -43 -20.57144 5 -42 -20.57144 5 -43 -22.28573 5 -42 -22.28573 5.000001 -43 -25.7143 5 -42 -25.7143 5.000001 -43 -27.42859 5 -42 -27.42859 5 -43 -29.14287 5 -42 -29.14287 5.000001 -43 -32.57144 5 -42 -32.57144 5.000001 -43 -34.28573 5 -42 -34.28573 5 -43 -36.00002 5 -42 -36.00002 5.000001 -43 -39.42859 5 -42 -39.42859 5.000001 -43 -41.14288 5 -42 -41.14288 5 -43 -42.85717 5 -42 -42.85717 5.000001 -43 -46.28574 5 -42 -46.28574 5.000001 -43 -48.00003 5 -42 -48.00003 5 -43 -49.71431 5 -42 -49.71431 5.000001 -43 -53.14288 5 -42 -53.14288 5.000001 -43 -54.85717 5 -42 -54.85717 5 -43 -56.57146 5 -42 -56.57146 5.000001 -43 -60.00003 5 -42 -60.00003 5.000001 -43 -61.71432 5 -42 -61.71432 5 -43 -63.4286 5 -42 -63.4286 5.000001 -42.00001 70.28575 0 -43.00001 70.28575 0 -42.00001 68.57147 -3.8147e-7 -43.00001 68.57147 3.8147e-7 -42 66.85717 0 -43 66.85717 0 -42 63.4286 3.8147e-7 -43 63.4286 -3.8147e-7 -42 61.71432 3.8147e-7 -43 61.71432 -3.8147e-7 -42 60.00003 -7.6294e-7 -43 60.00003 7.6294e-7 -42 56.57145 0 -43 56.57145 0 -42 54.85717 3.8147e-7 -43 54.85717 -3.8147e-7 -42 53.14288 -7.6294e-7 -43 53.14288 7.6294e-7 -42 49.7143 0 -43 49.7143 0 -42 48.00002 3.8147e-7 -43 48.00002 -3.8147e-7 -42 46.28573 -7.62939e-7 -43 46.28573 7.62939e-7 -42 42.85716 0 -43 42.85716 0 -42 41.14287 3.81468e-7 -43 41.14287 -3.81468e-7 -42 39.42858 -7.62941e-7 -43 39.42858 7.62941e-7 -42 36.00001 0 -43 36.00001 0 -42 34.28572 3.8147e-7 -43 34.28572 -3.8147e-7 -42 32.57144 -7.62941e-7 -43 32.57144 7.62941e-7 -42 29.14286 0 -43 29.14286 0 -42 27.42858 3.81469e-7 -43 27.42858 -3.81469e-7 -42 25.71429 -7.62939e-7 -43 25.71429 7.62939e-7 -42 22.28572 0 -43 22.28572 0 -42 20.57143 3.8147e-7 -43 20.57143 -3.8147e-7 -42 18.85715 -7.6294e-7 -43 18.85715 7.6294e-7 -42 15.42857 0 -43 15.42857 0 -42 13.71429 3.81469e-7 -43 13.71429 -3.81469e-7 -42 12 -7.6294e-7 -43 12 7.6294e-7 -42 8.571428 0 -43 8.571428 0 -42 6.857141 3.8147e-7 -43 6.857141 -3.8147e-7 -42 5.142855 -7.62939e-7 -43 5.142855 7.62939e-7 -42 1.714282 0 -43 1.714282 0 -42 -4.43061e-6 3.8147e-7 -43 -4.98692e-6 -3.8147e-7 -42 -1.714291 -7.62939e-7 -43 -1.714291 7.62939e-7 -42 -5.142864 0 -43 -5.142864 0 -42 -6.85715 3.8147e-7 -43 -6.857151 -3.8147e-7 -42 -8.571437 -7.62939e-7 -43 -8.571437 7.62939e-7 -42 -12.00001 0 -43 -12.00001 0 -42 -13.7143 3.8147e-7 -43 -13.7143 -3.8147e-7 -42 -15.42858 -7.62939e-7 -43 -15.42858 7.62939e-7 -42 -18.85716 0 -43 -18.85716 0 -42 -20.57144 3.8147e-7 -43 -20.57144 -3.8147e-7 -42 -22.28573 -7.62938e-7 -43 -22.28573 7.62938e-7 -42 -25.7143 0 -43 -25.7143 0 -42 -27.42859 3.8147e-7 -43 -27.42859 -3.8147e-7 -42 -29.14287 -7.62938e-7 -43 -29.14287 7.62938e-7 -42 -32.57144 0 -43 -32.57144 0 -42 -34.28573 3.81469e-7 -43 -34.28573 -3.81469e-7 -42 -36.00002 -7.62938e-7 -43 -36.00002 7.62938e-7 -42 -39.42859 0 -43 -39.42859 0 -42 -41.14288 3.8147e-7 -43 -41.14288 -3.8147e-7 -42 -42.85717 -7.62937e-7 -43 -42.85717 7.62937e-7 -42 -46.28574 0 -43 -46.28574 0 -42 -48.00003 3.81469e-7 -43 -48.00003 -3.81469e-7 -42 -49.71431 -7.62939e-7 -43 -49.71431 7.62939e-7 -42 -53.14288 0 -43 -53.14288 0 -42 -54.85717 3.81468e-7 -43 -54.85717 -3.81468e-7 -42 -56.57146 -7.62938e-7 -43 -56.57146 7.62938e-7 -42 -60.00003 0 -43 -60.00003 0 -42 -61.71432 3.8147e-7 -43 -61.71432 -3.8147e-7 -42 -63.4286 -3.81471e-7 -43 -63.4286 3.81471e-7 -42 65.14289 3.75 -43 65.14289 3.750001 -42.00001 65.14289 2.5 -43.00001 65.14289 2.5 -42 65.14289 1.25 -43 65.14289 1.25 -42 58.28574 3.75 -43 58.28574 3.750001 -42.00001 58.28574 2.5 -43.00001 58.28574 2.5 -42 58.28573 1.250001 -43 58.28573 1.25 -42 51.4286 3.75 -43 51.4286 3.750001 -42.00001 51.42859 2.5 -43.00001 51.42859 2.5 -42 51.42859 1.250001 -43 51.42859 1.25 -42 44.57144 3.75 -43 44.57144 3.750001 -42.00001 44.57144 2.5 -43.00001 44.57144 2.5 -42 44.57144 1.250001 -43 44.57144 1.25 -42 37.7143 3.75 -43 37.7143 3.750001 -42.00001 37.7143 2.5 -43.00001 37.7143 2.5 -42 37.71429 1.250001 -43 37.71429 1.25 -42 30.85715 3.75 -43 30.85715 3.750001 -42.00001 30.85715 2.5 -43.00001 30.85715 2.5 -42 30.85715 1.250001 -43 30.85715 1.25 -42 24.00001 3.75 -43 24.00001 3.750001 -42.00001 24.00001 2.5 -43.00001 24.00001 2.5 -42 24 1.250001 -43 24 1.25 -42 17.14286 3.75 -43 17.14286 3.750001 -42.00001 17.14286 2.5 -43.00001 17.14286 2.5 -42 17.14286 1.250001 -43 17.14286 1.25 -42 10.28571 3.75 -43 10.28571 3.750001 -42.00001 10.28571 2.5 -43.00001 10.28571 2.5 -42 10.28571 1.250001 -43 10.28571 1.25 -42 3.428568 3.75 -43 3.428569 3.750001 -42.00001 3.428568 2.5 -43.00001 3.428569 2.5 -42 3.428568 1.250001 -43 3.428569 1.25 -42 -3.428578 3.75 -43 -3.428578 3.750001 -42.00001 -3.428578 2.5 -43.00001 -3.428577 2.5 -42 -3.428578 1.250001 -43 -3.428577 1.25 -42 -10.28572 3.75 -43 -10.28572 3.750001 -42.00001 -10.28572 2.5 -43.00001 -10.28572 2.5 -42 -10.28572 1.250001 -43 -10.28572 1.25 -42 -17.14287 3.75 -43 -17.14287 3.750001 -42.00001 -17.14287 2.5 -43.00001 -17.14287 2.5 -42 -17.14287 1.250001 -43 -17.14287 1.25 -42 -24.00002 3.75 -43 -24.00002 3.750001 -42.00001 -24.00002 2.5 -43.00001 -24.00002 2.5 -42 -24.00002 1.250001 -43 -24.00002 1.25 -42 -30.85717 3.75 -43 -30.85717 3.750001 -42.00001 -30.85716 2.5 -43.00001 -30.85716 2.5 -42 -30.85716 1.250001 -43 -30.85716 1.25 -42 -37.7143 3.75 -43 -37.7143 3.750001 -42.00001 -37.7143 2.5 -43.00001 -37.7143 2.5 -42 -37.7143 1.250001 -43 -37.7143 1.25 -42 -44.57146 3.75 -43 -44.57146 3.750001 -42.00001 -44.57146 2.5 -43.00001 -44.57146 2.5 -42 -44.57145 1.250001 -43 -44.57145 1.25 -42 -51.4286 3.75 -43 -51.4286 3.750001 -42.00001 -51.4286 2.5 -43.00001 -51.4286 2.5 -42 -51.4286 1.250001 -43 -51.4286 1.25 -42 -58.28574 3.75 -43 -58.28574 3.750001 -42.00001 -58.28575 2.5 -43.00001 -58.28575 2.5 -42 -58.28574 1.250001 -43 -58.28574 1.25 -43 -65.14289 3.750001 -42 -65.14289 3.750001 -43.00001 -65.14289 2.5 -42.00001 -65.14289 2.5 -43 -65.1429 1.25 -42 -65.1429 1.25 -13.05 100.5 1.52588e-6 -13.05 99.50002 -1.52588e-6 -11.6 100.5 3.8147e-6 -11.6 99.50002 -3.8147e-6 -10.15 100.5 4.57764e-6 -10.15 99.50001 -4.57764e-6 -7.250001 100.5 0 -7.249999 99.50001 0 -5.799999 100.5 -3.05176e-6 -5.800002 99.50001 3.05176e-6 -4.35 100.5 -7.6294e-7 -4.350001 99.5 7.6294e-7 -1.45 100.5 -7.62939e-7 -1.449999 99.50001 7.62939e-7 1.73264e-6 100.5 -3.05176e-6 -8.9818e-7 99.50001 3.05176e-6 1.450001 100.5 -7.6294e-7 1.45 99.5 7.6294e-7 4.35 100.5 -7.62939e-7 4.350001 99.50001 7.62939e-7 5.800003 100.5 -3.05176e-6 5.8 99.50001 3.05176e-6 7.250002 100.5 0 7.25 99.5 0 -13.05 99.50002 5.000001 -13.05 100.5 5 -11.6 99.50002 5.000003 -11.6 100.5 4.999998 -10.15 99.50001 5.000003 -10.15 100.5 4.999998 -7.25 99.50001 5.000002 -7.25 100.5 4.999999 -5.800001 99.50001 4.999999 -5.800001 100.5 5.000002 -4.350001 99.5 5 -4.35 100.5 5.000001 -1.449999 99.50001 5.000003 -1.45 100.5 4.999998 4.17233e-7 99.50001 4.999999 4.17232e-7 100.5 5.000002 1.45 99.5 5 1.450001 100.5 5.000001 4.350001 99.50001 5.000003 4.35 100.5 4.999998 5.800001 99.50001 4.999999 5.800001 100.5 5.000002 7.250001 99.5 4.999999 7.250001 100.5 5.000002 -8.699999 99.5 1.250001 -8.700001 100.5 1.249999 -8.7 99.50002 2.5 -8.7 100.5 2.5 -8.700001 99.50001 3.75 -8.700001 100.5 3.750001 -2.899998 99.50001 1.250001 -2.900001 100.5 1.249999 -2.899999 99.50002 2.5 -2.900001 100.5 2.500001 -2.9 99.5 3.749999 -2.9 100.5 3.750001 2.900002 99.50001 1.250001 2.9 100.5 1.249999 2.900002 99.50002 2.5 2.9 100.5 2.500001 2.900001 99.5 3.749999 2.900001 100.5 3.750001 8.7 100.5 1.249999 8.700002 99.5 1.250001 8.700002 100.5 2.499999 8.700002 99.50002 2.500001 8.700001 100.5 3.750001 8.700001 99.50001 3.75 13.05 -99.50002 5.000001 13.05 -100.5 5 11.6 -99.50002 5.000003 11.6 -100.5 4.999998 10.15 -99.50001 5.000003 10.15 -100.5 4.999998 7.25 -99.50001 5.000002 7.25 -100.5 4.999999 5.800001 -99.50001 4.999999 5.800001 -100.5 5.000002 4.350001 -99.5 5 4.35 -100.5 5.000001 1.449999 -99.50001 5.000003 1.45 -100.5 4.999998 -4.17233e-7 -99.50001 4.999999 -4.17232e-7 -100.5 5.000002 -1.45 -99.5 5 -1.450001 -100.5 5.000001 -4.350001 -99.50001 5.000003 -4.35 -100.5 4.999998 -5.800001 -99.50001 4.999999 -5.800001 -100.5 5.000002 -7.250001 -99.5 4.999999 -7.250001 -100.5 5.000002 13.05 -100.5 1.52588e-6 13.05 -99.50002 -1.52588e-6 11.6 -100.5 3.8147e-6 11.6 -99.50002 -3.8147e-6 10.15 -100.5 4.57764e-6 10.15 -99.50001 -4.57764e-6 7.250001 -100.5 0 7.249999 -99.50001 0 5.799999 -100.5 -3.05176e-6 5.800002 -99.50001 3.05176e-6 4.35 -100.5 -7.6294e-7 4.350001 -99.5 7.6294e-7 1.45 -100.5 -7.62939e-7 1.449999 -99.50001 7.62939e-7 -1.73264e-6 -100.5 -3.05176e-6 8.9818e-7 -99.50001 3.05176e-6 -1.450001 -100.5 -7.6294e-7 -1.45 -99.5 7.6294e-7 -4.35 -100.5 -7.62939e-7 -4.350001 -99.50001 7.62939e-7 -5.800003 -100.5 -3.05176e-6 -5.8 -99.50001 3.05176e-6 -7.250002 -100.5 0 -7.25 -99.5 0 8.699999 -99.5 1.250001 8.700001 -100.5 1.249999 8.7 -99.50002 2.5 8.7 -100.5 2.5 8.700001 -99.50001 3.75 8.700001 -100.5 3.750001 2.899998 -99.50001 1.250001 2.900001 -100.5 1.249999 2.899999 -99.50002 2.5 2.900001 -100.5 2.500001 2.9 -99.5 3.749999 2.9 -100.5 3.750001 -2.900002 -99.50001 1.250001 -2.9 -100.5 1.249999 -2.900002 -99.50002 2.5 -2.9 -100.5 2.500001 -2.900001 -99.5 3.749999 -2.900001 -100.5 3.750001 -8.7 -100.5 1.249999 -8.700002 -99.5 1.250001 -8.700002 -100.5 2.499999 -8.700002 -99.50002 2.500001 -8.700001 -100.5 3.750001 -8.700001 -99.50001 3.75 38.79151 86.55979 1.25 37.9335 86.04557 1.250001 38.79151 86.55979 2.5 37.9335 86.04557 2.5 38.79151 86.55979 3.75 37.9335 86.04557 3.75 38.59443 84.87879 1.250001 39.47661 85.35033 1.25 39.47661 85.35032 2.5 38.59443 84.87878 2.5 39.47661 85.35032 3.750001 38.59443 84.87878 3.75 39.19739 83.68101 1.250001 40.10163 84.10873 1.249999 40.10164 84.10873 2.5 39.1974 83.68101 2.500001 40.10164 84.10874 3.750001 39.19739 83.68102 3.749999 31.37063 94.74745 1.249999 30.77473 93.94403 1.250001 31.37064 94.74747 2.5 30.77473 93.94405 2.500001 31.37063 94.74745 3.750001 30.77472 93.94403 3.749999 31.83186 93.119 1.250001 32.46644 93.89224 1.249999 32.46644 93.89223 2.499999 31.83186 93.11899 2.500001 32.46644 93.89225 3.750001 31.83186 93.11901 3.75 32.84729 92.24313 1.250001 33.51902 92.98432 1.249999 33.51902 92.98433 2.499999 32.84729 92.24314 2.500002 33.51902 92.98433 3.750001 32.84729 92.24314 3.749999 21.38136 99.47203 1.249999 21.13826 98.50173 1.250001 21.38136 99.47204 2.499999 21.13827 98.50172 2.500001 21.38136 99.47205 3.750001 21.13827 98.50173 3.749999 22.43066 98.14402 1.250002 22.72103 99.10124 1.249998 22.72103 99.10125 2.499998 22.43066 98.14402 2.500002 22.72103 99.10125 3.750002 22.43066 98.14402 3.749998 23.70397 97.72341 1.250002 24.04092 98.66526 1.249998 24.04093 98.66528 2.499998 23.70397 97.72343 2.500002 24.04092 98.66528 3.750002 23.70397 97.72343 3.749998 42.00001 66.85718 1.25 43.00001 66.85718 1.25 42 66.85718 2.5 43 66.85718 2.5 42.00001 66.85718 3.75 43.00001 66.85718 3.75 43.00001 68.57146 1.25 42.00001 68.57146 1.25 42.00001 68.57147 2.5 43.00001 68.57147 2.5 42.00001 68.57147 3.75 43.00001 68.57147 3.75 43.00001 70.28575 1.25 42.00001 70.28575 1.25 42.00001 70.28575 2.5 43.00001 70.28575 2.5 42.00001 70.28575 3.75 43.00001 70.28575 3.75 15.91813 100.3599 1.250002 15.81202 99.36557 1.249998 15.91813 100.3599 2.500001 15.81202 99.36557 2.5 15.91813 100.3599 3.749999 15.81202 99.36557 3.750002 17.1647 99.21288 1.25 17.28905 100.2052 1.25 17.28905 100.2052 2.500001 17.1647 99.21287 2.499999 17.28905 100.2052 3.75 17.1647 99.21287 3.750001 18.50473 99.02825 1.250001 18.65948 100.0164 1.249999 18.65949 100.0164 2.5 18.50474 99.02825 2.5 18.65949 100.0164 3.750001 18.50473 99.02825 3.749999 26.60866 97.60169 1.25 26.18094 96.69744 1.25 26.60866 97.60168 2.5 26.18094 96.69743 2.5 26.60866 97.60169 3.75 26.18094 96.69744 3.75 27.37872 96.09448 1.249999 27.85025 96.97666 1.250001 27.85025 96.97666 2.5 27.37872 96.09447 2.5 27.85026 96.97666 3.749999 27.37872 96.09448 3.750001 28.54551 95.43355 1.25 29.05974 96.29155 1.25 29.05973 96.29156 2.5 28.54551 95.43356 2.500001 29.05974 96.29155 3.75 28.54551 95.43355 3.75 42.51635 76.15955 1.25 41.52822 76.00479 1.249999 42.51635 76.15956 2.5 41.52822 76.0048 2.5 42.51635 76.15955 3.75 41.52822 76.00479 3.75 41.71284 74.66474 1.25 42.70516 74.7891 1.25 42.70516 74.7891 2.5 41.71285 74.66474 2.5 42.70516 74.7891 3.75 41.71284 74.66474 3.75 41.86557 73.31206 1.25 42.85993 73.41819 1.25 42.85993 73.41819 2.5 41.86557 73.31206 2.5 42.85993 73.41819 3.75 41.86557 73.31206 3.75 35.48428 91.01908 1.249999 34.74309 90.34734 1.250001 35.48428 91.01909 2.5 34.74308 90.34735 2.5 35.48428 91.01908 3.750001 34.74308 90.34734 3.749999 35.61894 89.33192 1.250001 36.39218 89.9665 1.25 36.39217 89.9665 2.5 35.61893 89.33192 2.5 36.39218 89.9665 3.750001 35.61894 89.33192 3.75 36.44399 88.27478 1.250001 37.24742 88.8707 1.25 37.24742 88.8707 2.5 36.44399 88.27478 2.5 37.24742 88.8707 3.750001 36.44399 88.27478 3.749999 41.16523 81.541 1.249999 40.22339 81.20404 1.250001 41.16524 81.54101 2.5 40.2234 81.20405 2.5 41.16523 81.541 3.750001 40.22339 81.20404 3.749999 40.64399 79.93074 1.25 41.60122 80.22111 1.25 41.60121 80.2211 2.5 40.64398 79.93073 2.5 41.60122 80.2211 3.75 40.64399 79.93073 3.75 41.0017 78.63834 1.250001 41.97201 78.88143 1.25 41.97201 78.88143 2.500001 41.0017 78.63834 2.5 41.97201 78.88143 3.75 41.00169 78.63834 3.75 -38.79151 86.55979 1.25 -37.9335 86.04557 1.250001 -39.47661 85.35033 1.25 -38.59443 84.87879 1.250001 -40.10164 84.10873 1.249999 -39.19739 83.68101 1.250001 -37.9335 86.04557 2.5 -38.79151 86.55979 2.5 -39.47661 85.35032 2.5 -38.59443 84.87878 2.5 -40.10164 84.10873 2.500001 -39.1974 83.68101 2.5 -37.9335 86.04557 3.75 -38.79151 86.55979 3.75 -39.47661 85.35033 3.750001 -38.59443 84.87879 3.75 -40.10163 84.10873 3.750001 -39.19739 83.68101 3.749999 -31.37063 94.74745 1.25 -30.77472 93.94403 1.250001 -32.46644 93.89225 1.25 -31.83186 93.11901 1.250001 -33.51902 92.98432 1.25 -32.84729 92.24313 1.250001 -30.77473 93.94405 2.5 -31.37064 94.74747 2.5 -32.46643 93.89223 2.5 -31.83185 93.11899 2.5 -33.51902 92.98433 2.5 -32.84729 92.24314 2.5 -30.77473 93.94404 3.749999 -31.37064 94.74746 3.750001 -32.46644 93.89224 3.750001 -31.83186 93.119 3.75 -33.51902 92.98433 3.750001 -32.84729 92.24314 3.749999 -21.38136 99.47204 1.249999 -21.13827 98.50173 1.250001 -22.72103 99.10126 1.249999 -22.43066 98.14403 1.250001 -24.04092 98.66526 1.249998 -23.70397 97.72341 1.250002 -21.13827 98.50173 2.499999 -21.38136 99.47203 2.500002 -22.72103 99.10124 2.500001 -22.43066 98.14402 2.499999 -24.04092 98.66528 2.500001 -23.70397 97.72343 2.5 -21.13826 98.50173 3.749999 -21.38136 99.47203 3.750001 -22.72103 99.10125 3.750001 -22.43066 98.14402 3.749999 -24.04092 98.66526 3.750002 -23.70397 97.72341 3.749998 -15.91813 100.3599 1.250002 -15.81202 99.36557 1.249998 -17.28905 100.2052 1.250001 -17.1647 99.21287 1.249999 -18.65949 100.0164 1.25 -18.50474 99.02824 1.25 -15.81202 99.36557 2.500001 -15.91813 100.3599 2.5 -17.28905 100.2052 2.5 -17.1647 99.21287 2.5 -18.65949 100.0164 2.500001 -18.50473 99.02825 2.5 -15.81202 99.36557 3.750001 -15.91813 100.3599 3.749999 -17.28905 100.2052 3.75 -17.1647 99.21288 3.750001 -18.65949 100.0164 3.750001 -18.50473 99.02823 3.75 -26.60866 97.60169 1.25 -26.18094 96.69744 1.250001 -27.85025 96.97666 1.250001 -27.37872 96.09448 1.249999 -29.05973 96.29155 1.25 -28.54551 95.43355 1.25 -26.18094 96.69744 2.5 -26.60866 97.60169 2.5 -27.85025 96.97666 2.5 -27.37872 96.09447 2.500001 -29.05974 96.29156 2.5 -28.54551 95.43356 2.500001 -26.18094 96.69744 3.75 -26.60866 97.60169 3.75 -27.85026 96.97666 3.75 -27.37872 96.09448 3.750001 -29.05974 96.29156 3.75 -28.54551 95.43356 3.75 -42.51635 76.15954 1.25 -41.52822 76.00479 1.25 -42.70516 74.7891 1.25 -41.71285 74.66474 1.25 -42.85993 73.41819 1.25 -41.86556 73.31207 1.25 -41.52822 76.0048 2.5 -42.51635 76.15956 2.500001 -42.70516 74.78911 2.5 -41.71284 74.66475 2.5 -42.85993 73.41819 2.5 -41.86556 73.31207 2.500001 -41.52822 76.00479 3.75 -42.51634 76.15955 3.75 -42.70516 74.78911 3.75 -41.71285 74.66475 3.75 -42.85993 73.41819 3.75 -41.86557 73.31207 3.75 -35.48429 91.01908 1.25 -34.74308 90.34734 1.25 -36.39218 89.9665 1.25 -35.61894 89.33192 1.25 -37.24742 88.87071 1.25 -36.44399 88.27479 1.250001 -34.74308 90.34735 2.5 -35.48428 91.01908 2.5 -36.39218 89.96649 2.500001 -35.61894 89.33191 2.5 -37.24741 88.87071 2.500001 -36.44398 88.27479 2.499999 -34.74308 90.34735 3.75 -35.48428 91.01908 3.75 -36.39218 89.9665 3.75 -35.61894 89.33192 3.75 -37.24742 88.87068 3.750001 -36.44399 88.27478 3.749999 10.15 99.5 1.250001 10.15 100.5 1.249999 11.6 99.50002 1.25 11.6 100.5 1.25 13.05 99.50002 1.25 13.05 100.5 1.25 10.15 100.5 2.5 10.15 99.50002 2.500001 11.6 99.50002 2.5 11.6 100.5 2.5 13.05 99.50002 2.5 13.05 100.5 2.5 10.15 100.5 3.750001 10.15 99.5 3.75 11.6 99.50002 3.75 11.6 100.5 3.75 13.05 99.50002 3.75 13.05 100.5 3.75 -41.16523 81.541 1.249999 -40.22339 81.20404 1.250001 -41.60122 80.22111 1.249999 -40.64399 79.93074 1.250001 -41.97201 78.88143 1.25 -41.0017 78.63834 1.250001 -40.2234 81.20405 2.5 -41.16524 81.54101 2.500001 -41.60122 80.2211 2.500001 -40.64399 79.93073 2.5 -41.97201 78.88143 2.500001 -41.0017 78.63834 2.499999 -40.22339 81.20404 3.749999 -41.16523 81.541 3.750001 -41.60122 80.2211 3.750001 -40.64399 79.93073 3.75 -41.97201 78.88142 3.750001 -41.00169 78.63833 3.749999 38.79151 -86.55979 1.25 37.9335 -86.04557 1.250001 39.47661 -85.35033 1.25 38.59443 -84.87879 1.250001 40.10164 -84.10873 1.249999 39.19739 -83.68101 1.250001 37.9335 -86.04557 2.5 38.79151 -86.55979 2.5 39.47661 -85.35032 2.5 38.59443 -84.87878 2.5 40.10164 -84.10873 2.500001 39.1974 -83.68101 2.5 37.9335 -86.04557 3.75 38.79151 -86.55979 3.75 39.47661 -85.35033 3.750001 38.59443 -84.87879 3.75 40.10163 -84.10873 3.750001 39.19739 -83.68101 3.749999 31.37063 -94.74745 1.25 30.77472 -93.94403 1.250001 32.46644 -93.89225 1.25 31.83186 -93.11901 1.250001 33.51902 -92.98432 1.25 32.84729 -92.24313 1.250001 30.77473 -93.94405 2.5 31.37064 -94.74747 2.5 32.46643 -93.89223 2.5 31.83185 -93.11899 2.5 33.51902 -92.98433 2.5 32.84729 -92.24314 2.5 30.77473 -93.94404 3.749999 31.37064 -94.74746 3.750001 32.46644 -93.89224 3.750001 31.83186 -93.119 3.75 33.51902 -92.98433 3.750001 32.84729 -92.24314 3.749999 21.38136 -99.47204 1.249999 21.13827 -98.50173 1.250001 22.72103 -99.10126 1.249999 22.43066 -98.14403 1.250001 24.04092 -98.66526 1.249998 23.70397 -97.72341 1.250002 21.13827 -98.50173 2.499999 21.38136 -99.47203 2.500002 22.72103 -99.10124 2.500001 22.43066 -98.14402 2.499999 24.04092 -98.66528 2.500001 23.70397 -97.72343 2.5 21.13826 -98.50173 3.749999 21.38136 -99.47203 3.750001 22.72103 -99.10125 3.750001 22.43066 -98.14402 3.749999 24.04092 -98.66526 3.750002 23.70397 -97.72341 3.749998 15.91813 -100.3599 1.250002 15.81202 -99.36557 1.249998 17.28905 -100.2052 1.250001 17.1647 -99.21287 1.249999 18.65949 -100.0164 1.25 18.50474 -99.02824 1.25 15.81202 -99.36557 2.500001 15.91813 -100.3599 2.5 17.28905 -100.2052 2.5 17.1647 -99.21287 2.5 18.65949 -100.0164 2.500001 18.50473 -99.02825 2.5 15.81202 -99.36557 3.750001 15.91813 -100.3599 3.749999 17.28905 -100.2052 3.75 17.1647 -99.21288 3.750001 18.65949 -100.0164 3.750001 18.50473 -99.02823 3.75 26.60866 -97.60169 1.25 26.18094 -96.69744 1.250001 27.85025 -96.97666 1.250001 27.37872 -96.09448 1.249999 29.05973 -96.29155 1.25 28.54551 -95.43355 1.25 26.18094 -96.69744 2.5 26.60866 -97.60169 2.5 27.85025 -96.97666 2.5 27.37872 -96.09447 2.500001 29.05974 -96.29156 2.5 28.54551 -95.43356 2.500001 26.18094 -96.69744 3.75 26.60866 -97.60169 3.75 27.85026 -96.97666 3.75 27.37872 -96.09448 3.750001 29.05974 -96.29156 3.75 28.54551 -95.43356 3.75 42.51635 -76.15954 1.25 41.52822 -76.00479 1.25 42.70516 -74.7891 1.25 41.71285 -74.66474 1.25 42.85993 -73.41819 1.25 41.86556 -73.31207 1.25 41.52822 -76.0048 2.5 42.51635 -76.15956 2.500001 42.70516 -74.78911 2.5 41.71284 -74.66475 2.5 42.85993 -73.41819 2.5 41.86556 -73.31207 2.500001 41.52822 -76.00479 3.75 42.51634 -76.15955 3.75 42.70516 -74.78911 3.75 41.71285 -74.66475 3.75 42.85993 -73.41819 3.75 41.86557 -73.31207 3.75 35.48429 -91.01908 1.25 34.74308 -90.34734 1.25 36.39218 -89.9665 1.25 35.61894 -89.33192 1.25 37.24742 -88.87071 1.25 36.44399 -88.27479 1.250001 34.74308 -90.34735 2.5 35.48428 -91.01908 2.5 36.39218 -89.96649 2.500001 35.61894 -89.33191 2.5 37.24741 -88.87071 2.500001 36.44398 -88.27479 2.499999 34.74308 -90.34735 3.75 35.48428 -91.01908 3.75 36.39218 -89.9665 3.75 35.61894 -89.33192 3.75 37.24742 -88.87068 3.750001 36.44399 -88.27478 3.749999 -10.15 -99.5 1.250001 -10.15 -100.5 1.249999 -11.6 -99.50002 1.25 -11.6 -100.5 1.25 -13.05 -99.50002 1.25 -13.05 -100.5 1.25 -10.15 -100.5 2.5 -10.15 -99.50002 2.500001 -11.6 -99.50002 2.5 -11.6 -100.5 2.5 -13.05 -99.50002 2.5 -13.05 -100.5 2.5 -10.15 -100.5 3.750001 -10.15 -99.5 3.75 -11.6 -99.50002 3.75 -11.6 -100.5 3.75 -13.05 -99.50002 3.75 -13.05 -100.5 3.75 41.16523 -81.541 1.249999 40.22339 -81.20404 1.250001 41.60122 -80.22111 1.249999 40.64399 -79.93074 1.250001 41.97201 -78.88143 1.25 41.0017 -78.63834 1.250001 40.2234 -81.20405 2.5 41.16524 -81.54101 2.500001 41.60122 -80.2211 2.500001 40.64399 -79.93073 2.5 41.97201 -78.88143 2.500001 41.0017 -78.63834 2.499999 40.22339 -81.20404 3.749999 41.16523 -81.541 3.750001 41.60122 -80.2211 3.750001 40.64399 -79.93073 3.75 41.97201 -78.88142 3.750001 41.00169 -78.63833 3.749999 -38.79151 -86.55979 1.25 -37.9335 -86.04557 1.250001 -38.79151 -86.55979 2.5 -37.9335 -86.04557 2.5 -38.79151 -86.55979 3.75 -37.9335 -86.04557 3.75 -38.59443 -84.87879 1.250001 -39.47661 -85.35033 1.25 -39.47661 -85.35032 2.5 -38.59443 -84.87878 2.5 -39.47661 -85.35032 3.750001 -38.59443 -84.87878 3.75 -39.19739 -83.68101 1.250001 -40.10163 -84.10873 1.249999 -40.10164 -84.10873 2.5 -39.1974 -83.68101 2.500001 -40.10164 -84.10874 3.750001 -39.19739 -83.68102 3.749999 -31.37063 -94.74745 1.249999 -30.77473 -93.94403 1.250001 -31.37064 -94.74747 2.5 -30.77473 -93.94405 2.500001 -31.37063 -94.74745 3.750001 -30.77472 -93.94403 3.749999 -31.83186 -93.119 1.250001 -32.46644 -93.89224 1.249999 -32.46644 -93.89223 2.499999 -31.83186 -93.11899 2.500001 -32.46644 -93.89225 3.750001 -31.83186 -93.11901 3.75 -32.84729 -92.24313 1.250001 -33.51902 -92.98432 1.249999 -33.51902 -92.98433 2.499999 -32.84729 -92.24314 2.500002 -33.51902 -92.98433 3.750001 -32.84729 -92.24314 3.749999 -21.38136 -99.47203 1.249999 -21.13826 -98.50173 1.250001 -21.38136 -99.47204 2.499999 -21.13827 -98.50172 2.500001 -21.38136 -99.47205 3.750001 -21.13827 -98.50173 3.749999 -22.43066 -98.14402 1.250002 -22.72103 -99.10124 1.249998 -22.72103 -99.10125 2.499998 -22.43066 -98.14402 2.500002 -22.72103 -99.10125 3.750002 -22.43066 -98.14402 3.749998 -23.70397 -97.72341 1.250002 -24.04092 -98.66526 1.249998 -24.04093 -98.66528 2.499998 -23.70397 -97.72343 2.500002 -24.04092 -98.66528 3.750002 -23.70397 -97.72343 3.749998 -42.00001 -66.85718 1.25 -43.00001 -66.85718 1.25 -42 -66.85718 2.5 -43 -66.85718 2.5 -42.00001 -66.85718 3.75 -43.00001 -66.85718 3.75 -43.00001 -68.57146 1.25 -42.00001 -68.57146 1.25 -42.00001 -68.57147 2.5 -43.00001 -68.57147 2.5 -42.00001 -68.57147 3.75 -43.00001 -68.57147 3.75 -43.00001 -70.28575 1.25 -42.00001 -70.28575 1.25 -42.00001 -70.28575 2.5 -43.00001 -70.28575 2.5 -42.00001 -70.28575 3.75 -43.00001 -70.28575 3.75 -15.91813 -100.3599 1.250002 -15.81202 -99.36557 1.249998 -15.91813 -100.3599 2.500001 -15.81202 -99.36557 2.5 -15.91813 -100.3599 3.749999 -15.81202 -99.36557 3.750002 -17.1647 -99.21288 1.25 -17.28905 -100.2052 1.25 -17.28905 -100.2052 2.500001 -17.1647 -99.21287 2.499999 -17.28905 -100.2052 3.75 -17.1647 -99.21287 3.750001 -18.50473 -99.02825 1.250001 -18.65948 -100.0164 1.249999 -18.65949 -100.0164 2.5 -18.50474 -99.02825 2.5 -18.65949 -100.0164 3.750001 -18.50473 -99.02825 3.749999 -26.60866 -97.60169 1.25 -26.18094 -96.69744 1.25 -26.60866 -97.60168 2.5 -26.18094 -96.69743 2.5 -26.60866 -97.60169 3.75 -26.18094 -96.69744 3.75 -27.37872 -96.09448 1.249999 -27.85025 -96.97666 1.250001 -27.85025 -96.97666 2.5 -27.37872 -96.09447 2.5 -27.85026 -96.97666 3.749999 -27.37872 -96.09448 3.750001 -28.54551 -95.43355 1.25 -29.05974 -96.29155 1.25 -29.05973 -96.29156 2.5 -28.54551 -95.43356 2.500001 -29.05974 -96.29155 3.75 -28.54551 -95.43355 3.75 -42.51635 -76.15955 1.25 -41.52822 -76.00479 1.249999 -42.51635 -76.15956 2.5 -41.52822 -76.0048 2.5 -42.51635 -76.15955 3.75 -41.52822 -76.00479 3.75 -41.71284 -74.66474 1.25 -42.70516 -74.7891 1.25 -42.70516 -74.7891 2.5 -41.71285 -74.66474 2.5 -42.70516 -74.7891 3.75 -41.71284 -74.66474 3.75 -41.86557 -73.31206 1.25 -42.85993 -73.41819 1.25 -42.85993 -73.41819 2.5 -41.86557 -73.31206 2.5 -42.85993 -73.41819 3.75 -41.86557 -73.31206 3.75 -35.48428 -91.01908 1.249999 -34.74309 -90.34734 1.250001 -35.48428 -91.01909 2.5 -34.74308 -90.34735 2.5 -35.48428 -91.01908 3.750001 -34.74308 -90.34734 3.749999 -35.61894 -89.33192 1.250001 -36.39218 -89.9665 1.25 -36.39217 -89.9665 2.5 -35.61893 -89.33192 2.5 -36.39218 -89.9665 3.750001 -35.61894 -89.33192 3.75 -36.44399 -88.27478 1.250001 -37.24742 -88.8707 1.25 -37.24742 -88.8707 2.5 -36.44399 -88.27478 2.5 -37.24742 -88.8707 3.750001 -36.44399 -88.27478 3.749999 -41.16523 -81.541 1.249999 -40.22339 -81.20404 1.250001 -41.16524 -81.54101 2.5 -40.2234 -81.20405 2.5 -41.16523 -81.541 3.750001 -40.22339 -81.20404 3.749999 -40.64399 -79.93074 1.25 -41.60122 -80.22111 1.25 -41.60121 -80.2211 2.5 -40.64398 -79.93073 2.5 -41.60122 -80.2211 3.75 -40.64399 -79.93073 3.75 -41.0017 -78.63834 1.250001 -41.97201 -78.88143 1.25 -41.97201 -78.88143 2.500001 -41.0017 -78.63834 2.5 -41.97201 -78.88143 3.75 -41.00169 -78.63834 3.75 42.00001 -70.28575 1.25 43.00001 -70.28575 1.25 42.00001 -70.28575 2.5 43.00001 -70.28575 2.5 42.00001 -70.28575 3.75 43.00001 -70.28575 3.75 43 -68.57147 1.25 42 -68.57147 1.25 42.00001 -68.57147 2.5 43.00001 -68.57147 2.5 42 -68.57147 3.750001 43 -68.57147 3.75 43.00001 -66.85718 1.25 42.00001 -66.85718 1.25 42 -66.85718 2.5 43 -66.85718 2.5 42.00001 -66.85718 3.75 43.00001 -66.85718 3.75 42 -63.4286 1.250001 43 -63.4286 1.25 42.00001 -63.4286 2.5 43.00001 -63.4286 2.500001 42 -63.4286 3.75 43 -63.4286 3.75 43 -61.71431 1.25 42 -61.71431 1.25 42 -61.71431 2.5 43 -61.71431 2.5 42 -61.71432 3.75 43 -61.71432 3.75 43 -60.00003 1.25 42 -60.00003 1.25 42 -60.00003 2.5 43 -60.00003 2.5 42 -60.00003 3.75 43 -60.00003 3.75 42 -56.57146 1.250001 43 -56.57146 1.25 42.00001 -56.57146 2.5 43.00001 -56.57146 2.5 42 -56.57146 3.75 43 -56.57146 3.75 43 -54.85717 1.25 42 -54.85717 1.25 42 -54.85717 2.5 43 -54.85717 2.5 42 -54.85717 3.75 43 -54.85717 3.75 43 -53.14288 1.25 42 -53.14288 1.25 42 -53.14288 2.5 43 -53.14288 2.5 42 -53.14288 3.75 43 -53.14288 3.75 42 -49.7143 1.250001 43 -49.7143 1.25 42.00001 -49.7143 2.5 43.00001 -49.7143 2.5 42 -49.7143 3.75 43 -49.7143 3.75 43 -48.00002 1.25 42 -48.00002 1.25 42 -48.00001 2.5 43 -48.00001 2.5 42 -48.00002 3.75 43 -48.00002 3.75 43 -46.28573 1.25 42 -46.28573 1.25 42 -46.28573 2.5 43 -46.28573 2.5 42 -46.28573 3.75 43 -46.28573 3.75 42 -42.85715 1.250001 43 -42.85715 1.25 42.00001 -42.85716 2.5 43.00001 -42.85716 2.5 42 -42.85715 3.75 43 -42.85715 3.75 43 -41.14287 1.25 42 -41.14287 1.25 42 -41.14287 2.5 43 -41.14287 2.5 42 -41.14287 3.75 43 -41.14287 3.75 43 -39.42858 1.25 42 -39.42858 1.25 42 -39.42859 2.5 43 -39.42859 2.5 42 -39.42858 3.75 43 -39.42858 3.75 42 -36.00001 1.250001 43 -36.00001 1.25 42.00001 -36.00001 2.5 43.00001 -36.00001 2.5 42 -36.00001 3.75 43 -36.00001 3.75 43 -34.28572 1.25 42 -34.28572 1.25 42 -34.28572 2.5 43 -34.28572 2.5 42 -34.28572 3.75 43 -34.28572 3.75 43 -32.57144 1.25 42 -32.57144 1.25 42 -32.57144 2.5 43 -32.57144 2.5 42 -32.57144 3.75 43 -32.57144 3.75 42 -29.14286 1.250001 43 -29.14286 1.25 42.00001 -29.14286 2.5 43.00001 -29.14286 2.5 42 -29.14286 3.75 43 -29.14286 3.75 43 -27.42858 1.25 42 -27.42858 1.25 42 -27.42858 2.5 43 -27.42858 2.5 42 -27.42858 3.75 43 -27.42858 3.75 43 -25.71429 1.25 42 -25.71429 1.25 42 -25.71429 2.5 43 -25.71429 2.5 42 -25.71429 3.75 43 -25.71429 3.75 42 -22.28572 1.250001 43 -22.28572 1.25 42.00001 -22.28572 2.5 43.00001 -22.28572 2.5 42 -22.28572 3.75 43 -22.28572 3.75 43 -20.57143 1.25 42 -20.57143 1.25 42 -20.57143 2.5 43 -20.57143 2.5 42 -20.57143 3.75 43 -20.57143 3.75 43 -18.85715 1.25 42 -18.85715 1.25 42 -18.85715 2.5 43 -18.85715 2.5 42 -18.85715 3.75 43 -18.85715 3.75 42 -15.42857 1.250001 43 -15.42857 1.25 42.00001 -15.42857 2.5 43.00001 -15.42857 2.5 42 -15.42857 3.75 43 -15.42857 3.75 43 -13.71429 1.25 42 -13.71429 1.25 42 -13.71429 2.5 43 -13.71429 2.5 42 -13.71429 3.75 43 -13.71429 3.75 43 -12 1.25 42 -12 1.25 42 -12 2.5 43 -12 2.5 42 -12 3.75 43 -12 3.75 42 -8.571428 1.250001 43 -8.571428 1.25 42.00001 -8.571429 2.5 43.00001 -8.571429 2.5 42 -8.571427 3.75 43 -8.571427 3.75 43 -6.857141 1.25 42 -6.857141 1.25 42 -6.857142 2.5 43 -6.857141 2.5 42 -6.857141 3.75 43 -6.857141 3.75 43 -5.142855 1.25 42 -5.142855 1.25 42 -5.142854 2.5 43 -5.142855 2.5 42 -5.142854 3.75 43 -5.142855 3.75 42 -1.714282 1.250001 43 -1.714281 1.25 42.00001 -1.714282 2.5 43.00001 -1.714282 2.5 42 -1.714282 3.75 43 -1.714281 3.75 43 5.0813e-6 1.25 42 4.24683e-6 1.25 42 4.23193e-6 2.5 43 5.06639e-6 2.5 42 4.56969e-6 3.75 43 4.84784e-6 3.75 43 1.714291 1.25 42 1.714291 1.25 42 1.714292 2.5 43 1.714291 2.5 42 1.714291 3.75 43 1.71429 3.75 42 5.142864 1.250001 43 5.142864 1.25 42.00001 5.142863 2.5 43.00001 5.142864 2.5 42 5.142864 3.75 43 5.142865 3.75 43 6.857151 1.25 42 6.857151 1.25 42 6.85715 2.5 43 6.857151 2.5 42 6.857151 3.75 43 6.857151 3.75 43 8.571437 1.25 42 8.571437 1.25 42 8.571437 2.5 43 8.571437 2.5 42 8.571436 3.75 43 8.571436 3.75 42 12.00001 1.250001 43 12.00001 1.25 42.00001 12.00001 2.5 43.00001 12.00001 2.5 42 12.00001 3.75 43 12.00001 3.75 43 13.7143 1.25 42 13.7143 1.25 42 13.7143 2.5 43 13.7143 2.5 42 13.7143 3.75 43 13.7143 3.75 43 15.42858 1.25 42 15.42858 1.25 42 15.42858 2.5 43 15.42858 2.5 42 15.42858 3.75 43 15.42858 3.75 42 18.85716 1.250001 43 18.85716 1.25 42.00001 18.85716 2.5 43.00001 18.85716 2.5 42 18.85716 3.75 43 18.85716 3.75 43 20.57144 1.25 42 20.57144 1.25 42 20.57144 2.5 43 20.57144 2.5 42 20.57144 3.75 43 20.57144 3.75 43 22.28573 1.25 42 22.28573 1.25 42 22.28573 2.5 43 22.28573 2.5 42 22.28573 3.75 43 22.28573 3.75 42 25.7143 1.250001 43 25.7143 1.25 42.00001 25.7143 2.5 43.00001 25.7143 2.5 42 25.7143 3.75 43 25.7143 3.75 43 27.42859 1.25 42 27.42859 1.25 42 27.42859 2.5 43 27.42859 2.5 42 27.42859 3.75 43 27.42859 3.75 43 29.14287 1.25 42 29.14287 1.25 42 29.14288 2.5 43 29.14288 2.5 42 29.14287 3.75 43 29.14287 3.75 42 32.57145 1.250001 43 32.57145 1.25 42.00001 32.57145 2.5 43.00001 32.57145 2.5 42 32.57145 3.75 43 32.57145 3.75 43 34.28573 1.25 42 34.28573 1.25 42 34.28573 2.5 43 34.28573 2.5 42 34.28573 3.75 43 34.28573 3.75 43 36.00002 1.25 42 36.00002 1.25 42 36.00001 2.5 43 36.00001 2.5 42 36.00002 3.75 43 36.00002 3.75 42 39.42859 1.250001 43 39.42859 1.25 42.00001 39.42859 2.5 43.00001 39.42859 2.5 42 39.42859 3.75 43 39.42859 3.75 43 41.14288 1.25 42 41.14288 1.25 42 41.14287 2.5 43 41.14287 2.5 42 41.14288 3.75 43 41.14288 3.75 43 42.85716 1.25 42 42.85716 1.25 42 42.85717 2.5 43 42.85717 2.5 42 42.85717 3.75 43 42.85717 3.75 42 46.28573 1.250001 43 46.28573 1.25 42.00001 46.28574 2.5 43.00001 46.28574 2.5 42 46.28573 3.75 43 46.28573 3.75 43 48.00002 1.25 42 48.00002 1.25 42 48.00002 2.5 43 48.00002 2.5 42 48.00003 3.75 43 48.00003 3.75 43 49.71431 1.25 42 49.71431 1.25 42 49.71431 2.5 43 49.71431 2.5 42 49.71431 3.75 43 49.71431 3.75 42 53.14289 1.250001 43 53.14289 1.25 42.00001 53.14288 2.5 43.00001 53.14288 2.5 42 53.14289 3.75 43 53.14289 3.75 43 54.85717 1.25 42 54.85717 1.25 42 54.85718 2.5 43 54.85718 2.5 42 54.85717 3.75 43 54.85717 3.75 43 56.57145 1.25 42 56.57145 1.25 42 56.57146 2.5 43 56.57146 2.5 42 56.57145 3.75 43 56.57145 3.75 42 60.00003 1.250001 43 60.00003 1.25 42.00001 60.00003 2.5 43.00001 60.00003 2.5 42 60.00003 3.75 43 60.00003 3.75 43 61.71432 1.25 42 61.71432 1.25 42 61.71432 2.5 43 61.71432 2.5 42 61.71432 3.75 43 61.71432 3.75 43 63.4286 1.25 42 63.4286 1.25 42 63.4286 2.5 43 63.4286 2.5 42 63.4286 3.75 43 63.4286 3.75 -42.00001 70.28575 1.25 -43.00001 70.28575 1.25 -42.00001 70.28575 2.5 -43.00001 70.28575 2.5 -42.00001 70.28575 3.75 -43.00001 70.28575 3.75 -43 68.57147 1.25 -42 68.57147 1.25 -42.00001 68.57147 2.5 -43.00001 68.57147 2.5 -42 68.57147 3.750001 -43 68.57147 3.75 -43.00001 66.85718 1.25 -42.00001 66.85718 1.25 -42 66.85718 2.5 -43 66.85718 2.5 -42.00001 66.85718 3.75 -43.00001 66.85718 3.75 -42 63.4286 1.250001 -43 63.4286 1.25 -42.00001 63.4286 2.5 -43.00001 63.4286 2.500001 -42 63.4286 3.75 -43 63.4286 3.75 -43 61.71431 1.25 -42 61.71431 1.25 -42 61.71431 2.5 -43 61.71431 2.5 -42 61.71432 3.75 -43 61.71432 3.75 -43 60.00003 1.25 -42 60.00003 1.25 -42 60.00003 2.5 -43 60.00003 2.5 -42 60.00003 3.75 -43 60.00003 3.75 -42 56.57146 1.250001 -43 56.57146 1.25 -42.00001 56.57146 2.5 -43.00001 56.57146 2.5 -42 56.57146 3.75 -43 56.57146 3.75 -43 54.85717 1.25 -42 54.85717 1.25 -42 54.85717 2.5 -43 54.85717 2.5 -42 54.85717 3.75 -43 54.85717 3.75 -43 53.14288 1.25 -42 53.14288 1.25 -42 53.14288 2.5 -43 53.14288 2.5 -42 53.14288 3.75 -43 53.14288 3.75 -42 49.7143 1.250001 -43 49.7143 1.25 -42.00001 49.7143 2.5 -43.00001 49.7143 2.5 -42 49.7143 3.75 -43 49.7143 3.75 -43 48.00002 1.25 -42 48.00002 1.25 -42 48.00001 2.5 -43 48.00001 2.5 -42 48.00002 3.75 -43 48.00002 3.75 -43 46.28573 1.25 -42 46.28573 1.25 -42 46.28573 2.5 -43 46.28573 2.5 -42 46.28573 3.75 -43 46.28573 3.75 -42 42.85715 1.250001 -43 42.85715 1.25 -42.00001 42.85716 2.5 -43.00001 42.85716 2.5 -42 42.85715 3.75 -43 42.85715 3.75 -43 41.14287 1.25 -42 41.14287 1.25 -42 41.14287 2.5 -43 41.14287 2.5 -42 41.14287 3.75 -43 41.14287 3.75 -43 39.42858 1.25 -42 39.42858 1.25 -42 39.42859 2.5 -43 39.42859 2.5 -42 39.42858 3.75 -43 39.42858 3.75 -42 36.00001 1.250001 -43 36.00001 1.25 -42.00001 36.00001 2.5 -43.00001 36.00001 2.5 -42 36.00001 3.75 -43 36.00001 3.75 -43 34.28572 1.25 -42 34.28572 1.25 -42 34.28572 2.5 -43 34.28572 2.5 -42 34.28572 3.75 -43 34.28572 3.75 -43 32.57144 1.25 -42 32.57144 1.25 -42 32.57144 2.5 -43 32.57144 2.5 -42 32.57144 3.75 -43 32.57144 3.75 -42 29.14286 1.250001 -43 29.14286 1.25 -42.00001 29.14286 2.5 -43.00001 29.14286 2.5 -42 29.14286 3.75 -43 29.14286 3.75 -43 27.42858 1.25 -42 27.42858 1.25 -42 27.42858 2.5 -43 27.42858 2.5 -42 27.42858 3.75 -43 27.42858 3.75 -43 25.71429 1.25 -42 25.71429 1.25 -42 25.71429 2.5 -43 25.71429 2.5 -42 25.71429 3.75 -43 25.71429 3.75 -42 22.28572 1.250001 -43 22.28572 1.25 -42.00001 22.28572 2.5 -43.00001 22.28572 2.5 -42 22.28572 3.75 -43 22.28572 3.75 -43 20.57143 1.25 -42 20.57143 1.25 -42 20.57143 2.5 -43 20.57143 2.5 -42 20.57143 3.75 -43 20.57143 3.75 -43 18.85715 1.25 -42 18.85715 1.25 -42 18.85715 2.5 -43 18.85715 2.5 -42 18.85715 3.75 -43 18.85715 3.75 -42 15.42857 1.250001 -43 15.42857 1.25 -42.00001 15.42857 2.5 -43.00001 15.42857 2.5 -42 15.42857 3.75 -43 15.42857 3.75 -43 13.71429 1.25 -42 13.71429 1.25 -42 13.71429 2.5 -43 13.71429 2.5 -42 13.71429 3.75 -43 13.71429 3.75 -43 12 1.25 -42 12 1.25 -42 12 2.5 -43 12 2.5 -42 12 3.75 -43 12 3.75 -42 8.571428 1.250001 -43 8.571428 1.25 -42.00001 8.571429 2.5 -43.00001 8.571429 2.5 -42 8.571427 3.75 -43 8.571427 3.75 -43 6.857141 1.25 -42 6.857141 1.25 -42 6.857142 2.5 -43 6.857141 2.5 -42 6.857141 3.75 -43 6.857141 3.75 -43 5.142855 1.25 -42 5.142855 1.25 -42 5.142854 2.5 -43 5.142855 2.5 -42 5.142854 3.75 -43 5.142855 3.75 -42 1.714282 1.250001 -43 1.714281 1.25 -42.00001 1.714282 2.5 -43.00001 1.714282 2.5 -42 1.714282 3.75 -43 1.714281 3.75 -43 -5.0813e-6 1.25 -42 -4.24683e-6 1.25 -42 -4.23193e-6 2.5 -43 -5.06639e-6 2.5 -42 -4.56969e-6 3.75 -43 -4.84784e-6 3.75 -43 -1.714291 1.25 -42 -1.714291 1.25 -42 -1.714292 2.5 -43 -1.714291 2.5 -42 -1.714291 3.75 -43 -1.71429 3.75 -42 -5.142864 1.250001 -43 -5.142864 1.25 -42.00001 -5.142863 2.5 -43.00001 -5.142864 2.5 -42 -5.142864 3.75 -43 -5.142865 3.75 -43 -6.857151 1.25 -42 -6.857151 1.25 -42 -6.85715 2.5 -43 -6.857151 2.5 -42 -6.857151 3.75 -43 -6.857151 3.75 -43 -8.571437 1.25 -42 -8.571437 1.25 -42 -8.571437 2.5 -43 -8.571437 2.5 -42 -8.571436 3.75 -43 -8.571436 3.75 -42 -12.00001 1.250001 -43 -12.00001 1.25 -42.00001 -12.00001 2.5 -43.00001 -12.00001 2.5 -42 -12.00001 3.75 -43 -12.00001 3.75 -43 -13.7143 1.25 -42 -13.7143 1.25 -42 -13.7143 2.5 -43 -13.7143 2.5 -42 -13.7143 3.75 -43 -13.7143 3.75 -43 -15.42858 1.25 -42 -15.42858 1.25 -42 -15.42858 2.5 -43 -15.42858 2.5 -42 -15.42858 3.75 -43 -15.42858 3.75 -42 -18.85716 1.250001 -43 -18.85716 1.25 -42.00001 -18.85716 2.5 -43.00001 -18.85716 2.5 -42 -18.85716 3.75 -43 -18.85716 3.75 -43 -20.57144 1.25 -42 -20.57144 1.25 -42 -20.57144 2.5 -43 -20.57144 2.5 -42 -20.57144 3.75 -43 -20.57144 3.75 -43 -22.28573 1.25 -42 -22.28573 1.25 -42 -22.28573 2.5 -43 -22.28573 2.5 -42 -22.28573 3.75 -43 -22.28573 3.75 -42 -25.7143 1.250001 -43 -25.7143 1.25 -42.00001 -25.7143 2.5 -43.00001 -25.7143 2.5 -42 -25.7143 3.75 -43 -25.7143 3.75 -43 -27.42859 1.25 -42 -27.42859 1.25 -42 -27.42859 2.5 -43 -27.42859 2.5 -42 -27.42859 3.75 -43 -27.42859 3.75 -43 -29.14287 1.25 -42 -29.14287 1.25 -42 -29.14288 2.5 -43 -29.14288 2.5 -42 -29.14287 3.75 -43 -29.14287 3.75 -42 -32.57145 1.250001 -43 -32.57145 1.25 -42.00001 -32.57145 2.5 -43.00001 -32.57145 2.5 -42 -32.57145 3.75 -43 -32.57145 3.75 -43 -34.28573 1.25 -42 -34.28573 1.25 -42 -34.28573 2.5 -43 -34.28573 2.5 -42 -34.28573 3.75 -43 -34.28573 3.75 -43 -36.00002 1.25 -42 -36.00002 1.25 -42 -36.00001 2.5 -43 -36.00001 2.5 -42 -36.00002 3.75 -43 -36.00002 3.75 -42 -39.42859 1.250001 -43 -39.42859 1.25 -42.00001 -39.42859 2.5 -43.00001 -39.42859 2.5 -42 -39.42859 3.75 -43 -39.42859 3.75 -43 -41.14288 1.25 -42 -41.14288 1.25 -42 -41.14287 2.5 -43 -41.14287 2.5 -42 -41.14288 3.75 -43 -41.14288 3.75 -43 -42.85716 1.25 -42 -42.85716 1.25 -42 -42.85717 2.5 -43 -42.85717 2.5 -42 -42.85717 3.75 -43 -42.85717 3.75 -42 -46.28573 1.250001 -43 -46.28573 1.25 -42.00001 -46.28574 2.5 -43.00001 -46.28574 2.5 -42 -46.28573 3.75 -43 -46.28573 3.75 -43 -48.00002 1.25 -42 -48.00002 1.25 -42 -48.00002 2.5 -43 -48.00002 2.5 -42 -48.00003 3.75 -43 -48.00003 3.75 -43 -49.71431 1.25 -42 -49.71431 1.25 -42 -49.71431 2.5 -43 -49.71431 2.5 -42 -49.71431 3.75 -43 -49.71431 3.75 -42 -53.14289 1.250001 -43 -53.14289 1.25 -42.00001 -53.14288 2.5 -43.00001 -53.14288 2.5 -42 -53.14289 3.75 -43 -53.14289 3.75 -43 -54.85717 1.25 -42 -54.85717 1.25 -42 -54.85718 2.5 -43 -54.85718 2.5 -42 -54.85717 3.75 -43 -54.85717 3.75 -43 -56.57145 1.25 -42 -56.57145 1.25 -42 -56.57146 2.5 -43 -56.57146 2.5 -42 -56.57145 3.75 -43 -56.57145 3.75 -42 -60.00003 1.250001 -43 -60.00003 1.25 -42.00001 -60.00003 2.5 -43.00001 -60.00003 2.5 -42 -60.00003 3.75 -43 -60.00003 3.75 -43 -61.71432 1.25 -42 -61.71432 1.25 -42 -61.71432 2.5 -43 -61.71432 2.5 -42 -61.71432 3.75 -43 -61.71432 3.75 -43 -63.4286 1.25 -42 -63.4286 1.25 -42 -63.4286 2.5 -43 -63.4286 2.5 -42 -63.4286 3.75 -43 -63.4286 3.75 -13.05 99.50002 1.25 -13.05 100.5 1.25 -11.6 99.5 1.25 -11.6 100.5 1.25 -10.15 99.5 1.250001 -10.15 100.5 1.249999 -13.05 100.5 2.5 -13.05 99.50002 2.500001 -11.6 99.50002 2.500001 -11.6 100.5 2.499999 -10.15 99.50002 2.500001 -10.15 100.5 2.5 -13.05 100.5 3.75 -13.05 99.50002 3.75 -11.6 99.50001 3.75 -11.6 100.5 3.750001 -10.15 99.5 3.75 -10.15 100.5 3.750001 -7.249999 99.50001 1.250001 -7.250001 100.5 1.25 -5.800002 99.50003 1.250001 -5.799999 100.5 1.249999 -4.35 99.5 1.250001 -4.349999 100.5 1.25 -7.25 100.5 2.500001 -7.25 99.50002 2.5 -5.800001 99.50001 2.5 -5.8 100.5 2.500001 -4.350001 99.50001 2.5 -4.35 100.5 2.5 -7.25 100.5 3.750001 -7.25 99.5 3.749999 -5.800001 99.50002 3.75 -5.800001 100.5 3.750001 -4.35 99.50001 3.749999 -4.349999 100.5 3.750001 -1.449999 99.50001 1.250001 -1.45 100.5 1.25 -7.6407e-7 99.50003 1.250001 1.86676e-6 100.5 1.249999 1.45 99.5 1.250001 1.450001 100.5 1.25 -1.450001 100.5 2.500002 -1.449999 99.50002 2.499999 -1.51067e-7 99.50001 2.5 1.16435e-6 100.5 2.500001 1.45 99.50001 2.5 1.450001 100.5 2.5 -1.45 100.5 3.750001 -1.449999 99.5 3.749999 5.36442e-7 99.50002 3.75 5.36442e-7 100.5 3.750001 1.45 99.50001 3.749999 1.450001 100.5 3.750001 4.350001 99.50001 1.250001 4.35 100.5 1.25 5.8 99.50003 1.250001 5.800003 100.5 1.249999 7.25 99.5 1.250001 7.250002 100.5 1.25 4.350001 100.5 2.500002 4.350002 99.50002 2.499999 5.8 99.50001 2.5 5.800001 100.5 2.500001 7.25 99.50001 2.500001 7.250001 100.5 2.5 4.35 100.5 3.750001 4.350001 99.5 3.749999 5.800001 99.50002 3.75 5.800001 100.5 3.750001 7.250001 99.50001 3.749999 7.250001 100.5 3.750001 13.05 -99.50002 1.25 13.05 -100.5 1.25 11.6 -99.5 1.25 11.6 -100.5 1.25 10.15 -99.5 1.250001 10.15 -100.5 1.249999 13.05 -100.5 2.5 13.05 -99.50002 2.500001 11.6 -99.50002 2.500001 11.6 -100.5 2.499999 10.15 -99.50002 2.500001 10.15 -100.5 2.5 13.05 -100.5 3.75 13.05 -99.50002 3.75 11.6 -99.50001 3.75 11.6 -100.5 3.750001 10.15 -99.5 3.75 10.15 -100.5 3.750001 7.249999 -99.50001 1.250001 7.250001 -100.5 1.25 5.800002 -99.50003 1.250001 5.799999 -100.5 1.249999 4.35 -99.5 1.250001 4.349999 -100.5 1.25 7.25 -100.5 2.500001 7.25 -99.50002 2.5 5.800001 -99.50001 2.5 5.8 -100.5 2.500001 4.350001 -99.50001 2.5 4.35 -100.5 2.5 7.25 -100.5 3.750001 7.25 -99.5 3.749999 5.800001 -99.50002 3.75 5.800001 -100.5 3.750001 4.35 -99.50001 3.749999 4.349999 -100.5 3.750001 1.449999 -99.50001 1.250001 1.45 -100.5 1.25 7.6407e-7 -99.50003 1.250001 -1.86676e-6 -100.5 1.249999 -1.45 -99.5 1.250001 -1.450001 -100.5 1.25 1.450001 -100.5 2.500002 1.449999 -99.50002 2.499999 1.51067e-7 -99.50001 2.5 -1.16435e-6 -100.5 2.500001 -1.45 -99.50001 2.5 -1.450001 -100.5 2.5 1.45 -100.5 3.750001 1.449999 -99.5 3.749999 -5.36442e-7 -99.50002 3.75 -5.36442e-7 -100.5 3.750001 -1.45 -99.50001 3.749999 -1.450001 -100.5 3.750001 -4.350001 -99.50001 1.250001 -4.35 -100.5 1.25 -5.8 -99.50003 1.250001 -5.800003 -100.5 1.249999 -7.25 -99.5 1.250001 -7.250002 -100.5 1.25 -4.350001 -100.5 2.500002 -4.350002 -99.50002 2.499999 -5.8 -99.50001 2.5 -5.800001 -100.5 2.500001 -7.25 -99.50001 2.500001 -7.250001 -100.5 2.5 -4.35 -100.5 3.750001 -4.350001 -99.5 3.749999 -5.800001 -99.50002 3.75 -5.800001 -100.5 3.750001 -7.250001 -99.50001 3.749999 -7.250001 -100.5 3.750001</float_array>
          <technique_common>
            <accessor source="#Plane_006-mesh-positions-array" count="3360" stride="3">
              <param name="X" type="float"/>
              <param name="Y" type="float"/>
              <param name="Z" type="float"/>
            </accessor>
          </technique_common>
        </source>
        <source id="Plane_006-mesh-normals">
          <float_array id="Plane_006-mesh-normals-array" count="16857">-2.05819e-6 -1.00338e-6 1 -6.86086e-7 0 1 -1.95575e-6 -8.4915e-7 1 -3.43158e-6 -9.59955e-7 1 -2.06275e-6 -1.34144e-6 1 2.06813e-6 -8.91621e-7 1 3.45623e-6 1.45684e-6 1 0 -9.63106e-7 1 -2.22485e-6 -1.95989e-6 -1 1.7568e-6 0 -1 2.52109e-6 1.18878e-6 -1 2.36391e-7 -6.08756e-7 -1 7.62948e-7 -4.45051e-7 -1 -7.62938e-7 0 -1 -7.62945e-7 0 -1 -7.62941e-7 2.24403e-7 -1 4.6172e-7 5.04547e-7 -1 -4.03345e-7 4.53777e-7 -1 -1.45888e-6 -1.30896e-6 -1 -3.8806e-6 -1.44309e-6 -1 1.02173e-6 2.79542e-6 1 1.40118e-6 5.57454e-6 1 1.41003e-6 2.79042e-6 1 7.09069e-7 1.76889e-6 1 -2.47547e-6 -1.32213e-6 -1 -2.82067e-6 -1.8468e-6 -1 -2.94618e-6 -3.57039e-7 -1 -1.73836e-7 2.04233e-7 -1 2.13278e-6 -4.18316e-7 1 -2.05818e-6 -5.2644e-6 1 -3.5559e-6 -7.84027e-6 1 -4.26713e-6 -4.73954e-6 1 1.31659e-6 3.21301e-6 -1 -1.32132e-6 3.53248e-7 -1 -3.11833e-6 -2.32223e-6 -1 -3.17345e-6 -1.84506e-6 -1 0 -1.00314e-6 1 6.86097e-7 -2.93457e-7 1 7.11177e-7 1.65959e-6 1 7.11209e-7 1.6115e-6 1 1.96413e-6 3.98822e-6 -1 4.10637e-7 2.79231e-6 -1 -1.60886e-6 -4.74781e-7 -1 1.26393e-7 1.29888e-6 -1 6.86059e-7 1.94063e-6 1 -1.37216e-6 1.22653e-6 1 -4.97829e-6 -4.10731e-6 1 -3.91165e-6 -2.73705e-6 1 3.57324e-7 1.88297e-6 -1 6.87358e-7 4.08639e-7 -1 4.74267e-7 1.85434e-6 -1 1.32856e-6 2.93797e-6 -1 -1.3721e-6 -1.31511e-6 1 -2.05825e-6 -7.37259e-7 1 -2.4891e-6 -2.62197e-6 1 -5.33398e-6 -2.46015e-6 1 1.53349e-6 1.60186e-6 -1 -3.79616e-7 -1.14203e-6 -1 -1.47684e-6 -9.83875e-7 -1 4.51946e-7 1.49749e-6 -1 -3.43033e-6 -2.32602e-6 1 -2.74433e-6 -1.41011e-6 1 -2.48913e-6 -1.28645e-6 1 -3.91163e-6 -8.37969e-7 1 8.29568e-7 2.99522e-6 -1 2.14815e-6 4.30543e-6 -1 0 0 -1 -5.5682e-7 3.32318e-7 -1 -3.77337e-6 1.68977e-6 1 -2.22977e-6 1.54356e-6 1 -7.11181e-7 -4.26376e-7 1 5.14737e-7 -8.74938e-7 1 -5.26114e-7 7.62924e-6 -1 1.57848e-6 6.1036e-6 -1 -5.26172e-7 1.5259e-6 -1 -1.0656e-6 0 -1 -8.5948e-7 -5.09519e-7 1 -2.15429e-6 1.07167e-6 1 -7.77647e-7 7.92909e-7 1 0 -4.48238e-7 1 2.79862e-6 -1.58222e-6 -1 0 -4.55796e-7 -1 -1.13994e-6 3.35106e-7 -1 -6.63938e-7 -5.02344e-7 -1 0 0 -1 4.03347e-7 4.53782e-7 -1 1.45888e-6 -1.30895e-6 -1 3.92335e-6 -1.27247e-6 -1 -6.81161e-7 2.81253e-6 1 -1.22604e-6 4.66404e-6 1 0 2.96578e-6 1 -1.77267e-6 5.58097e-6 1 2.36009e-6 -1.90319e-6 -1 1.9267e-6 -7.91826e-7 -1 2.72233e-6 -8.12851e-7 -1 1.54342e-6 -1.25206e-7 -1 -3.91007e-6 4.09461e-6 1 6.8608e-7 -2.67398e-6 1 2.48913e-6 -3.20921e-6 1 7.11189e-7 2.39637e-7 1 9.98888e-7 1.71958e-7 -1 2.6318e-6 -1.33286e-6 -1 3.64816e-6 -3.14865e-6 -1 5.00196e-6 -2.41231e-6 -1 0 2.00627e-6 1 0 0 1 3.5559e-7 0 1 3.55607e-7 3.65724e-7 1 -5.44729e-7 1.65132e-6 -1 7.82107e-7 9.1696e-7 -1 2.46306e-6 -1.87375e-6 -1 1.08629e-6 -7.58677e-7 -1 -6.86055e-7 1.94061e-6 1 1.37217e-6 8.17689e-7 1 3.5559e-6 -2.43733e-6 1 2.84482e-6 -1.14258e-6 1 3.76158e-7 -1.03444e-6 -1 -4.94084e-7 -1.2185e-6 -1 -9.6244e-7 1.5934e-6 -1 -9.34e-7 1.44468e-6 -1 1.3721e-6 -1.72293e-7 1 1.7152e-6 -1.61443e-6 1 4.97821e-6 -1.24719e-6 1 1.42241e-6 2.85704e-7 1 -2.37558e-6 -1.98416e-6 -1 2.29319e-6 -8.56225e-6 -1 4.86625e-6 -7.57103e-6 -1 1.48827e-6 -2.26675e-6 -1 3.43033e-7 1.3661e-6 1 2.05825e-6 -6.45735e-7 1 4.26709e-6 0 1 -7.11205e-7 1.35115e-6 1 -1.37163e-6 2.968e-6 -1 -1.25224e-6 5.92756e-6 -1 -1.1535e-6 4.33962e-6 -1 -2.14326e-6 2.66054e-6 -1 -2.79862e-6 1.58222e-6 -1 0 4.55796e-7 -1 1.13994e-6 -3.35106e-7 -1 6.63938e-7 5.02344e-7 -1 3.77337e-6 -1.68977e-6 1 2.22977e-6 -1.54356e-6 1 7.11181e-7 4.26376e-7 1 -5.14737e-7 8.74938e-7 1 -6.5773e-7 -2.86106e-6 1 -6.57708e-7 -4.76839e-6 1 6.57715e-7 -1.90737e-6 1 6.6928e-7 0 1 8.5948e-7 5.09519e-7 1 2.15429e-6 -1.07167e-6 1 7.77647e-7 -7.92909e-7 1 0 4.48238e-7 1 -1.11262e-6 5.56312e-7 1 1.11262e-6 0 1 1.11262e-6 0 1 0 -2.82283e-7 1 0 0 -1 -4.03347e-7 -4.53782e-7 -1 -1.45888e-6 1.30895e-6 -1 -3.92335e-6 1.27247e-6 -1 6.81161e-7 -2.81253e-6 1 1.22604e-6 -4.66404e-6 1 0 -2.96578e-6 1 1.77267e-6 -5.58097e-6 1 -2.36009e-6 1.90319e-6 -1 -1.9267e-6 7.91826e-7 -1 -2.72233e-6 8.12851e-7 -1 -1.54342e-6 1.25206e-7 -1 3.91007e-6 -4.09461e-6 1 -6.8608e-7 2.67398e-6 1 -2.48913e-6 3.20921e-6 1 -7.11189e-7 -2.39637e-7 1 -9.98888e-7 -1.71958e-7 -1 -2.6318e-6 1.33286e-6 -1 -3.64816e-6 3.14865e-6 -1 -5.00196e-6 2.41231e-6 -1 0 -2.00627e-6 1 -3.5559e-7 0 1 -3.55607e-7 -3.65724e-7 1 5.44729e-7 -1.65132e-6 -1 -7.82107e-7 -9.1696e-7 -1 -2.46306e-6 1.87375e-6 -1 -1.08629e-6 7.58677e-7 -1 6.86055e-7 -1.94061e-6 1 -1.37217e-6 -8.17689e-7 1 -3.5559e-6 2.43733e-6 1 -2.84482e-6 1.14258e-6 1 -3.76158e-7 1.03444e-6 -1 4.94084e-7 1.2185e-6 -1 9.6244e-7 -1.5934e-6 -1 9.34e-7 -1.44468e-6 -1 -1.3721e-6 1.72293e-7 1 -1.7152e-6 1.61443e-6 1 -4.97821e-6 1.24719e-6 1 -1.42241e-6 -2.85704e-7 1 2.37558e-6 1.98416e-6 -1 -2.29319e-6 8.56225e-6 -1 -4.86625e-6 7.57103e-6 -1 -1.48827e-6 2.26675e-6 -1 -3.43033e-7 -1.3661e-6 1 -2.05825e-6 6.45735e-7 1 -4.26709e-6 0 1 7.11205e-7 -1.35115e-6 1 1.37163e-6 -2.968e-6 -1 1.25224e-6 -5.92756e-6 -1 1.1535e-6 -4.33962e-6 -1 2.14326e-6 -2.66054e-6 -1 -7.62948e-7 4.45051e-7 -1 7.62938e-7 0 -1 7.62945e-7 0 -1 7.62941e-7 -2.24403e-7 -1 2.05819e-6 1.00338e-6 1 6.86086e-7 0 1 1.95575e-6 8.4915e-7 1 3.43158e-6 9.59955e-7 1 2.06275e-6 1.34144e-6 1 -2.06813e-6 8.91621e-7 1 -3.45623e-6 -1.45684e-6 1 0 9.63106e-7 1 2.22485e-6 1.95989e-6 -1 -1.7568e-6 0 -1 -2.52109e-6 -1.18878e-6 -1 -2.36391e-7 6.08756e-7 -1 6.5773e-7 2.86106e-6 1 6.57708e-7 4.76839e-6 1 -6.57715e-7 1.90737e-6 1 -6.6928e-7 0 1 -4.6172e-7 -5.04547e-7 -1 4.03345e-7 -4.53777e-7 -1 1.45888e-6 1.30896e-6 -1 3.8806e-6 1.44309e-6 -1 5.26114e-7 -7.62924e-6 -1 -1.57848e-6 -6.1036e-6 -1 5.26172e-7 -1.5259e-6 -1 1.0656e-6 0 -1 2.47547e-6 1.32213e-6 -1 2.82067e-6 1.8468e-6 -1 2.94618e-6 3.57039e-7 -1 1.73836e-7 -2.04233e-7 -1 -2.13278e-6 4.18316e-7 1 2.05818e-6 5.2644e-6 1 3.5559e-6 7.84027e-6 1 4.26713e-6 4.73954e-6 1 -1.31659e-6 -3.21301e-6 -1 1.32132e-6 -3.53248e-7 -1 3.11833e-6 2.32223e-6 -1 3.17345e-6 1.84506e-6 -1 0 1.00314e-6 1 -6.86097e-7 2.93457e-7 1 -7.11177e-7 -1.65959e-6 1 -7.11209e-7 -1.6115e-6 1 -1.96413e-6 -3.98822e-6 -1 -4.10637e-7 -2.79231e-6 -1 1.60886e-6 4.74781e-7 -1 -1.26393e-7 -1.29888e-6 -1 -6.86059e-7 -1.94063e-6 1 1.37216e-6 -1.22653e-6 1 4.97829e-6 4.10731e-6 1 3.91165e-6 2.73705e-6 1 -3.57324e-7 -1.88297e-6 -1 -6.87358e-7 -4.08639e-7 -1 -4.74267e-7 -1.85434e-6 -1 -1.32856e-6 -2.93797e-6 -1 1.3721e-6 1.31511e-6 1 2.05825e-6 7.37259e-7 1 2.4891e-6 2.62197e-6 1 5.33398e-6 2.46015e-6 1 -1.53349e-6 -1.60186e-6 -1 3.79616e-7 1.14203e-6 -1 1.47684e-6 9.83875e-7 -1 -4.51946e-7 -1.49749e-6 -1 3.43033e-6 2.32602e-6 1 2.74433e-6 1.41011e-6 1 2.48913e-6 1.28645e-6 1 3.91163e-6 8.37969e-7 1 -8.29568e-7 -2.99522e-6 -1 -2.14815e-6 -4.30543e-6 -1 0 0 -1 5.5682e-7 -3.32318e-7 -1 1.11262e-6 -5.56312e-7 1 -1.11262e-6 0 1 -1.11262e-6 0 1 0 2.82283e-7 1 -1.02173e-6 -2.79542e-6 1 -1.40118e-6 -5.57454e-6 1 -1.41003e-6 -2.79042e-6 1 -7.09069e-7 -1.76889e-6 1 -9.01805e-7 2.63031e-7 -1 0 -2.22524e-7 -1 7.62939e-7 -2.22521e-7 -1 0 0 -1 0 -2.22522e-7 -1 -7.62938e-7 0 -1 -7.62937e-7 6.67571e-7 -1 1.52588e-6 -2.22529e-7 -1 2.28881e-6 -6.67558e-7 -1 0 2.22524e-7 -1 -7.62938e-7 6.67567e-7 -1 1.52588e-6 -2.22537e-7 -1 2.28883e-6 -6.67558e-7 -1 0 2.22524e-7 -1 -7.62942e-7 6.67566e-7 -1 1.52588e-6 -2.2253e-7 -1 2.28882e-6 -6.67563e-7 -1 0 2.22523e-7 -1 -7.62939e-7 6.67566e-7 -1 1.52588e-6 -2.22538e-7 -1 2.28882e-6 -6.67553e-7 -1 0 2.22525e-7 -1 -7.62942e-7 6.67571e-7 -1 1.52588e-6 -2.22529e-7 -1 2.28882e-6 -6.6756e-7 -1 0 2.22524e-7 -1 -7.62938e-7 6.67573e-7 -1 1.52588e-6 -2.22529e-7 -1 2.28882e-6 -6.67557e-7 -1 0 2.22524e-7 -1 -7.62942e-7 6.67572e-7 -1 1.52588e-6 -2.22529e-7 -1 2.28882e-6 -6.67562e-7 -1 0 2.22522e-7 -1 -7.6294e-7 6.6757e-7 -1 1.52588e-6 -2.22529e-7 -1 2.28882e-6 -6.67562e-7 -1 0 2.22522e-7 -1 -7.6294e-7 6.67562e-7 -1 1.52588e-6 -2.22529e-7 -1 2.28882e-6 -6.67561e-7 -1 0 2.22523e-7 -1 -7.6294e-7 6.6757e-7 -1 1.52588e-6 -2.22537e-7 -1 2.28882e-6 -6.67562e-7 -1 0 2.22523e-7 -1 -7.62941e-7 6.67566e-7 -1 1.52588e-6 -2.22529e-7 -1 2.28882e-6 -6.67562e-7 -1 0 2.22524e-7 -1 -7.62939e-7 6.6757e-7 -1 1.52588e-6 -2.22529e-7 -1 2.28882e-6 -6.67563e-7 -1 0 2.22524e-7 -1 -7.6294e-7 6.6757e-7 -1 1.52588e-6 -2.22529e-7 -1 2.28882e-6 -6.67558e-7 -1 0 2.22524e-7 -1 -7.6294e-7 6.67572e-7 -1 1.52588e-6 -2.22528e-7 -1 2.28882e-6 -6.67563e-7 -1 0 2.22523e-7 -1 -7.6294e-7 6.67568e-7 -1 1.52588e-6 -2.22537e-7 -1 2.28882e-6 -6.67568e-7 -1 0 2.22525e-7 -1 -7.62939e-7 6.67566e-7 -1 1.52588e-6 -2.22537e-7 -1 2.28882e-6 -6.67565e-7 -1 0 2.22523e-7 -1 -7.62941e-7 6.67569e-7 -1 1.52588e-6 -2.22537e-7 -1 2.28882e-6 -6.67561e-7 -1 0 2.22522e-7 -1 -7.62936e-7 6.67571e-7 -1 1.52587e-6 -2.22528e-7 -1 2.28881e-6 -6.67559e-7 -1 -7.62941e-7 4.45052e-7 -1 7.62943e-7 0 -1 -2.15889e-6 5.48297e-7 1 0 2.78154e-7 1 2.22523e-6 -2.78154e-7 1 0 -2.78156e-7 1 1.11261e-6 0 1 2.22523e-6 2.78154e-7 1 0 -2.78162e-7 1 2.22523e-6 -2.78145e-7 1 2.22524e-6 2.78154e-7 1 0 -2.78161e-7 1 2.22524e-6 -2.78146e-7 1 2.22525e-6 2.78156e-7 1 0 2.78155e-7 1 0 -2.78162e-7 1 2.22524e-6 2.78155e-7 1 0 -2.78163e-7 1 2.22525e-6 2.78156e-7 1 0 -2.78162e-7 1 2.22523e-6 -2.78146e-7 1 2.22524e-6 2.78155e-7 1 0 2.78154e-7 1 0 -2.78161e-7 1 2.22524e-6 2.78155e-7 1 0 2.78155e-7 1 0 -2.78161e-7 1 2.22524e-6 2.78155e-7 1 1.11262e-6 2.78155e-7 1 0 2.78155e-7 1 0 -2.78161e-7 1 1.11262e-6 2.78155e-7 1 0 2.78155e-7 1 1.11262e-6 -2.78161e-7 1 1.11262e-6 -2.78146e-7 1 1.11262e-6 2.78155e-7 1 0 -2.78161e-7 1 2.22524e-6 -2.78147e-7 1 2.22524e-6 2.78155e-7 1 0 -2.78161e-7 1 2.22524e-6 -2.78147e-7 1 2.22523e-6 2.78154e-7 1 0 -2.78161e-7 1 0 2.78156e-7 1 2.22525e-6 -2.78148e-7 1 2.22524e-6 2.78155e-7 1 0 -2.78161e-7 1 2.22523e-6 2.78154e-7 1 0 -2.7816e-7 1 2.22524e-6 2.78155e-7 1 1.11261e-6 0 1 2.15889e-6 -5.48297e-7 1 0 -2.78154e-7 1 -2.22523e-6 2.78154e-7 1 -1.11261e-6 0 1 -2.22523e-6 -2.78154e-7 1 0 2.78162e-7 1 -2.22523e-6 2.78145e-7 1 -2.22524e-6 -2.78154e-7 1 0 2.78161e-7 1 -2.22524e-6 2.78146e-7 1 -2.22525e-6 -2.78156e-7 1 0 -2.78155e-7 1 0 2.78162e-7 1 -2.22524e-6 -2.78155e-7 1 0 2.78163e-7 1 -2.22525e-6 -2.78156e-7 1 0 2.78162e-7 1 -2.22523e-6 2.78146e-7 1 -2.22524e-6 -2.78155e-7 1 0 -2.78154e-7 1 0 2.78161e-7 1 -2.22524e-6 -2.78155e-7 1 0 -2.78155e-7 1 0 2.78161e-7 1 -2.22524e-6 -2.78155e-7 1 -1.11262e-6 -2.78155e-7 1 0 -2.78155e-7 1 0 2.78161e-7 1 -1.11262e-6 -2.78155e-7 1 0 -2.78155e-7 1 -1.11262e-6 2.78161e-7 1 -1.11262e-6 2.78146e-7 1 -1.11262e-6 -2.78155e-7 1 0 2.78161e-7 1 -2.22524e-6 2.78147e-7 1 -2.22524e-6 -2.78155e-7 1 0 2.78161e-7 1 -2.22524e-6 2.78147e-7 1 -2.22523e-6 -2.78154e-7 1 0 2.78161e-7 1 -2.22525e-6 2.78148e-7 1 -2.22524e-6 -2.78155e-7 1 0 2.78161e-7 1 -2.22523e-6 -2.78154e-7 1 0 2.7816e-7 1 -2.22524e-6 -2.78155e-7 1 -1.11261e-6 0 1 9.01805e-7 -2.63031e-7 -1 0 2.22524e-7 -1 -7.62939e-7 2.22521e-7 -1 0 0 -1 0 2.22522e-7 -1 7.62938e-7 0 -1 7.62937e-7 -6.67571e-7 -1 -1.52588e-6 2.22529e-7 -1 -2.28881e-6 6.67558e-7 -1 0 -2.22524e-7 -1 7.62938e-7 -6.67567e-7 -1 -1.52588e-6 2.22537e-7 -1 -2.28883e-6 6.67558e-7 -1 0 -2.22524e-7 -1 7.62942e-7 -6.67566e-7 -1 -1.52588e-6 2.2253e-7 -1 -2.28882e-6 6.67563e-7 -1 0 -2.22523e-7 -1 7.62939e-7 -6.67566e-7 -1 -1.52588e-6 2.22538e-7 -1 -2.28882e-6 6.67553e-7 -1 0 -2.22525e-7 -1 7.62942e-7 -6.67571e-7 -1 -1.52588e-6 2.22529e-7 -1 -2.28882e-6 6.6756e-7 -1 0 -2.22524e-7 -1 7.62938e-7 -6.67573e-7 -1 -1.52588e-6 2.22529e-7 -1 -2.28882e-6 6.67557e-7 -1 0 -2.22524e-7 -1 7.62942e-7 -6.67572e-7 -1 -1.52588e-6 2.22529e-7 -1 -2.28882e-6 6.67562e-7 -1 0 -2.22522e-7 -1 7.6294e-7 -6.6757e-7 -1 -1.52588e-6 2.22529e-7 -1 -2.28882e-6 6.67562e-7 -1 0 -2.22522e-7 -1 7.6294e-7 -6.67562e-7 -1 -1.52588e-6 2.22529e-7 -1 -2.28882e-6 6.67561e-7 -1 0 -2.22523e-7 -1 7.6294e-7 -6.6757e-7 -1 -1.52588e-6 2.22537e-7 -1 -2.28882e-6 6.67562e-7 -1 0 -2.22523e-7 -1 7.62941e-7 -6.67566e-7 -1 -1.52588e-6 2.22529e-7 -1 -2.28882e-6 6.67562e-7 -1 0 -2.22524e-7 -1 7.62939e-7 -6.6757e-7 -1 -1.52588e-6 2.22529e-7 -1 -2.28882e-6 6.67563e-7 -1 0 -2.22524e-7 -1 7.6294e-7 -6.6757e-7 -1 -1.52588e-6 2.22529e-7 -1 -2.28882e-6 6.67558e-7 -1 0 -2.22524e-7 -1 7.6294e-7 -6.67572e-7 -1 -1.52588e-6 2.22528e-7 -1 -2.28882e-6 6.67563e-7 -1 0 -2.22523e-7 -1 7.6294e-7 -6.67568e-7 -1 -1.52588e-6 2.22537e-7 -1 -2.28882e-6 6.67568e-7 -1 0 -2.22525e-7 -1 7.62939e-7 -6.67566e-7 -1 -1.52588e-6 2.22537e-7 -1 -2.28882e-6 6.67565e-7 -1 0 -2.22523e-7 -1 7.62941e-7 -6.67569e-7 -1 -1.52588e-6 2.22537e-7 -1 -2.28882e-6 6.67561e-7 -1 0 -2.22522e-7 -1 7.62936e-7 -6.67571e-7 -1 -1.52587e-6 2.22528e-7 -1 -2.28881e-6 6.67559e-7 -1 7.62941e-7 -4.45052e-7 -1 -7.62943e-7 0 -1 0 3.03704e-6 -1 -1.57848e-6 3.05172e-6 -1 5.26201e-7 7.62932e-6 -1 5.26124e-7 9.15538e-6 -1 -2.63079e-6 7.6294e-6 -1 -2.10463e-6 0 -1 1.57846e-6 -6.1035e-6 -1 -1.5785e-6 -1.5259e-6 -1 -1.57846e-6 3.05172e-6 -1 1.57848e-6 -1.52586e-6 -1 1.57848e-6 -6.10356e-6 -1 -1.5785e-6 -1.5259e-6 -1 -1.57849e-6 3.05178e-6 -1 1.57852e-6 -1.52589e-6 -1 2.10467e-6 -6.10363e-6 -1 -2.6308e-6 0 -1 -6.46529e-7 2.84483e-6 1 -6.57708e-7 1.90735e-6 1 6.57721e-7 4.76833e-6 1 0 5.72199e-6 1 -6.57695e-7 5.72213e-6 1 1.97314e-6 2.86106e-6 1 6.57681e-7 -2.861e-6 1 -2.63085e-6 -1.90736e-6 1 -6.57695e-7 5.72212e-6 1 -2.6308e-6 4.76833e-6 1 6.57681e-7 -2.861e-6 1 -2.63084e-6 -1.90736e-6 1 -6.57681e-7 5.722e-6 1 -2.6308e-6 4.76833e-6 1 0 -2.86106e-6 1 -1.9731e-6 -2.861e-6 1 6.46529e-7 -2.84483e-6 1 6.57708e-7 -1.90735e-6 1 -6.57721e-7 -4.76833e-6 1 0 -5.72199e-6 1 6.57695e-7 -5.72213e-6 1 -1.97314e-6 -2.86106e-6 1 -6.57681e-7 2.861e-6 1 2.63085e-6 1.90736e-6 1 6.57695e-7 -5.72212e-6 1 2.6308e-6 -4.76833e-6 1 -6.57681e-7 2.861e-6 1 2.63084e-6 1.90736e-6 1 6.57681e-7 -5.722e-6 1 2.6308e-6 -4.76833e-6 1 0 2.86106e-6 1 1.9731e-6 2.861e-6 1 0 -3.03704e-6 -1 1.57848e-6 -3.05172e-6 -1 -5.26201e-7 -7.62932e-6 -1 -5.26124e-7 -9.15538e-6 -1 2.63079e-6 -7.6294e-6 -1 2.10463e-6 0 -1 -1.57846e-6 6.1035e-6 -1 1.5785e-6 1.5259e-6 -1 1.57846e-6 -3.05172e-6 -1 -1.57848e-6 1.52586e-6 -1 -1.57848e-6 6.10356e-6 -1 1.5785e-6 1.5259e-6 -1 1.57849e-6 -3.05178e-6 -1 -1.57852e-6 1.52589e-6 -1 -2.10467e-6 6.10363e-6 -1 2.6308e-6 0 -1 0.8701037 0.4928687 4.39091e-6 -0.8701032 -0.4928697 -4.75897e-6 0.8701044 0.4928677 0 -0.8701028 -0.4928705 4.75893e-6 0.8932064 0.4496469 -4.39089e-6 -0.8932075 -0.4496448 0 0.8932073 0.4496452 3.91345e-6 -0.8932057 -0.4496486 0 0.8448761 0.5349619 0 -0.8448761 -0.5349622 0 0.8448747 0.5349642 -2.45792e-6 -0.8448764 -0.5349616 -4.55171e-6 0.8448751 0.5349637 0 -0.8448782 -0.5349588 0 0.8448771 0.5349605 3.86572e-6 -0.8448762 -0.5349619 -4.55171e-6 0.8701028 0.4928706 0 -0.8701067 -0.4928636 0 0.8932073 0.4496452 0 -0.8932051 -0.4496496 0 0.9141917 0.4052821 0 -0.9141896 -0.4052869 -7.65146e-6 0.9141904 0.405285 7.11557e-7 -0.9141902 -0.4052858 -9.10345e-6 0.9141911 0.4052833 -9.49317e-6 -0.9141901 -0.4052858 9.10338e-6 0.914192 0.4052815 8.78161e-6 -0.9141888 -0.4052888 0 0.8932107 0.4496386 0 -0.8932079 -0.449644 0 0.8701009 0.4928738 -4.3909e-6 -0.8701027 -0.4928706 0 0.615252 0.7883305 0 -0.6152518 -0.7883306 0 0.6152628 0.7883221 -1.80367e-5 -0.6152619 -0.7883229 -8.84832e-6 0.6531476 0.7572307 0 -0.653151 -0.7572277 0 0.6531465 0.7572315 -4.32208e-6 -0.6531458 -0.7572323 0 0.5758467 0.8175576 0 -0.5758438 -0.8175598 -1.23634e-5 0.5758454 0.8175588 -2.74981e-6 -0.575841 -0.8175618 2.73102e-5 0.5758513 0.8175544 1.75631e-5 -0.5758387 -0.8175634 2.92175e-6 0.575851 0.8175547 0 -0.5758466 -0.8175578 9.10338e-6 0.6152571 0.7883266 2.63453e-5 -0.6152454 -0.7883358 -9.10314e-6 0.6531493 0.7572293 0 -0.6531526 -0.7572264 -5.09312e-6 0.6895024 0.7242833 0 -0.6895093 -0.7242769 0 0.6895076 0.7242785 0 -0.6895092 -0.7242771 0 0.68951 0.7242762 -8.66804e-6 -0.6895125 -0.7242738 9.10337e-6 0.6895087 0.7242775 8.78161e-6 -0.6895048 -0.7242811 0 0.6531487 0.7572298 0 -0.653149 -0.7572295 0 0.6152588 0.7883252 -8.78181e-6 -0.6152574 -0.7883263 -4.67888e-6 0.2667476 0.9637665 0 -0.2667535 -0.9637649 -6.81944e-6 0.2667471 0.9637666 0 -0.2667433 -0.9637677 0 0.3136479 0.9495395 -5.86068e-6 -0.3136511 -0.9495384 0 0.313643 0.949541 -5.85148e-6 -0.3136456 -0.9495401 -9.10308e-6 0.2191542 0.9756903 -7.62531e-6 -0.2191453 -0.9756923 1.82e-5 0.2191439 0.9756926 0 -0.2191345 -0.9756947 1.27204e-5 0.2191431 0.9756928 -7.62533e-6 -0.2191447 -0.9756924 1.82e-5 0.2191489 0.9756914 0 -0.2191337 -0.9756949 0 -0.2667479 -0.9637663 -2.73092e-5 0.3136482 0.9495393 0 -0.3136469 -0.9495398 -9.1031e-6 0.3598577 0.9330072 -4.75315e-6 -0.3598573 -0.9330075 -9.1034e-6 0.3598583 0.9330071 1.75631e-5 -0.3598465 -0.9330115 5.18116e-6 0.3598479 0.933011 -1.281e-5 -0.3598474 -0.9330112 1.82069e-5 0.359848 0.9330109 8.78162e-6 -0.3598424 -0.9330132 -9.10343e-6 0.313649 0.949539 0 -0.3136492 -0.949539 -4.22376e-6 0.2667411 0.9637683 -6.80861e-6 -0.266749 -0.963766 -9.10308e-6 -1 3.56038e-6 0 1 0 6.10352e-6 -1 3.56038e-6 0 1 -3.56038e-6 -6.10355e-6 -1 0 0 1 -3.56038e-6 0 1 0 0 -1 2.00273e-6 3.05176e-6 1 7.12076e-6 3.05172e-6 -1 3.56039e-6 -6.10351e-6 1 -4.78429e-6 6.10352e-6 -1 -3.56038e-6 6.10354e-6 1 4.673e-6 -6.10355e-6 -1 3.56038e-6 -3.05177e-6 1 -5.56308e-6 3.05177e-6 1 3.56038e-6 3.05177e-6 -1 9.03309e-7 -3.05177e-6 1 1.20624e-6 0 -1 0 3.05177e-6 1 9.57175e-7 -3.05177e-6 1 0 0 -1 0 0 1 0 0 0.1121721 0.9936889 0 -0.1121708 -0.993689 -3.77254e-6 0.1121774 0.9936883 0 -0.1121762 -0.9936884 0 0.136475 0.9906435 0 -0.1364914 -0.9906414 0 0.136475 0.9906436 8.78794e-6 -0.1364804 -0.9906429 -1.80485e-5 0.1000481 0.9949826 1.74376e-5 -0.100035 -0.9949839 -1.81675e-5 0.1000481 0.9949826 1.74376e-5 -0.1000458 -0.9949828 0 0.1000481 0.9949827 -1.26859e-5 -0.1000461 -0.9949828 7.94831e-6 0.1000481 0.9949826 -1.74376e-5 -0.1000461 -0.9949828 0 0.1121884 0.993687 0 -0.1121761 -0.9936884 1.79347e-5 0.1364803 0.9906428 0 -0.136486 -0.990642 1.80485e-5 0.17291 0.9849377 -1.76023e-5 -0.1729164 -0.9849365 1.81521e-5 0.1729149 0.9849368 9.29278e-6 -0.1729165 -0.9849365 -1.81522e-5 0.1729143 0.9849369 -1.76022e-5 -0.1729167 -0.9849365 1.37423e-5 0.1729095 0.9849377 9.29281e-6 -0.1729108 -0.9849375 -1.81521e-5 0.1364803 0.9906429 0 -0.136485 -0.9906422 1.80483e-5 0.1121885 0.9936869 -1.76962e-5 -0.1121876 -0.993687 -1.79348e-5 0.4496451 0.8932073 0 -0.4496417 -0.8932091 1.5872e-6 0.4496449 0.8932074 2.1442e-6 -0.449642 -0.8932089 0 0.4928694 0.8701033 7.50158e-6 -0.4928673 -0.8701046 0 0.492872 0.8701019 -8.78178e-6 -0.4928606 -0.8701083 9.31811e-6 0.4052868 0.9141896 -3.51633e-6 -0.4052899 -0.9141882 0 0.4052895 0.9141885 8.78153e-6 -0.4052786 -0.9141932 -9.10342e-6 0.4052895 0.9141885 -1.05489e-5 -0.4052934 -0.9141867 -1.19275e-5 0.4052792 0.914193 3.51636e-6 -0.405279 -0.9141931 2.82409e-6 0.4496352 0.8932123 0 -0.4496397 -0.8932101 1.58719e-6 0.492871 0.8701025 0 -0.4928686 -0.8701039 0 0.5349567 0.8448795 0 -0.534957 -0.8448793 0 0.5349559 0.8448801 0 -0.5349625 -0.8448758 0 0.5349589 0.844878 -1.98496e-6 -0.5349661 -0.8448736 9.10338e-6 0.5349612 0.8448767 0 -0.5349594 -0.8448778 0 0.4928706 0.8701028 0 -0.4928751 -0.8701001 -9.3181e-6 0.4496367 0.8932116 -2.14424e-6 -0.449631 -0.8932145 0 0.9906421 0.136485 -3.13648e-6 -0.9906427 -0.1364807 3.38405e-6 0.9906429 0.1364794 6.618e-6 -0.9906417 -0.1364892 1.14963e-6 0.993688 0.1121802 0 -0.9936868 -0.1121902 2.98048e-6 0.9936874 0.1121846 0 -0.9936873 -0.1121858 0 0.9849382 0.1729073 4.40053e-6 -0.9849377 -0.1729099 -4.53799e-6 0.9849375 0.1729114 0 -0.9849398 -0.172898 -6.03331e-6 0.984938 0.1729078 -2.20028e-6 -0.9849378 -0.1729096 6.03336e-6 0.9849368 0.1729151 0 -0.9849385 -0.1729049 0 0.9906434 0.1364766 -7.37592e-6 -0.9906428 -0.1364809 7.89612e-6 0.9936874 0.1121847 0 -0.9936864 -0.1121935 0 0.9949824 0.1000508 3.26951e-6 -0.9949829 -0.1000456 -3.40641e-6 0.9949827 0.100047 0 -0.9949828 -0.1000466 0 0.9949828 0.1000469 0 -0.994983 -0.1000439 0 0.9949827 0.1000469 -3.16005e-6 -0.9949835 -0.1000394 0 0.9936871 0.1121876 0 -0.9936864 -0.112194 -2.98049e-6 0.9906426 0.1364823 4.412e-6 -0.9906414 -0.1364908 -3.40569e-6 0.7572301 0.6531484 2.94197e-7 -0.7572291 -0.6531495 -9.10316e-6 0.7572295 0.653149 0 -0.7572302 -0.6531482 1.0684e-5 0.7883262 0.6152575 0 -0.7883275 -0.6152558 0 0.7883221 0.6152628 -8.78175e-6 -0.7883276 -0.6152557 3.02145e-6 0.7242729 0.6895135 -8.78166e-6 -0.7242784 -0.6895077 -1.82066e-5 0.7242729 0.6895135 -1.32563e-5 -0.724272 -0.6895145 1.82068e-5 0.7242773 0.6895089 0 -0.7242783 -0.6895078 3.10179e-6 0.724278 0.6895081 4.30704e-6 -0.7242776 -0.6895086 0 0.7572281 0.6531506 1.47098e-7 -0.7572219 -0.6531577 0 0.7883223 0.6152626 9.91726e-6 -0.7883266 -0.6152571 -9.10302e-6 0.817557 0.5758477 0 -0.8175612 -0.5758419 -1.16049e-5 0.8175643 0.5758374 0 -0.8175591 -0.5758449 1.25072e-6 0.8175601 0.5758434 0 -0.8175574 -0.5758473 0 0.8175563 0.5758488 0 -0.8175553 -0.5758502 0 0.7883286 0.6152545 -4.95863e-6 -0.7883323 -0.6152499 9.10302e-6 0.7572287 0.6531498 0 -0.7572239 -0.6531556 1.22649e-5 0.9495402 0.3136453 4.39086e-6 -0.9495381 -0.3136519 1.09605e-5 0.9495387 0.3136499 -8.78175e-6 -0.9495431 -0.3136365 -6.40892e-6 0.9637649 0.2667534 0 -0.9637668 -0.2667462 -1.96045e-6 0.9637679 0.2667423 2.19545e-6 -0.9637641 -0.2667562 6.19668e-6 0.9330081 0.3598554 0 -0.9330121 -0.3598452 0 0.9330068 0.3598588 -4.03077e-6 -0.9330106 -0.3598487 9.10344e-6 0.9330081 0.3598557 8.78161e-6 -0.9330071 -0.359858 -2.0717e-6 0.9330095 0.3598519 0 -0.9330112 -0.3598476 0 0.949536 0.3136582 0 -0.9495374 -0.3136539 0 0.9637675 0.2667438 4.39086e-6 -0.9637664 -0.2667477 0 0.9756922 0.219146 4.27974e-6 -0.9756914 -0.2191491 0 0.9756914 0.2191491 -4.27979e-6 -0.9756916 -0.2191482 2.27497e-6 0.9756921 0.2191461 4.39239e-6 -0.975692 -0.2191466 0 0.9756907 0.2191525 -2.08356e-6 -0.9756911 -0.2191507 2.27502e-6 0.9637695 0.2667364 -7.6276e-6 -0.9637673 -0.2667445 4.55152e-6 0.9495385 0.3136509 -9.70828e-7 -0.9495365 -0.3136568 -4.55154e-6 -0.8701027 0.4928706 4.39091e-6 0.8701013 -0.492873 0 -0.8932074 0.4496451 -3.91349e-6 0.8932078 -0.4496442 0 -0.870101 0.4928735 -8.78186e-6 0.8701032 -0.4928697 4.75897e-6 -0.893211 0.4496377 0 0.8932094 -0.4496411 0 -0.844877 0.5349609 -6.32365e-6 0.8448797 -0.5349566 0 -0.8701025 0.492871 -4.39093e-6 0.8701053 -0.4928662 2.07417e-7 -0.8932093 0.4496411 0 0.8932074 -0.449645 0 -0.9141925 0.4052803 4.39081e-6 0.9141889 -0.4052886 4.55171e-6 -0.9141912 0.4052833 0 0.9141919 -0.4052817 3.09976e-6 -0.914192 0.4052814 1.02047e-5 0.914191 -0.4052838 -4.55173e-6 -0.9141897 0.4052867 0 0.914189 -0.4052884 0 -0.893207 0.4496458 0 0.8932079 -0.4496439 0 -0.870103 0.4928701 4.3909e-6 0.8701053 -0.492866 -4.55156e-6 -0.8448755 0.5349631 -8.78158e-6 0.8448764 -0.5349617 5.3641e-6 -0.844875 0.5349637 -6.32369e-6 0.8448754 -0.5349633 0 -0.8448778 0.5349593 0 0.8448783 -0.5349586 0 -0.6152625 0.7883224 -8.78178e-6 0.6152645 -0.7883207 8.84835e-6 -0.6531417 0.7572357 -1.37617e-7 0.6531564 -0.7572231 0 -0.6152535 0.7883293 -9.25502e-6 0.6152643 -0.788321 -9.10307e-6 -0.6531492 0.7572293 -8.78176e-6 0.6531496 -0.7572289 5.09311e-6 -0.5758529 0.8175535 0 0.5758422 -0.8175609 0 -0.6152464 0.788335 1.75637e-5 0.6152464 -0.7883349 -9.10312e-6 -0.6531556 0.7572237 0 0.6531585 -0.7572213 0 -0.6895041 0.7242818 0 0.6895044 -0.7242815 -1.10664e-6 -0.6895072 0.7242789 0 0.6895095 -0.7242767 2.21335e-6 -0.6895101 0.7242761 0 0.6895093 -0.7242769 0 -0.6895036 0.7242823 0 0.6895104 -0.7242758 0 -0.6531496 0.757229 0 0.6531497 -0.7572288 0 -0.6152574 0.7883263 8.78177e-6 0.6152537 -0.7883292 0 -0.5758484 0.8175565 -8.78162e-6 0.5758435 -0.81756 1.23634e-5 -0.5758416 0.8175614 0 0.575839 -0.8175631 9.10346e-6 -0.575844 0.8175597 0 0.5758389 -0.8175632 -5.8435e-6 -0.2667474 0.9637665 1.0755e-5 0.2667486 -0.9637661 9.1031e-6 -0.3136377 0.9495427 1.75636e-5 0.3136613 -0.949535 0 -0.2667423 0.963768 1.75636e-5 0.2667482 -0.9637663 6.81945e-6 -0.3136522 0.9495379 2.3415e-5 0.3136409 -0.9495418 1.82062e-5 -0.2191434 0.9756927 -1.75697e-5 0.2191452 -0.9756923 0 -0.2667419 0.963768 -3.51271e-5 0.2667482 -0.9637663 0 -0.3136582 0.949536 0 0.3136613 -0.949535 0 -0.3598439 0.9330126 8.78164e-6 0.3598411 -0.9330137 5.18118e-6 -0.3598482 0.9330109 -1.75632e-5 0.3598476 -0.9330111 7.84454e-6 -0.3598486 0.9330107 1.28101e-5 0.3598463 -0.9330116 -9.10342e-6 -0.3598436 0.9330127 0 0.3598482 -0.9330109 0 -0.3136482 0.9495393 0 0.3136569 -0.9495364 0 -0.2667424 0.9637679 0 0.2667472 -0.9637666 -9.10303e-6 -0.2191539 0.9756904 7.62529e-6 0.2191454 -0.9756922 0 -0.2191432 0.9756927 1.75697e-5 0.2191346 -0.9756947 -3.09205e-5 -0.2191534 0.9756905 -9.94431e-6 0.2191345 -0.9756948 0 -0.1121774 0.9936883 0 0.1121764 -0.9936884 -3.77254e-6 -0.1364807 0.9906428 0 0.1364856 -0.9906421 0 -0.1121719 0.9936888 0 0.1121711 -0.993689 3.77255e-6 -0.1364966 0.9906405 1.76481e-5 0.1365025 -0.9906398 1.80484e-5 -0.1000481 0.9949826 1.74376e-5 0.1000456 -0.9949829 -3.97414e-6 -0.1121777 0.9936882 -8.39428e-6 0.1121875 -0.993687 -1.79347e-5 -0.1364859 0.990642 0 0.1364855 -0.9906421 0 -0.1729038 0.9849388 1.76023e-5 0.172911 -0.9849376 -1.81522e-5 -0.1729041 0.9849387 -1.76023e-5 0.1729049 -0.9849386 4.40987e-6 -0.1729043 0.9849387 9.83309e-7 0.1729055 -0.9849385 0 -0.1729093 0.9849379 -1.85856e-5 0.1729105 -0.9849376 2.50232e-5 -0.1364803 0.9906428 -2.64361e-5 0.1364851 -0.9906421 3.55157e-6 -0.1121879 0.993687 0 0.1121876 -0.993687 3.58695e-5 -0.1000372 0.9949838 0 0.1000459 -0.9949828 0 -0.100048 0.9949827 0 0.1000461 -0.9949828 0 -0.1000481 0.9949827 1.26859e-5 0.1000461 -0.9949828 -3.97415e-6 -0.4496493 0.8932052 0 0.4496403 -0.8932097 0 -0.4928629 0.8701069 -1.69236e-5 0.4928691 -0.8701035 0 -0.4496434 0.8932082 -8.78178e-6 0.4496442 -0.8932079 0 -0.4928672 0.8701046 0 0.4928645 -0.8701061 9.53307e-6 -0.405282 0.9141919 0 0.4052838 -0.9141909 0 -0.4496417 0.893209 0 0.4496416 -0.8932091 -1.5872e-6 -0.4928705 0.8701028 -8.78176e-6 0.4928722 -0.8701017 -9.10303e-6 -0.534954 0.8448812 0 0.5349612 -0.8448766 0 -0.5349582 0.8448786 0 0.5349622 -0.8448761 0 -0.534965 0.8448743 1.98496e-6 0.5349709 -0.8448706 2.57828e-6 -0.5349548 0.8448808 -1.98497e-6 0.5349681 -0.8448724 0 -0.4928757 0.8700997 -8.78174e-6 0.4928727 -0.8701015 8.88803e-6 -0.4496349 0.8932126 1.75636e-5 0.4496327 -0.8932136 -9.10314e-6 -0.4052867 0.9141896 8.78159e-6 0.4052785 -0.9141934 0 -0.4052758 0.9141945 5.26526e-6 0.4052901 -0.9141882 0 -0.4052869 0.9141896 -1.74892e-6 0.4052885 -0.9141889 0 -0.9906428 0.1364806 -3.309e-6 0.9906421 -0.1364856 3.38405e-6 -0.9936878 0.1121818 1.10601e-6 0.9936863 -0.1121946 -2.98051e-6 -0.9906426 0.1364816 0 0.9906428 -0.1364802 -7.89612e-6 -0.993688 0.1121802 -2.57395e-6 0.9936872 -0.1121869 5.60459e-6 -0.9849371 0.1729133 2.20025e-6 0.9849368 -0.1729149 2.269e-6 -0.9906421 0.1364858 0 0.9906424 -0.1364828 -2.25605e-6 -0.9936878 0.1121808 1.10601e-6 0.9936877 -0.112182 0 -0.9949829 0.1000457 3.26951e-6 0.9949832 -0.1000428 -3.68822e-6 -0.9949826 0.1000484 0 0.994983 -0.1000452 0 -0.9949828 0.1000465 0 0.9949827 -0.1000478 3.68828e-6 -0.9949827 0.1000475 3.16007e-6 0.9949836 -0.1000388 0 -0.9936875 0.1121833 2.21199e-6 0.9936883 -0.1121769 0 -0.9906421 0.1364857 0 0.9906414 -0.1364907 5.64011e-6 -0.9849372 0.1729127 0 0.9849389 -0.1729029 0 -0.984938 0.1729083 -2.20027e-6 0.9849383 -0.1729065 2.269e-6 -0.9849382 0.1729075 6.60087e-6 0.9849379 -0.1729089 -3.76438e-6 -0.7572334 0.6531444 8.78174e-6 0.7572306 -0.6531477 -3.16181e-6 -0.7883223 0.6152626 4.95867e-6 0.7883264 -0.6152573 -9.10308e-6 -0.7572327 0.6531453 -8.7818e-6 0.7572292 -0.6531494 9.10303e-6 -0.788328 0.6152553 3.8231e-6 0.7883252 -0.6152588 1.82063e-5 -0.7242783 0.6895079 1.67495e-7 0.7242842 -0.6895017 0 -0.7572282 0.6531504 -1.47098e-7 0.7572253 -0.6531538 9.10312e-6 -0.7883237 0.6152608 -8.78182e-6 0.7883297 -0.6152532 6.06231e-6 -0.8175643 0.5758374 0 0.8175607 -0.5758425 1.03541e-5 -0.8175594 0.5758444 0 0.8175564 -0.5758487 -1.25074e-6 -0.8175622 0.5758404 1.16699e-6 0.8175563 -0.5758488 0 -0.8175547 0.575851 -8.78165e-6 0.8175553 -0.5758501 -1.25071e-6 -0.7883298 0.6152529 0 0.7883254 -0.6152585 -3.02144e-6 -0.7572259 0.6531531 0 0.757228 -0.6531506 -1.58092e-6 -0.7242795 0.6895065 -8.78161e-6 0.7242779 -0.6895083 9.10332e-6 -0.7242727 0.6895138 -4.30705e-6 0.7242814 -0.6895046 0 -0.7242755 0.6895108 0 0.7242816 -0.6895044 0 0 -1 1.68373e-5 -1.05233e-5 1 -1.68373e-5 0 -1 0 0 1 1.68372e-5 1.05233e-5 -1 -3.68317e-6 -1.05233e-5 1 0 0 -1 -1.31541e-5 0 1 -1.21017e-5 0 -1 9.47092e-6 0 1 4.73551e-6 1.05233e-5 -1 3.68318e-6 -1.05233e-5 1 2.42037e-5 0 1 -1.21018e-5 0 1 0 0 1 1.65511e-5 0 -1 9.63759e-6 0 1 4.65501e-6 0 1 1.68372e-5 5.26164e-6 -1 1.68372e-5 -1.05233e-5 1 -1.68373e-5 -5.26165e-6 -1 2.05204e-5 5.26165e-6 1 -4.73551e-6 -5.26164e-6 -1 0 5.26165e-6 1 2.15727e-5 0 -1 1.68373e-5 0 1 -1.68373e-5 -0.9495409 0.3136435 0 0.9495371 -0.313655 9.1031e-6 -0.9637658 0.2667502 0 0.9637653 -0.266752 0 -0.9495371 0.313655 0 0.9495406 -0.3136444 -4.55151e-6 -0.9637672 0.266745 4.91152e-6 0.9637636 -0.266758 0 -0.9330097 0.3598515 0 0.9330109 -0.3598484 0 -0.9495369 0.3136556 -4.3909e-6 0.9495383 -0.3136513 0 -0.9637653 0.2667518 -2.19543e-6 0.9637646 -0.2667547 -4.2362e-6 -0.9756916 0.2191486 -6.58864e-6 0.975691 -0.219151 8.08387e-6 -0.9756912 0.2191503 2.08354e-6 0.975692 -0.2191461 0 -0.9756912 0.2191501 4.39246e-6 0.9756907 -0.219152 -5.17946e-6 -0.9756911 0.2191508 2.19623e-6 0.9756921 -0.2191464 -2.27502e-6 -0.9637672 0.266745 2.71612e-6 0.963768 -0.2667419 4.23621e-6 -0.949537 0.3136551 -3.42007e-6 0.9495377 -0.3136531 0 -0.9330126 0.3598439 -8.78162e-6 0.9330123 -0.3598446 6.62329e-6 -0.9330083 0.3598549 1.28124e-5 0.9330065 -0.3598595 -9.1034e-6 -0.9330046 0.3598644 -8.78162e-6 0.9330057 -0.3598619 6.62336e-6 0.8701027 -0.4928706 4.39091e-6 -0.8701013 0.492873 0 0.8932074 -0.4496451 -3.91349e-6 -0.8932078 0.4496442 0 0.870101 -0.4928735 -8.78186e-6 -0.8701032 0.4928697 4.75897e-6 0.893211 -0.4496377 0 -0.8932094 0.4496411 0 0.844877 -0.5349609 -6.32365e-6 -0.8448797 0.5349566 0 0.8701025 -0.492871 -4.39093e-6 -0.8701053 0.4928662 2.07417e-7 0.8932093 -0.4496411 0 -0.8932074 0.449645 0 0.9141925 -0.4052803 4.39081e-6 -0.9141889 0.4052886 4.55171e-6 0.9141912 -0.4052833 0 -0.9141919 0.4052817 3.09976e-6 0.914192 -0.4052814 1.02047e-5 -0.914191 0.4052838 -4.55173e-6 0.9141897 -0.4052867 0 -0.914189 0.4052884 0 0.893207 -0.4496458 0 -0.8932079 0.4496439 0 0.870103 -0.4928701 4.3909e-6 -0.8701053 0.492866 -4.55156e-6 0.8448755 -0.5349631 -8.78158e-6 -0.8448764 0.5349617 5.3641e-6 0.844875 -0.5349637 -6.32369e-6 -0.8448754 0.5349633 0 0.8448778 -0.5349593 0 -0.8448783 0.5349586 0 0.6152625 -0.7883224 -8.78178e-6 -0.6152645 0.7883207 8.84835e-6 0.6531417 -0.7572357 -1.37617e-7 -0.6531564 0.7572231 0 0.6152535 -0.7883293 -9.25502e-6 -0.6152643 0.788321 -9.10307e-6 0.6531492 -0.7572293 -8.78176e-6 -0.6531496 0.7572289 5.09311e-6 0.5758529 -0.8175535 0 -0.5758422 0.8175609 0 0.6152464 -0.788335 1.75637e-5 -0.6152464 0.7883349 -9.10312e-6 0.6531556 -0.7572237 0 -0.6531585 0.7572213 0 0.6895041 -0.7242818 0 -0.6895044 0.7242815 -1.10664e-6 0.6895072 -0.7242789 0 -0.6895095 0.7242767 2.21335e-6 0.6895101 -0.7242761 0 -0.6895093 0.7242769 0 0.6895036 -0.7242823 0 -0.6895104 0.7242758 0 0.6531496 -0.757229 0 -0.6531497 0.7572288 0 0.6152574 -0.7883263 8.78177e-6 -0.6152537 0.7883292 0 0.5758484 -0.8175565 -8.78162e-6 -0.5758435 0.81756 1.23634e-5 0.5758416 -0.8175614 0 -0.575839 0.8175631 9.10346e-6 0.575844 -0.8175597 0 -0.5758389 0.8175632 -5.8435e-6 0.2667474 -0.9637665 1.0755e-5 -0.2667486 0.9637661 9.1031e-6 0.3136377 -0.9495427 1.75636e-5 -0.3136613 0.949535 0 0.2667423 -0.963768 1.75636e-5 -0.2667482 0.9637663 6.81945e-6 0.3136522 -0.9495379 2.3415e-5 -0.3136409 0.9495418 1.82062e-5 0.2191434 -0.9756927 -1.75697e-5 -0.2191452 0.9756923 0 0.2667419 -0.963768 -3.51271e-5 -0.2667482 0.9637663 0 0.3136582 -0.949536 0 -0.3136613 0.949535 0 0.3598439 -0.9330126 8.78164e-6 -0.3598411 0.9330137 5.18118e-6 0.3598482 -0.9330109 -1.75632e-5 -0.3598476 0.9330111 7.84454e-6 0.3598486 -0.9330107 1.28101e-5 -0.3598463 0.9330116 -9.10342e-6 0.3598436 -0.9330127 0 -0.3598482 0.9330109 0 0.3136482 -0.9495393 0 -0.3136569 0.9495364 0 0.2667424 -0.9637679 0 -0.2667472 0.9637666 -9.10303e-6 0.2191539 -0.9756904 7.62529e-6 -0.2191454 0.9756922 0 0.2191432 -0.9756927 1.75697e-5 -0.2191346 0.9756947 -3.09205e-5 0.2191534 -0.9756905 -9.94431e-6 -0.2191345 0.9756948 0 0.1121774 -0.9936883 0 -0.1121764 0.9936884 -3.77254e-6 0.1364807 -0.9906428 0 -0.1364856 0.9906421 0 0.1121719 -0.9936888 0 -0.1121711 0.993689 3.77255e-6 0.1364966 -0.9906405 1.76481e-5 -0.1365025 0.9906398 1.80484e-5 0.1000481 -0.9949826 1.74376e-5 -0.1000456 0.9949829 -3.97414e-6 0.1121777 -0.9936882 -8.39428e-6 -0.1121875 0.993687 -1.79347e-5 0.1364859 -0.990642 0 -0.1364855 0.9906421 0 0.1729038 -0.9849388 1.76023e-5 -0.172911 0.9849376 -1.81522e-5 0.1729041 -0.9849387 -1.76023e-5 -0.1729049 0.9849386 4.40987e-6 0.1729043 -0.9849387 9.83309e-7 -0.1729055 0.9849385 0 0.1729093 -0.9849379 -1.85856e-5 -0.1729105 0.9849376 2.50232e-5 0.1364803 -0.9906428 -2.64361e-5 -0.1364851 0.9906421 3.55157e-6 0.1121879 -0.993687 0 -0.1121876 0.993687 3.58695e-5 0.1000372 -0.9949838 0 -0.1000459 0.9949828 0 0.100048 -0.9949827 0 -0.1000461 0.9949828 0 0.1000481 -0.9949827 1.26859e-5 -0.1000461 0.9949828 -3.97415e-6 0.4496493 -0.8932052 0 -0.4496403 0.8932097 0 0.4928629 -0.8701069 -1.69236e-5 -0.4928691 0.8701035 0 0.4496434 -0.8932082 -8.78178e-6 -0.4496442 0.8932079 0 0.4928672 -0.8701046 0 -0.4928645 0.8701061 9.53307e-6 0.405282 -0.9141919 0 -0.4052838 0.9141909 0 0.4496417 -0.893209 0 -0.4496416 0.8932091 -1.5872e-6 0.4928705 -0.8701028 -8.78176e-6 -0.4928722 0.8701017 -9.10303e-6 0.534954 -0.8448812 0 -0.5349612 0.8448766 0 0.5349582 -0.8448786 0 -0.5349622 0.8448761 0 0.534965 -0.8448743 1.98496e-6 -0.5349709 0.8448706 2.57828e-6 0.5349548 -0.8448808 -1.98497e-6 -0.5349681 0.8448724 0 0.4928757 -0.8700997 -8.78174e-6 -0.4928727 0.8701015 8.88803e-6 0.4496349 -0.8932126 1.75636e-5 -0.4496327 0.8932136 -9.10314e-6 0.4052867 -0.9141896 8.78159e-6 -0.4052785 0.9141934 0 0.4052758 -0.9141945 5.26526e-6 -0.4052901 0.9141882 0 0.4052869 -0.9141896 -1.74892e-6 -0.4052885 0.9141889 0 0.9906428 -0.1364806 -3.309e-6 -0.9906421 0.1364856 3.38405e-6 0.9936878 -0.1121818 1.10601e-6 -0.9936863 0.1121946 -2.98051e-6 0.9906426 -0.1364816 0 -0.9906428 0.1364802 -7.89612e-6 0.993688 -0.1121802 -2.57395e-6 -0.9936872 0.1121869 5.60459e-6 0.9849371 -0.1729133 2.20025e-6 -0.9849368 0.1729149 2.269e-6 0.9906421 -0.1364858 0 -0.9906424 0.1364828 -2.25605e-6 0.9936878 -0.1121808 1.10601e-6 -0.9936877 0.112182 0 0.9949829 -0.1000457 3.26951e-6 -0.9949832 0.1000428 -3.68822e-6 0.9949826 -0.1000484 0 -0.994983 0.1000452 0 0.9949828 -0.1000465 0 -0.9949827 0.1000478 3.68828e-6 0.9949827 -0.1000475 3.16007e-6 -0.9949836 0.1000388 0 0.9936875 -0.1121833 2.21199e-6 -0.9936883 0.1121769 0 0.9906421 -0.1364857 0 -0.9906414 0.1364907 5.64011e-6 0.9849372 -0.1729127 0 -0.9849389 0.1729029 0 0.984938 -0.1729083 -2.20027e-6 -0.9849383 0.1729065 2.269e-6 0.9849382 -0.1729075 6.60087e-6 -0.9849379 0.1729089 -3.76438e-6 0.7572334 -0.6531444 8.78174e-6 -0.7572306 0.6531477 -3.16181e-6 0.7883223 -0.6152626 4.95867e-6 -0.7883264 0.6152573 -9.10308e-6 0.7572327 -0.6531453 -8.7818e-6 -0.7572292 0.6531494 9.10303e-6 0.788328 -0.6152553 3.8231e-6 -0.7883252 0.6152588 1.82063e-5 0.7242783 -0.6895079 1.67495e-7 -0.7242842 0.6895017 0 0.7572282 -0.6531504 -1.47098e-7 -0.7572253 0.6531538 9.10312e-6 0.7883237 -0.6152608 -8.78182e-6 -0.7883297 0.6152532 6.06231e-6 0.8175643 -0.5758374 0 -0.8175607 0.5758425 1.03541e-5 0.8175594 -0.5758444 0 -0.8175564 0.5758487 -1.25074e-6 0.8175622 -0.5758404 1.16699e-6 -0.8175563 0.5758488 0 0.8175547 -0.575851 -8.78165e-6 -0.8175553 0.5758501 -1.25071e-6 0.7883298 -0.6152529 0 -0.7883254 0.6152585 -3.02144e-6 0.7572259 -0.6531531 0 -0.757228 0.6531506 -1.58092e-6 0.7242795 -0.6895065 -8.78161e-6 -0.7242779 0.6895083 9.10332e-6 0.7242727 -0.6895138 -4.30705e-6 -0.7242814 0.6895046 0 0.7242755 -0.6895108 0 -0.7242816 0.6895044 0 0 1 1.68373e-5 1.05233e-5 -1 -1.68373e-5 0 -1 1.68372e-5 -1.05233e-5 1 -3.68317e-6 1.05233e-5 -1 0 0 1 -1.31541e-5 0 -1 -1.21017e-5 0 1 9.47092e-6 0 -1 4.73551e-6 -1.05233e-5 1 3.68318e-6 1.05233e-5 -1 2.42037e-5 0 -1 -1.21018e-5 0 -1 1.65511e-5 0 1 9.63759e-6 0 -1 4.65501e-6 0 -1 1.68372e-5 -5.26164e-6 1 1.68372e-5 1.05233e-5 -1 -1.68373e-5 5.26165e-6 1 2.05204e-5 -5.26165e-6 -1 -4.73551e-6 5.26164e-6 1 0 -5.26165e-6 -1 2.15727e-5 0 1 1.68373e-5 0 -1 -1.68373e-5 0.9495409 -0.3136435 0 -0.9495371 0.313655 9.1031e-6 0.9637658 -0.2667502 0 -0.9637653 0.266752 0 0.9495371 -0.313655 0 -0.9495406 0.3136444 -4.55151e-6 0.9637672 -0.266745 4.91152e-6 -0.9637636 0.266758 0 0.9330097 -0.3598515 0 -0.9330109 0.3598484 0 0.9495369 -0.3136556 -4.3909e-6 -0.9495383 0.3136513 0 0.9637653 -0.2667518 -2.19543e-6 -0.9637646 0.2667547 -4.2362e-6 0.9756916 -0.2191486 -6.58864e-6 -0.975691 0.219151 8.08387e-6 0.9756912 -0.2191503 2.08354e-6 -0.975692 0.2191461 0 0.9756912 -0.2191501 4.39246e-6 -0.9756907 0.219152 -5.17946e-6 0.9756911 -0.2191508 2.19623e-6 -0.9756921 0.2191464 -2.27502e-6 0.9637672 -0.266745 2.71612e-6 -0.963768 0.2667419 4.23621e-6 0.949537 -0.3136551 -3.42007e-6 -0.9495377 0.3136531 0 0.9330126 -0.3598439 -8.78162e-6 -0.9330123 0.3598446 6.62329e-6 0.9330083 -0.3598549 1.28124e-5 -0.9330065 0.3598595 -9.1034e-6 0.9330046 -0.3598644 -8.78162e-6 -0.9330057 0.3598619 6.62336e-6 -0.8701037 -0.4928687 4.39091e-6 0.8701032 0.4928697 -4.75897e-6 -0.8701044 -0.4928677 0 0.8701028 0.4928705 4.75893e-6 -0.8932064 -0.4496469 -4.39089e-6 0.8932075 0.4496448 0 -0.8932073 -0.4496452 3.91345e-6 0.8932057 0.4496486 0 -0.8448761 -0.5349619 0 0.8448761 0.5349622 0 -0.8448747 -0.5349642 -2.45792e-6 0.8448764 0.5349616 -4.55171e-6 -0.8448751 -0.5349637 0 0.8448782 0.5349588 0 -0.8448771 -0.5349605 3.86572e-6 0.8448762 0.5349619 -4.55171e-6 -0.8701028 -0.4928706 0 0.8701067 0.4928636 0 -0.8932073 -0.4496452 0 0.8932051 0.4496496 0 -0.9141917 -0.4052821 0 0.9141896 0.4052869 -7.65146e-6 -0.9141904 -0.405285 7.11557e-7 0.9141902 0.4052858 -9.10345e-6 -0.9141911 -0.4052833 -9.49317e-6 0.9141901 0.4052858 9.10338e-6 -0.914192 -0.4052815 8.78161e-6 0.9141888 0.4052888 0 -0.8932107 -0.4496386 0 0.8932079 0.449644 0 -0.8701009 -0.4928738 -4.3909e-6 0.8701027 0.4928706 0 -0.615252 -0.7883305 0 0.6152518 0.7883306 0 -0.6152628 -0.7883221 -1.80367e-5 0.6152619 0.7883229 -8.84832e-6 -0.6531476 -0.7572307 0 0.653151 0.7572277 0 -0.6531465 -0.7572315 -4.32208e-6 0.6531458 0.7572323 0 -0.5758467 -0.8175576 0 0.5758438 0.8175598 -1.23634e-5 -0.5758454 -0.8175588 -2.74981e-6 0.575841 0.8175618 2.73102e-5 -0.5758513 -0.8175544 1.75631e-5 0.5758387 0.8175634 2.92175e-6 -0.575851 -0.8175547 0 0.5758466 0.8175578 9.10338e-6 -0.6152571 -0.7883266 2.63453e-5 0.6152454 0.7883358 -9.10314e-6 -0.6531493 -0.7572293 0 0.6531526 0.7572264 -5.09312e-6 -0.6895024 -0.7242833 0 0.6895093 0.7242769 0 -0.6895076 -0.7242785 0 0.6895092 0.7242771 0 -0.68951 -0.7242762 -8.66804e-6 0.6895125 0.7242738 9.10337e-6 -0.6895087 -0.7242775 8.78161e-6 0.6895048 0.7242811 0 -0.6531487 -0.7572298 0 0.653149 0.7572295 0 -0.6152588 -0.7883252 -8.78181e-6 0.6152574 0.7883263 -4.67888e-6 -0.2667476 -0.9637665 0 0.2667535 0.9637649 -6.81944e-6 -0.2667471 -0.9637666 0 0.2667433 0.9637677 0 -0.3136479 -0.9495395 -5.86068e-6 0.3136511 0.9495384 0 -0.313643 -0.949541 -5.85148e-6 0.3136456 0.9495401 -9.10308e-6 -0.2191542 -0.9756903 -7.62531e-6 0.2191453 0.9756923 1.82e-5 -0.2191439 -0.9756926 0 0.2191345 0.9756947 1.27204e-5 -0.2191431 -0.9756928 -7.62533e-6 0.2191447 0.9756924 1.82e-5 -0.2191489 -0.9756914 0 0.2191337 0.9756949 0 0.2667479 0.9637663 -2.73092e-5 -0.3136482 -0.9495393 0 0.3136469 0.9495398 -9.1031e-6 -0.3598577 -0.9330072 -4.75315e-6 0.3598573 0.9330075 -9.1034e-6 -0.3598583 -0.9330071 1.75631e-5 0.3598465 0.9330115 5.18116e-6 -0.3598479 -0.933011 -1.281e-5 0.3598474 0.9330112 1.82069e-5 -0.359848 -0.9330109 8.78162e-6 0.3598424 0.9330132 -9.10343e-6 -0.313649 -0.949539 0 0.3136492 0.949539 -4.22376e-6 -0.2667411 -0.9637683 -6.80861e-6 0.266749 0.963766 -9.10308e-6 1 -3.56038e-6 0 -1 0 6.10352e-6 1 -3.56038e-6 0 -1 3.56038e-6 -6.10355e-6 -1 3.56038e-6 0 1 -2.00273e-6 3.05176e-6 -1 -7.12076e-6 3.05172e-6 1 -3.56039e-6 -6.10351e-6 -1 4.78429e-6 6.10352e-6 1 3.56038e-6 6.10354e-6 -1 -4.673e-6 -6.10355e-6 1 -3.56038e-6 -3.05177e-6 -1 5.56308e-6 3.05177e-6 -1 -3.56038e-6 3.05177e-6 1 -9.03309e-7 -3.05177e-6 -1 -1.20624e-6 0 1 0 3.05177e-6 -1 -9.57175e-7 -3.05177e-6 -1 0 0 1 0 0 -1 0 0 -0.1121721 -0.9936889 0 0.1121708 0.993689 -3.77254e-6 -0.1121774 -0.9936883 0 0.1121762 0.9936884 0 -0.136475 -0.9906435 0 0.1364914 0.9906414 0 -0.136475 -0.9906436 8.78794e-6 0.1364804 0.9906429 -1.80485e-5 -0.1000481 -0.9949826 1.74376e-5 0.100035 0.9949839 -1.81675e-5 -0.1000481 -0.9949826 1.74376e-5 0.1000458 0.9949828 0 -0.1000481 -0.9949827 -1.26859e-5 0.1000461 0.9949828 7.94831e-6 -0.1000481 -0.9949826 -1.74376e-5 0.1000461 0.9949828 0 -0.1121884 -0.993687 0 0.1121761 0.9936884 1.79347e-5 -0.1364803 -0.9906428 0 0.136486 0.990642 1.80485e-5 -0.17291 -0.9849377 -1.76023e-5 0.1729164 0.9849365 1.81521e-5 -0.1729149 -0.9849368 9.29278e-6 0.1729165 0.9849365 -1.81522e-5 -0.1729143 -0.9849369 -1.76022e-5 0.1729167 0.9849365 1.37423e-5 -0.1729095 -0.9849377 9.29281e-6 0.1729108 0.9849375 -1.81521e-5 -0.1364803 -0.9906429 0 0.136485 0.9906422 1.80483e-5 -0.1121885 -0.9936869 -1.76962e-5 0.1121876 0.993687 -1.79348e-5 -0.4496451 -0.8932073 0 0.4496417 0.8932091 1.5872e-6 -0.4496449 -0.8932074 2.1442e-6 0.449642 0.8932089 0 -0.4928694 -0.8701033 7.50158e-6 0.4928673 0.8701046 0 -0.492872 -0.8701019 -8.78178e-6 0.4928606 0.8701083 9.31811e-6 -0.4052868 -0.9141896 -3.51633e-6 0.4052899 0.9141882 0 -0.4052895 -0.9141885 8.78153e-6 0.4052786 0.9141932 -9.10342e-6 -0.4052895 -0.9141885 -1.05489e-5 0.4052934 0.9141867 -1.19275e-5 -0.4052792 -0.914193 3.51636e-6 0.405279 0.9141931 2.82409e-6 -0.4496352 -0.8932123 0 0.4496397 0.8932101 1.58719e-6 -0.492871 -0.8701025 0 0.4928686 0.8701039 0 -0.5349567 -0.8448795 0 0.534957 0.8448793 0 -0.5349559 -0.8448801 0 0.5349625 0.8448758 0 -0.5349589 -0.844878 -1.98496e-6 0.5349661 0.8448736 9.10338e-6 -0.5349612 -0.8448767 0 0.5349594 0.8448778 0 -0.4928706 -0.8701028 0 0.4928751 0.8701001 -9.3181e-6 -0.4496367 -0.8932116 -2.14424e-6 0.449631 0.8932145 0 -0.9906421 -0.136485 -3.13648e-6 0.9906427 0.1364807 3.38405e-6 -0.9906429 -0.1364794 6.618e-6 0.9906417 0.1364892 1.14963e-6 -0.993688 -0.1121802 0 0.9936868 0.1121902 2.98048e-6 -0.9936874 -0.1121846 0 0.9936873 0.1121858 0 -0.9849382 -0.1729073 4.40053e-6 0.9849377 0.1729099 -4.53799e-6 -0.9849375 -0.1729114 0 0.9849398 0.172898 -6.03331e-6 -0.984938 -0.1729078 -2.20028e-6 0.9849378 0.1729096 6.03336e-6 -0.9849368 -0.1729151 0 0.9849385 0.1729049 0 -0.9906434 -0.1364766 -7.37592e-6 0.9906428 0.1364809 7.89612e-6 -0.9936874 -0.1121847 0 0.9936864 0.1121935 0 -0.9949824 -0.1000508 3.26951e-6 0.9949829 0.1000456 -3.40641e-6 -0.9949827 -0.100047 0 0.9949828 0.1000466 0 -0.9949828 -0.1000469 0 0.994983 0.1000439 0 -0.9949827 -0.1000469 -3.16005e-6 0.9949835 0.1000394 0 -0.9936871 -0.1121876 0 0.9936864 0.112194 -2.98049e-6 -0.9906426 -0.1364823 4.412e-6 0.9906414 0.1364908 -3.40569e-6 -0.7572301 -0.6531484 2.94197e-7 0.7572291 0.6531495 -9.10316e-6 -0.7572295 -0.653149 0 0.7572302 0.6531482 1.0684e-5 -0.7883262 -0.6152575 0 0.7883275 0.6152558 0 -0.7883221 -0.6152628 -8.78175e-6 0.7883276 0.6152557 3.02145e-6 -0.7242729 -0.6895135 -8.78166e-6 0.7242784 0.6895077 -1.82066e-5 -0.7242729 -0.6895135 -1.32563e-5 0.724272 0.6895145 1.82068e-5 -0.7242773 -0.6895089 0 0.7242783 0.6895078 3.10179e-6 -0.724278 -0.6895081 4.30704e-6 0.7242776 0.6895086 0 -0.7572281 -0.6531506 1.47098e-7 0.7572219 0.6531577 0 -0.7883223 -0.6152626 9.91726e-6 0.7883266 0.6152571 -9.10302e-6 -0.817557 -0.5758477 0 0.8175612 0.5758419 -1.16049e-5 -0.8175643 -0.5758374 0 0.8175591 0.5758449 1.25072e-6 -0.8175601 -0.5758434 0 0.8175574 0.5758473 0 -0.8175563 -0.5758488 0 0.8175553 0.5758502 0 -0.7883286 -0.6152545 -4.95863e-6 0.7883323 0.6152499 9.10302e-6 -0.7572287 -0.6531498 0 0.7572239 0.6531556 1.22649e-5 -0.9495402 -0.3136453 4.39086e-6 0.9495381 0.3136519 1.09605e-5 -0.9495387 -0.3136499 -8.78175e-6 0.9495431 0.3136365 -6.40892e-6 -0.9637649 -0.2667534 0 0.9637668 0.2667462 -1.96045e-6 -0.9637679 -0.2667423 2.19545e-6 0.9637641 0.2667562 6.19668e-6 -0.9330081 -0.3598554 0 0.9330121 0.3598452 0 -0.9330068 -0.3598588 -4.03077e-6 0.9330106 0.3598487 9.10344e-6 -0.9330081 -0.3598557 8.78161e-6 0.9330071 0.359858 -2.0717e-6 -0.9330095 -0.3598519 0 0.9330112 0.3598476 0 -0.949536 -0.3136582 0 0.9495374 0.3136539 0 -0.9637675 -0.2667438 4.39086e-6 0.9637664 0.2667477 0 -0.9756922 -0.219146 4.27974e-6 0.9756914 0.2191491 0 -0.9756914 -0.2191491 -4.27979e-6 0.9756916 0.2191482 2.27497e-6 -0.9756921 -0.2191461 4.39239e-6 0.975692 0.2191466 0 -0.9756907 -0.2191525 -2.08356e-6 0.9756911 0.2191507 2.27502e-6 -0.9637695 -0.2667364 -7.6276e-6 0.9637673 0.2667445 4.55152e-6 -0.9495385 -0.3136509 -9.70828e-7 0.9495365 0.3136568 -4.55154e-6 -1 0 3.05174e-6 -1 1.78019e-6 -3.05176e-6 -1 3.56038e-6 -6.10354e-6 1 -2.3365e-6 6.10354e-6 1 3.50905e-6 -3.05176e-6 -1 0 3.05176e-6 1 0 -3.05176e-6 -1 -2.67027e-6 -3.05173e-6 1 0 -3.05174e-6 -1 6.23069e-6 3.05176e-6 1 3.56038e-6 3.05177e-6 -1 7.12076e-6 -3.05174e-6 -1 8.01086e-6 3.05177e-6 1 -3.44912e-6 -3.05174e-6 -1 3.5604e-6 -3.05176e-6 1 -3.56036e-6 3.05176e-6 -1 0 3.05173e-6 1 1.06811e-6 -3.05173e-6 -1 0 -3.05174e-6 -1 0 -3.05177e-6 1 -2.44777e-6 3.05176e-6 -1 -8.90099e-7 3.05177e-6 1 9.56848e-6 -3.05173e-6 -1 -8.90099e-7 3.05176e-6 1 5.89688e-6 -3.05174e-6 -1 0 -3.05176e-6 1 -2.22525e-6 3.05176e-6 -1 -8.90093e-7 3.05176e-6 1 7.12075e-6 3.05176e-6 -1 0 3.05177e-6 1 -1.11261e-6 -3.05177e-6 -1 -1.78018e-6 -6.10352e-6 1 3.56038e-6 3.05174e-6 1 -2.22523e-6 0 -1 7.12079e-6 0 1 -3.5604e-6 0 -1 -8.90092e-7 0 1 3.56038e-6 0 -1 9.79106e-6 3.05175e-6 1 -4.89552e-6 -3.05177e-6 -1 7.12075e-6 -3.05177e-6 1 -3.56038e-6 3.05176e-6 -1 3.56037e-6 6.1035e-6 1 -2.22523e-6 -6.1035e-6 -1 -2.22523e-6 -6.10349e-6 -1 -1.11262e-6 0 -1 -2.67029e-6 0 1 -3.56039e-6 -3.05175e-6 -1 0 -3.05174e-6 1 -2.44776e-6 3.05174e-6 -1 -8.90095e-7 3.05176e-6 1 3.56036e-6 6.10347e-6 1 3.56037e-6 3.05176e-6 1 -2.22524e-6 3.05176e-6 -1 -1.11262e-6 3.05176e-6 1 0 6.10351e-6 -1 3.5604e-6 3.05177e-6 1 -4.78428e-6 -3.05177e-6 -1 -4.89554e-6 -6.10351e-6 1 3.5604e-6 3.05176e-6 1 7.12079e-6 -3.05175e-6 -1 8.01087e-6 0 1 0 0 -1 -8.90092e-7 0 1 2.44776e-6 0 -1 9.79104e-6 3.05174e-6 -1 7.12077e-6 -3.05175e-6 1 -7.12076e-6 3.05174e-6 -1 3.56037e-6 6.10353e-6 1 -2.22523e-6 -6.10353e-6 -1 -2.22523e-6 -6.10352e-6 -1 -3.56037e-6 0 -1 3.56039e-6 0 1 -2.49229e-6 0 -1 -1.06811e-5 -3.05173e-6 1 0 -3.05176e-6 -1 -7.12073e-6 3.05173e-6 1 7.12073e-6 -3.05173e-6 1 3.56037e-6 3.05174e-6 -1 0 -3.05177e-6 1 -2.22525e-6 3.05177e-6 -1 -1.11262e-6 3.05178e-6 1 6.76476e-6 -3.05177e-6 -1 3.56039e-6 3.05177e-6 1 -4.78427e-6 -3.05176e-6 -1 0 -6.10352e-6 1 2.22524e-6 6.10352e-6 -1 -2.67028e-6 0 1 7.12075e-6 -3.05177e-6 1 3.56037e-6 0 -1 9.79106e-6 3.05178e-6 1 -4.89554e-6 -3.05177e-6 -1 7.12075e-6 -3.05177e-6 1 -3.56037e-6 3.05176e-6 -1 7.12075e-6 6.10353e-6 1 -2.22524e-6 -6.10353e-6 -1 7.12077e-6 -6.10352e-6 1 2.49229e-6 6.10354e-6 1 -2.49228e-6 0 -1 -8.90097e-7 3.05176e-6 1 3.56037e-6 6.1035e-6 -1 -7.12076e-6 3.05174e-6 -1 -4.89553e-6 -3.05175e-6 1 -7.12078e-6 -3.05176e-6 -1 -1.11262e-6 3.05176e-6 1 0 6.10352e-6 -1 3.56038e-6 3.05175e-6 1 -4.78425e-6 -3.05175e-6 -1 -4.89552e-6 -6.10351e-6 1 -1.11262e-6 0 -1 7.12078e-6 0 1 -3.56039e-6 0 -1 9.79108e-6 3.05176e-6 1 -4.89553e-6 -3.05175e-6 -1 7.12077e-6 -3.05175e-6 1 -3.56038e-6 3.05178e-6 1 -3.20434e-6 0 1 -3.56038e-6 -3.05174e-6 -1 0 -3.05176e-6 1 7.12076e-6 -3.05177e-6 1 5.89688e-6 -3.05176e-6 -1 -4.89553e-6 -3.05176e-6 1 0 6.1035e-6 -1 -4.89553e-6 -6.10352e-6 1 7.12077e-6 -3.05177e-6 -1 -8.90094e-7 0 1 2.44776e-6 0 -1 3.56038e-6 3.05176e-6 1 -4.89553e-6 -3.05177e-6 -1 7.12077e-6 -3.05176e-6 -1 3.56038e-6 6.10351e-6 1 -2.22524e-6 -6.10351e-6 -1 -2.22523e-6 -6.10351e-6 -1 -3.56038e-6 0 1 -2.49229e-6 0 1 -2.44776e-6 3.05176e-6 -1 -8.90097e-7 3.05176e-6 1 3.56038e-6 6.10352e-6 -1 -7.12078e-6 3.05176e-6 1 5.8969e-6 -3.05176e-6 -1 -4.89553e-6 -3.05176e-6 1 -2.22524e-6 3.05175e-6 -1 -1.11262e-6 3.05175e-6 -1 3.56038e-6 3.05177e-6 1 -4.78426e-6 -3.05176e-6 -1 -4.89552e-6 -6.10351e-6 1 3.56038e-6 3.05176e-6 1 -1.11262e-6 0 -1 7.12077e-6 0 1 -3.56038e-6 0 -1 -8.90093e-7 0 1 2.44777e-6 0 -1 9.79105e-6 3.05175e-6 1 0 0 -1 7.12077e-6 -3.05175e-6 1 -7.12076e-6 3.05175e-6 -1 3.56038e-6 6.10352e-6 1 -2.22524e-6 -6.10352e-6 -1 7.12076e-6 -6.10351e-6 1 2.49226e-6 6.10353e-6 -1 -1.11262e-6 0 -1 -2.67028e-6 0 1 -3.56039e-6 -3.05176e-6 1 7.12076e-6 -3.05176e-6 -1 -8.90094e-7 3.05176e-6 1 5.89688e-6 -3.05176e-6 -1 -4.89552e-6 -3.05176e-6 1 -2.22524e-6 3.05176e-6 -1 -1.11262e-6 3.05176e-6 1 6.76475e-6 -3.05174e-6 -1 3.56039e-6 3.05176e-6 1 -4.78427e-6 -3.05176e-6 -1 0 -6.10352e-6 1 2.22524e-6 6.10352e-6 -1 -2.67028e-6 0 1 7.12077e-6 -3.05176e-6 -1 8.01085e-6 0 -1 -8.90095e-7 0 1 2.44776e-6 0 -1 3.56038e-6 3.05176e-6 1 -4.89554e-6 -3.05176e-6 -1 7.12078e-6 -3.05176e-6 1 -3.56038e-6 3.05175e-6 -1 3.56038e-6 6.10352e-6 1 -2.22524e-6 -6.10351e-6 -1 -2.22524e-6 -6.10351e-6 -1 -3.56038e-6 0 -1 3.56038e-6 0 1 -2.49227e-6 0 -1 0 -3.05176e-6 1 0 -3.05176e-6 -1 -7.12076e-6 3.05176e-6 1 7.12077e-6 -3.05176e-6 -1 -8.90096e-7 3.05176e-6 1 5.89688e-6 -3.05176e-6 -1 -4.89552e-6 -3.05176e-6 1 -2.22524e-6 3.05176e-6 -1 -1.11262e-6 3.05176e-6 1 0 6.10352e-6 -1 3.56039e-6 3.05177e-6 1 -4.78426e-6 -3.05176e-6 -1 0 -6.10352e-6 -1 -2.67028e-6 0 1 7.12077e-6 -3.05176e-6 -1 8.01086e-6 0 1 0 0 -1 -8.90093e-7 0 1 3.56038e-6 0 -1 9.79105e-6 3.05175e-6 1 -4.89553e-6 -3.05176e-6 1 -3.56038e-6 3.05176e-6 1 0 0 -1 -3.56038e-6 0 1 -3.20436e-6 0 -1 3.56039e-6 0 1 -2.49229e-6 0 -1 0 -3.05176e-6 -1 -8.90096e-7 3.05176e-6 1 3.56038e-6 6.10351e-6 -1 -8.90095e-7 3.05176e-6 1 5.89689e-6 -3.05176e-6 1 -2.22524e-6 3.05176e-6 -1 -1.11262e-6 3.05175e-6 1 0 6.10351e-6 -1 3.56039e-6 3.05176e-6 1 -4.78426e-6 -3.05176e-6 -1 -4.89552e-6 -6.10352e-6 1 3.56038e-6 3.05176e-6 -1 0 0 1 -1.11262e-6 0 -1 7.12077e-6 0 1 -3.56038e-6 0 1 2.44777e-6 0 -1 9.79104e-6 3.05175e-6 -1 7.12077e-6 -3.05176e-6 1 -3.56038e-6 3.05176e-6 -1 7.12077e-6 6.10352e-6 1 -2.22524e-6 -6.10351e-6 -1 7.12075e-6 -6.10351e-6 1 2.49228e-6 6.10352e-6 -1 3.56038e-6 0 1 -2.49228e-6 0 -1 0 -3.05176e-6 1 -2.44776e-6 3.05176e-6 -1 -8.90096e-7 3.05176e-6 1 3.56038e-6 6.10352e-6 1 5.89688e-6 -3.05176e-6 -1 -4.89553e-6 -3.05176e-6 1 -2.22524e-6 3.05176e-6 -1 -1.11262e-6 3.05176e-6 1 6.76472e-6 -3.05176e-6 1 -4.78426e-6 -3.05176e-6 -1 0 -6.10352e-6 1 3.56038e-6 3.05176e-6 1 7.12077e-6 -3.05176e-6 -1 8.01085e-6 0 1 -3.56038e-6 0 -1 -8.90095e-7 0 1 2.44777e-6 0 -1 3.56038e-6 3.05176e-6 1 0 0 -1 7.12077e-6 -3.05176e-6 1 -3.56038e-6 3.05176e-6 -1 7.12077e-6 6.10352e-6 1 -2.22524e-6 -6.10351e-6 -1 7.12075e-6 -6.10351e-6 1 2.49227e-6 6.10352e-6 -1 -3.56038e-6 0 1 0 0 -1 3.56038e-6 0 1 -3.56038e-6 -3.05176e-6 1 0 -3.05175e-6 -1 -8.90095e-7 3.05176e-6 1 3.56038e-6 6.10351e-6 -1 -7.12076e-6 3.05176e-6 1 5.89689e-6 -3.05176e-6 -1 -4.89553e-6 -3.05176e-6 1 -2.22524e-6 3.05175e-6 -1 -1.11262e-6 3.05176e-6 1 6.76472e-6 -3.05176e-6 -1 3.56039e-6 3.05176e-6 1 -3.56038e-6 -6.10351e-6 -1 -4.89553e-6 -6.10352e-6 1 3.56038e-6 3.05176e-6 -1 0 0 1 -1.11262e-6 0 -1 7.12076e-6 0 1 -3.56038e-6 0 1 2.44777e-6 0 -1 9.79104e-6 3.05176e-6 1 0 0 1 -7.12076e-6 3.05176e-6 -1 7.12076e-6 6.10351e-6 1 0 -3.05176e-6 -1 7.12075e-6 -6.1035e-6 1 2.49226e-6 6.10352e-6 1 0 0 1 -3.56038e-6 -3.05176e-6 -1 -1.06812e-5 -3.05176e-6 1 0 -3.05175e-6 -1 -7.12077e-6 3.05176e-6 1 7.12077e-6 -3.05176e-6 1 3.56038e-6 3.05176e-6 -1 0 -3.05176e-6 -1 -1.11262e-6 3.05175e-6 1 6.76472e-6 -3.05176e-6 -1 -2.67028e-6 3.05176e-6 1 -3.56038e-6 -6.10351e-6 -1 0 -6.10352e-6 1 2.22523e-6 6.10352e-6 1 7.12077e-6 -3.05176e-6 -1 7.12076e-6 0 -1 -8.90094e-7 0 -1 9.79102e-6 3.05175e-6 -1 7.12076e-6 -3.05176e-6 1 -7.12075e-6 3.05175e-6 -1 7.12076e-6 6.10351e-6 1 0 -3.05175e-6 -1 7.12074e-6 -6.1035e-6 1 2.49226e-6 6.10351e-6 -1 -3.56038e-6 0 -1 -2.67029e-6 0 1 -3.56038e-6 -3.05176e-6 -1 -8.90096e-7 3.05175e-6 -1 -8.90094e-7 3.05175e-6 1 5.89689e-6 -3.05176e-6 1 -7.12076e-6 -3.05175e-6 -1 -1.06812e-5 3.05176e-6 1 6.76469e-6 -3.05177e-6 -1 -2.67029e-6 3.05175e-6 1 -3.56038e-6 -6.10351e-6 -1 0 -6.1035e-6 1 3.56039e-6 3.05175e-6 -1 0 0 1 7.12077e-6 -3.05177e-6 -1 7.12076e-6 0 1 -3.56038e-6 0 -1 0 0 1 2.44776e-6 0 -1 3.56038e-6 3.05175e-6 1 -4.89553e-6 -3.05176e-6 -1 7.12076e-6 6.10351e-6 1 0 -3.05176e-6 -1 7.12074e-6 -6.1035e-6 1 2.49225e-6 6.10352e-6 -1 -1.11262e-6 0 -1 0 -3.05177e-6 1 -2.44776e-6 3.05176e-6 -1 -8.90093e-7 3.05175e-6 1 3.56039e-6 6.10352e-6 -1 -7.12078e-6 3.05176e-6 1 5.8969e-6 -3.05176e-6 -1 -4.89554e-6 -3.05176e-6 1 -7.12075e-6 -3.05174e-6 -1 -1.06812e-5 3.05176e-6 1 6.76472e-6 -3.05175e-6 -1 -2.67029e-6 3.05176e-6 1 -3.56038e-6 -6.10352e-6 -1 0 -6.10352e-6 1 2.22524e-6 6.10352e-6 1 7.12079e-6 -3.05176e-6 -1 7.12074e-6 0 -1 -8.90096e-7 0 1 3.56039e-6 0 -1 9.79103e-6 3.05175e-6 1 -4.89551e-6 -3.05176e-6 1 -7.12076e-6 3.05176e-6 1 0 -3.05175e-6 -1 7.12074e-6 -6.10349e-6 1 2.49227e-6 6.1035e-6 -1 -3.56039e-6 0 -1 3.56037e-6 0 1 -2.49226e-6 0 1 7.12076e-6 -3.05174e-6 -1 -7.12078e-6 3.05175e-6 1 5.8969e-6 -3.05175e-6 -1 -4.89554e-6 -3.05175e-6 1 -7.1208e-6 -3.05176e-6 -1 -1.11262e-6 3.05176e-6 1 6.76469e-6 -3.05177e-6 -1 -2.67028e-6 3.05176e-6 1 -3.56037e-6 -6.10351e-6 -1 -4.89554e-6 -6.10353e-6 1 -1.11262e-6 0 -1 -8.90096e-7 0 1 2.44777e-6 0 -1 9.79102e-6 3.05176e-6 -1 7.12077e-6 -3.05176e-6 -1 7.12075e-6 6.10349e-6 1 -2.22524e-6 -6.1035e-6 -1 7.12074e-6 -6.10349e-6 1 2.49221e-6 6.10351e-6 1 -3.56037e-6 -3.05174e-6 -1 0 -3.05176e-6 1 -2.44775e-6 3.05176e-6 -1 -8.90093e-7 3.05174e-6 1 3.56038e-6 6.10352e-6 -1 -7.1208e-6 3.05176e-6 1 5.89691e-6 -3.05176e-6 1 -7.12075e-6 -3.05176e-6 -1 -1.06812e-5 3.05175e-6 1 6.76468e-6 -3.05175e-6 1 -3.56038e-6 -6.10354e-6 -1 0 -6.1035e-6 1 3.56039e-6 3.05176e-6 -1 -2.67029e-6 0 -1 8.01085e-6 0 1 -3.56037e-6 3.05175e-6 -1 7.12075e-6 6.1035e-6 1 0 -3.05177e-6 1 2.49222e-6 6.10351e-6 1 -2.49222e-6 0 -1 -1.06812e-5 -3.05176e-6 1 7.1208e-6 -3.05176e-6 1 5.89687e-6 -3.05175e-6 1 6.76468e-6 -3.05175e-6 1 7.1208e-6 -3.05176e-6 -1 8.01083e-6 0 1 -7.12074e-6 3.05176e-6 1 0 -3.05176e-6 1 2.49232e-6 6.10351e-6 1 -3.20433e-6 0 1 -2.49228e-6 0 -1 0 -3.05177e-6 1 0 -3.05177e-6 -1 -8.90095e-7 3.05177e-6 1 7.12073e-6 -3.05176e-6 -1 -8.90097e-7 3.05175e-6 1 3.5604e-6 3.05174e-6 -1 0 -3.05175e-6 1 -2.22524e-6 3.05175e-6 -1 -1.06812e-5 3.05176e-6 1 6.76467e-6 -3.05176e-6 -1 -2.6703e-6 3.05176e-6 1 -3.56037e-6 -6.1035e-6 1 7.12077e-6 -3.05175e-6 -1 -8.90096e-7 0 1 3.5604e-6 0 -1 9.79102e-6 3.05171e-6 1 0 0 -1 7.12076e-6 6.1035e-6 -1 7.12074e-6 -6.10347e-6 1 2.49228e-6 6.10348e-6 -1 -3.56039e-6 0 1 -3.20422e-6 0 1 -3.56037e-6 -3.05177e-6 -1 0 -3.05175e-6 1 -2.44776e-6 3.05175e-6 -1 -2.22524e-6 3.05175e-6 1 3.5604e-6 3.05176e-6 -1 3.56038e-6 -3.05174e-6 1 -1.11262e-6 3.05174e-6 -1 -1.06812e-5 3.05178e-6 1 6.76462e-6 -3.05179e-6 1 2.22524e-6 6.1035e-6 -1 0 0 1 7.12077e-6 -3.05179e-6 -1 -8.90098e-7 0 1 2.44778e-6 0 -1 7.12073e-6 3.05176e-6 -1 0 -3.05174e-6 1 -4.67299e-6 3.05174e-6 -1 3.56035e-6 3.0518e-6 1 -4.78422e-6 -3.0518e-6 -1 6.89818e-6 -3.0518e-6 1 -3.56037e-6 0 -1 -1.11263e-6 0 -1 -2.67028e-6 0 1 0 3.05174e-6 1 -1.78019e-6 -3.05176e-6 1 -3.56038e-6 -6.10354e-6 -1 2.3365e-6 6.10354e-6 -1 -3.50905e-6 -3.05176e-6 1 0 3.05176e-6 -1 0 -3.05176e-6 1 2.67027e-6 -3.05173e-6 -1 0 -3.05174e-6 1 -6.23069e-6 3.05176e-6 -1 -3.56038e-6 3.05177e-6 1 -7.12076e-6 -3.05174e-6 1 -8.01086e-6 3.05177e-6 -1 3.44912e-6 -3.05174e-6 1 -3.5604e-6 -3.05176e-6 -1 3.56036e-6 3.05176e-6 1 0 3.05173e-6 -1 -1.06811e-6 -3.05173e-6 1 0 -3.05174e-6 1 0 -3.05177e-6 -1 2.44777e-6 3.05176e-6 1 8.90099e-7 3.05177e-6 -1 -9.56848e-6 -3.05173e-6 1 8.90099e-7 3.05176e-6 -1 -5.89688e-6 -3.05174e-6 1 0 -3.05176e-6 -1 2.22525e-6 3.05176e-6 1 8.90093e-7 3.05176e-6 -1 -7.12075e-6 3.05176e-6 1 0 3.05177e-6 -1 1.11261e-6 -3.05177e-6 1 1.78018e-6 -6.10352e-6 -1 -3.56038e-6 3.05174e-6 -1 2.22523e-6 0 1 -7.12079e-6 0 -1 3.5604e-6 0 1 8.90092e-7 0 -1 -3.56038e-6 0 1 -9.79106e-6 3.05175e-6 -1 4.89552e-6 -3.05177e-6 1 -7.12075e-6 -3.05177e-6 1 -3.56037e-6 6.1035e-6 -1 2.22523e-6 -6.1035e-6 1 2.22523e-6 -6.10349e-6 1 1.11262e-6 0 1 2.67029e-6 0 -1 3.56039e-6 -3.05175e-6 1 0 -3.05174e-6 -1 2.44776e-6 3.05174e-6 1 8.90095e-7 3.05176e-6 -1 -3.56036e-6 6.10347e-6 -1 -3.56037e-6 3.05176e-6 -1 2.22524e-6 3.05176e-6 1 1.11262e-6 3.05176e-6 -1 0 6.10351e-6 1 -3.5604e-6 3.05177e-6 -1 4.78428e-6 -3.05177e-6 1 4.89554e-6 -6.10351e-6 -1 -3.5604e-6 3.05176e-6 -1 -7.12079e-6 -3.05175e-6 1 -8.01087e-6 0 -1 0 0 1 8.90092e-7 0 -1 -2.44776e-6 0 1 -9.79104e-6 3.05174e-6 1 -7.12077e-6 -3.05175e-6 -1 7.12076e-6 3.05174e-6 1 -3.56037e-6 6.10353e-6 -1 2.22523e-6 -6.10353e-6 1 2.22523e-6 -6.10352e-6 1 3.56037e-6 0 -1 2.49229e-6 0 1 1.06811e-5 -3.05173e-6 -1 0 -3.05176e-6 1 7.12073e-6 3.05173e-6 -1 -7.12073e-6 -3.05173e-6 -1 -3.56037e-6 3.05174e-6 1 0 -3.05177e-6 -1 2.22525e-6 3.05177e-6 1 1.11262e-6 3.05178e-6 -1 -6.76476e-6 -3.05177e-6 1 -3.56039e-6 3.05177e-6 -1 4.78427e-6 -3.05176e-6 1 0 -6.10352e-6 -1 -2.22524e-6 6.10352e-6 1 2.67028e-6 0 -1 -7.12075e-6 -3.05177e-6 -1 -3.56037e-6 0 1 -9.79106e-6 3.05178e-6 -1 4.89554e-6 -3.05177e-6 1 -7.12075e-6 -3.05177e-6 -1 3.56037e-6 3.05176e-6 1 -7.12075e-6 6.10353e-6 -1 2.22524e-6 -6.10353e-6 1 -7.12077e-6 -6.10352e-6 -1 -2.49229e-6 6.10354e-6 -1 2.49228e-6 0 1 8.90097e-7 3.05176e-6 -1 -3.56037e-6 6.1035e-6 1 7.12076e-6 3.05174e-6 1 4.89553e-6 -3.05175e-6 -1 7.12078e-6 -3.05176e-6 1 1.11262e-6 3.05176e-6 -1 0 6.10352e-6 1 -3.56038e-6 3.05175e-6 -1 4.78425e-6 -3.05175e-6 1 4.89552e-6 -6.10351e-6 -1 1.11262e-6 0 1 -7.12078e-6 0 1 -9.79108e-6 3.05176e-6 -1 4.89553e-6 -3.05175e-6 1 -7.12077e-6 -3.05175e-6 -1 3.56038e-6 3.05178e-6 -1 3.20434e-6 0 -1 3.56038e-6 -3.05174e-6 1 0 -3.05176e-6 -1 -7.12076e-6 -3.05177e-6 -1 -5.89688e-6 -3.05176e-6 1 4.89553e-6 -3.05176e-6 -1 0 6.1035e-6 1 4.89553e-6 -6.10352e-6 -1 -7.12077e-6 -3.05177e-6 1 8.90094e-7 0 -1 -2.44776e-6 0 1 -3.56038e-6 3.05176e-6 -1 4.89553e-6 -3.05177e-6 1 -7.12077e-6 -3.05176e-6 1 -3.56038e-6 6.10351e-6 -1 2.22524e-6 -6.10351e-6 1 2.22523e-6 -6.10351e-6 1 3.56038e-6 0 -1 2.49229e-6 0 -1 2.44776e-6 3.05176e-6 1 8.90097e-7 3.05176e-6 -1 -3.56038e-6 6.10352e-6 1 7.12078e-6 3.05176e-6 -1 -5.8969e-6 -3.05176e-6 1 4.89553e-6 -3.05176e-6 -1 2.22524e-6 3.05175e-6 1 1.11262e-6 3.05175e-6 1 -3.56038e-6 3.05177e-6 -1 4.78426e-6 -3.05176e-6 1 4.89552e-6 -6.10351e-6 -1 -3.56038e-6 3.05176e-6 -1 1.11262e-6 0 1 -7.12077e-6 0 -1 3.56038e-6 0 1 8.90093e-7 0 -1 -2.44777e-6 0 1 -9.79105e-6 3.05175e-6 -1 0 0 1 -7.12077e-6 -3.05175e-6 -1 7.12076e-6 3.05175e-6 1 -3.56038e-6 6.10352e-6 -1 2.22524e-6 -6.10352e-6 1 -7.12076e-6 -6.10351e-6 -1 -2.49226e-6 6.10353e-6 1 1.11262e-6 0 1 2.67028e-6 0 -1 3.56039e-6 -3.05176e-6 -1 -7.12076e-6 -3.05176e-6 1 8.90094e-7 3.05176e-6 -1 -5.89688e-6 -3.05176e-6 1 4.89552e-6 -3.05176e-6 -1 2.22524e-6 3.05176e-6 1 1.11262e-6 3.05176e-6 -1 -6.76475e-6 -3.05174e-6 1 -3.56039e-6 3.05176e-6 -1 4.78427e-6 -3.05176e-6 1 0 -6.10352e-6 -1 -2.22524e-6 6.10352e-6 1 2.67028e-6 0 -1 -7.12077e-6 -3.05176e-6 1 -8.01085e-6 0 1 8.90095e-7 0 -1 -2.44776e-6 0 -1 4.89554e-6 -3.05176e-6 1 -7.12078e-6 -3.05176e-6 -1 3.56038e-6 3.05175e-6 1 -3.56038e-6 6.10352e-6 -1 2.22524e-6 -6.10351e-6 1 2.22524e-6 -6.10351e-6 1 3.56038e-6 0 1 -3.56038e-6 0 -1 2.49227e-6 0 1 0 -3.05176e-6 1 7.12076e-6 3.05176e-6 -1 -7.12077e-6 -3.05176e-6 1 8.90096e-7 3.05176e-6 -1 -5.89688e-6 -3.05176e-6 1 4.89552e-6 -3.05176e-6 -1 2.22524e-6 3.05176e-6 1 1.11262e-6 3.05176e-6 -1 0 6.10352e-6 1 -3.56039e-6 3.05177e-6 -1 4.78426e-6 -3.05176e-6 1 0 -6.10352e-6 1 2.67028e-6 0 -1 -7.12077e-6 -3.05176e-6 1 -8.01086e-6 0 -1 0 0 1 8.90093e-7 0 -1 -3.56038e-6 0 1 -9.79105e-6 3.05175e-6 -1 4.89553e-6 -3.05176e-6 -1 3.56038e-6 3.05176e-6 -1 0 0 1 3.56038e-6 0 -1 3.20436e-6 0 1 -3.56039e-6 0 -1 2.49229e-6 0 1 0 -3.05176e-6 1 8.90096e-7 3.05176e-6 -1 -3.56038e-6 6.10351e-6 1 8.90095e-7 3.05176e-6 -1 -5.89689e-6 -3.05176e-6 -1 2.22524e-6 3.05176e-6 1 1.11262e-6 3.05175e-6 -1 0 6.10351e-6 1 -3.56039e-6 3.05176e-6 -1 4.78426e-6 -3.05176e-6 1 4.89552e-6 -6.10352e-6 -1 -3.56038e-6 3.05176e-6 1 0 0 -1 1.11262e-6 0 1 -7.12077e-6 0 -1 3.56038e-6 0 -1 -2.44777e-6 0 1 -9.79104e-6 3.05175e-6 1 -7.12077e-6 -3.05176e-6 -1 3.56038e-6 3.05176e-6 1 -7.12077e-6 6.10352e-6 -1 2.22524e-6 -6.10351e-6 1 -7.12075e-6 -6.10351e-6 -1 -2.49228e-6 6.10352e-6 1 -3.56038e-6 0 -1 2.49228e-6 0 -1 2.44776e-6 3.05176e-6 1 8.90096e-7 3.05176e-6 -1 -3.56038e-6 6.10352e-6 -1 -5.89688e-6 -3.05176e-6 1 4.89553e-6 -3.05176e-6 -1 2.22524e-6 3.05176e-6 1 1.11262e-6 3.05176e-6 -1 -6.76472e-6 -3.05176e-6 -1 4.78426e-6 -3.05176e-6 1 0 -6.10352e-6 -1 -3.56038e-6 3.05176e-6 -1 -7.12077e-6 -3.05176e-6 1 -8.01085e-6 0 -1 3.56038e-6 0 1 8.90095e-7 0 -1 -2.44777e-6 0 1 -3.56038e-6 3.05176e-6 -1 0 0 1 -7.12077e-6 -3.05176e-6 -1 3.56038e-6 3.05176e-6 1 -7.12077e-6 6.10352e-6 -1 2.22524e-6 -6.10351e-6 1 -7.12075e-6 -6.10351e-6 -1 -2.49227e-6 6.10352e-6 1 3.56038e-6 0 -1 0 0 1 -3.56038e-6 0 -1 3.56038e-6 -3.05176e-6 -1 0 -3.05175e-6 1 8.90095e-7 3.05176e-6 -1 -3.56038e-6 6.10351e-6 1 7.12076e-6 3.05176e-6 -1 -5.89689e-6 -3.05176e-6 1 4.89553e-6 -3.05176e-6 -1 2.22524e-6 3.05175e-6 1 1.11262e-6 3.05176e-6 -1 -6.76472e-6 -3.05176e-6 1 -3.56039e-6 3.05176e-6 -1 3.56038e-6 -6.10351e-6 1 4.89553e-6 -6.10352e-6 -1 -3.56038e-6 3.05176e-6 1 0 0 -1 1.11262e-6 0 1 -7.12076e-6 0 -1 3.56038e-6 0 -1 -2.44777e-6 0 1 -9.79104e-6 3.05176e-6 -1 0 0 -1 7.12076e-6 3.05176e-6 1 -7.12076e-6 6.10351e-6 -1 0 -3.05176e-6 1 -7.12075e-6 -6.1035e-6 -1 -2.49226e-6 6.10352e-6 -1 0 0 -1 3.56038e-6 -3.05176e-6 1 1.06812e-5 -3.05176e-6 -1 0 -3.05175e-6 1 7.12077e-6 3.05176e-6 -1 -7.12077e-6 -3.05176e-6 -1 -3.56038e-6 3.05176e-6 1 1.11262e-6 3.05175e-6 -1 -6.76472e-6 -3.05176e-6 1 2.67028e-6 3.05176e-6 -1 3.56038e-6 -6.10351e-6 1 0 -6.10352e-6 -1 -2.22523e-6 6.10352e-6 -1 -7.12077e-6 -3.05176e-6 1 -7.12076e-6 0 1 8.90094e-7 0 1 -9.79102e-6 3.05175e-6 1 -7.12076e-6 -3.05176e-6 -1 7.12075e-6 3.05175e-6 1 -7.12076e-6 6.10351e-6 -1 0 -3.05175e-6 1 -7.12074e-6 -6.1035e-6 -1 -2.49226e-6 6.10351e-6 1 3.56038e-6 0 1 2.67029e-6 0 -1 3.56038e-6 -3.05176e-6 1 8.90096e-7 3.05175e-6 1 8.90094e-7 3.05175e-6 -1 -5.89689e-6 -3.05176e-6 -1 7.12076e-6 -3.05175e-6 1 1.06812e-5 3.05176e-6 -1 -6.76469e-6 -3.05177e-6 1 2.67029e-6 3.05175e-6 -1 3.56038e-6 -6.10351e-6 1 0 -6.1035e-6 -1 -3.56039e-6 3.05175e-6 1 0 0 -1 -7.12077e-6 -3.05177e-6 1 -7.12076e-6 0 -1 3.56038e-6 0 1 0 0 -1 -2.44776e-6 0 1 -3.56038e-6 3.05175e-6 -1 4.89553e-6 -3.05176e-6 1 -7.12076e-6 6.10351e-6 1 -7.12074e-6 -6.1035e-6 -1 -2.49225e-6 6.10352e-6 1 1.11262e-6 0 1 0 -3.05177e-6 -1 2.44776e-6 3.05176e-6 1 8.90093e-7 3.05175e-6 -1 -3.56039e-6 6.10352e-6 1 7.12078e-6 3.05176e-6 -1 -5.8969e-6 -3.05176e-6 1 4.89554e-6 -3.05176e-6 -1 7.12075e-6 -3.05174e-6 1 1.06812e-5 3.05176e-6 -1 -6.76472e-6 -3.05175e-6 1 2.67029e-6 3.05176e-6 -1 3.56038e-6 -6.10352e-6 1 0 -6.10352e-6 -1 -2.22524e-6 6.10352e-6 -1 -7.12079e-6 -3.05176e-6 1 -7.12074e-6 0 1 8.90096e-7 0 -1 -3.56039e-6 0 1 -9.79103e-6 3.05175e-6 -1 4.89551e-6 -3.05176e-6 -1 7.12076e-6 3.05176e-6 -1 0 -3.05175e-6 1 -7.12074e-6 -6.10349e-6 -1 -2.49227e-6 6.1035e-6 1 3.56039e-6 0 1 -3.56037e-6 0 -1 2.49226e-6 0 -1 -7.12076e-6 -3.05174e-6 1 7.12078e-6 3.05175e-6 -1 -5.8969e-6 -3.05175e-6 1 4.89554e-6 -3.05175e-6 -1 7.1208e-6 -3.05176e-6 1 1.11262e-6 3.05176e-6 -1 -6.76469e-6 -3.05177e-6 1 2.67028e-6 3.05176e-6 -1 3.56037e-6 -6.10351e-6 1 4.89554e-6 -6.10353e-6 -1 1.11262e-6 0 1 8.90096e-7 0 -1 -2.44777e-6 0 1 -9.79102e-6 3.05176e-6 1 -7.12077e-6 -3.05176e-6 1 -7.12075e-6 6.10349e-6 -1 2.22524e-6 -6.1035e-6 1 -7.12074e-6 -6.10349e-6 -1 -2.49221e-6 6.10351e-6 -1 3.56037e-6 -3.05174e-6 1 0 -3.05176e-6 -1 2.44775e-6 3.05176e-6 1 8.90093e-7 3.05174e-6 -1 -3.56038e-6 6.10352e-6 1 7.1208e-6 3.05176e-6 -1 -5.89691e-6 -3.05176e-6 -1 7.12075e-6 -3.05176e-6 1 1.06812e-5 3.05175e-6 -1 -6.76468e-6 -3.05175e-6 -1 3.56038e-6 -6.10354e-6 1 0 -6.1035e-6 -1 -3.56039e-6 3.05176e-6 1 2.67029e-6 0 1 -8.01085e-6 0 -1 3.56037e-6 3.05175e-6 1 -7.12075e-6 6.1035e-6 -1 0 -3.05177e-6 -1 -2.49222e-6 6.10351e-6 -1 2.49222e-6 0 1 1.06812e-5 -3.05176e-6 -1 -7.1208e-6 -3.05176e-6 -1 -5.89687e-6 -3.05175e-6 -1 -6.76468e-6 -3.05175e-6 -1 -7.1208e-6 -3.05176e-6 1 -8.01083e-6 0 -1 7.12074e-6 3.05176e-6 -1 0 -3.05176e-6 -1 -2.49232e-6 6.10351e-6 -1 3.20433e-6 0 -1 2.49228e-6 0 1 0 -3.05177e-6 -1 0 -3.05177e-6 1 8.90095e-7 3.05177e-6 -1 -7.12073e-6 -3.05176e-6 1 8.90097e-7 3.05175e-6 -1 -3.5604e-6 3.05174e-6 1 0 -3.05175e-6 -1 2.22524e-6 3.05175e-6 1 1.06812e-5 3.05176e-6 -1 -6.76467e-6 -3.05176e-6 1 2.6703e-6 3.05176e-6 -1 3.56037e-6 -6.1035e-6 -1 -7.12077e-6 -3.05175e-6 1 8.90096e-7 0 -1 -3.5604e-6 0 1 -9.79102e-6 3.05171e-6 -1 0 0 1 -7.12076e-6 6.1035e-6 1 -7.12074e-6 -6.10347e-6 -1 -2.49228e-6 6.10348e-6 1 3.56039e-6 0 -1 3.20422e-6 0 -1 3.56037e-6 -3.05177e-6 1 0 -3.05175e-6 -1 2.44776e-6 3.05175e-6 1 2.22524e-6 3.05175e-6 -1 -3.5604e-6 3.05176e-6 1 -3.56038e-6 -3.05174e-6 -1 1.11262e-6 3.05174e-6 1 1.06812e-5 3.05178e-6 -1 -6.76462e-6 -3.05179e-6 -1 -2.22524e-6 6.1035e-6 1 0 0 -1 -7.12077e-6 -3.05179e-6 1 8.90098e-7 0 -1 -2.44778e-6 0 1 -7.12073e-6 3.05176e-6 1 0 -3.05174e-6 -1 4.67299e-6 3.05174e-6 1 -3.56035e-6 3.0518e-6 -1 4.78422e-6 -3.0518e-6 1 -6.89818e-6 -3.0518e-6 -1 3.56037e-6 0 1 1.11263e-6 0 1 2.67028e-6 0 0 -1 9.47095e-6 0 -1 1.68373e-5 0 1 0 -5.26166e-6 -1 0 -5.26165e-6 -1 0 0 1 0 0 1 4.655e-6 -1.05233e-5 -1 0 0 -1 0 0 1 1.68374e-5 0 -1 -7.36629e-6 -5.26165e-6 1 0 0 -1 1.68373e-5 0 1 0 5.26165e-6 -1 -3.36746e-5 0 1 1.68372e-5 5.26166e-6 -1 0 -5.26166e-6 1 -1.68374e-5 -5.26164e-6 -1 0 5.26166e-6 1 -1.68373e-5 0 -1 0 0 1 4.7355e-6 -5.26166e-6 -1 1.68373e-5 5.26165e-6 1 -2.15728e-5 0 -1 1.86789e-5 0 1 2.39405e-5 1.05233e-5 -1 1.49957e-5 5.26165e-6 1 3.36746e-5 -5.26165e-6 -1 -1.84158e-6 5.26165e-6 1 -1.44695e-5 5.26165e-6 -1 0 -5.26166e-6 1 2.42037e-5 1.05233e-5 -1 1.49958e-5 -1.05233e-5 1 0 -1.57849e-5 -1 1.68373e-5 5.26167e-6 1 -3.36745e-5 5.26165e-6 -1 0 -1.05233e-5 1 0 5.26165e-6 -1 1.68373e-5 -5.26166e-6 1 -1.68373e-5 -5.26165e-6 -1 0 -5.26166e-6 1 0 1.05233e-5 -1 2.61766e-5 -1.05233e-5 1 2.36774e-6 -5.26165e-6 -1 -1.68373e-5 5.26166e-6 1 0 0 -1 1.68373e-5 -1.05233e-5 1 -1.68373e-5 -5.26164e-6 -1 1.68372e-5 5.26166e-6 1 -1.21018e-5 -5.26165e-6 -1 -1.68373e-5 0 1 0 0 -1 1.68373e-5 -5.26165e-6 1 -1.68373e-5 -5.26165e-6 -1 0 5.26164e-6 1 -1.44695e-5 0 -1 7.49786e-6 0 1 1.05458e-5 1.05233e-5 -1 8.70273e-6 -1.05233e-5 1 1.08522e-5 -5.26165e-6 -1 -7.49786e-6 5.26165e-6 1 2.28323e-6 0 -1 -9.33944e-6 0 1 7.23478e-6 1.05233e-5 -1 1.89503e-5 -1.05233e-5 1 -9.6025e-6 -1.5785e-5 -1 1.68373e-5 5.26167e-6 1 -3.36745e-5 5.26164e-6 -1 0 -1.05233e-5 1 0 5.26165e-6 -1 1.68373e-5 -5.26166e-6 1 -1.68373e-5 -5.26165e-6 -1 -1.68373e-5 -5.26166e-6 1 1.68373e-5 1.05233e-5 -1 1.49956e-5 -1.05233e-5 1 1.68373e-5 -5.26165e-6 -1 -1.68373e-5 5.26166e-6 1 1.32199e-5 0 -1 1.68372e-5 -1.05233e-5 1 -1.68373e-5 -5.26164e-6 -1 1.68372e-5 5.26167e-6 1 -2.40721e-5 0 -1 -1.68373e-5 0 1 1.68373e-5 0 -1 0 0 1 -1.68373e-5 -5.26165e-6 -1 -1.84159e-6 5.26165e-6 1 -1.9205e-5 0 -1 1.31541e-5 0 1 2.39405e-5 1.05233e-5 -1 1.31541e-5 -1.05233e-5 1 1.9205e-5 -5.26165e-6 -1 1.49957e-5 5.26165e-6 1 -1.68373e-5 0 1 1.68373e-5 1.05233e-5 -1 0 -1.05233e-5 1 0 -1.5785e-5 -1 3.36746e-5 5.26168e-6 1 -3.36745e-5 -1.05233e-5 1 0 5.26165e-6 -1 3.36745e-5 0 -1 -1.31541e-5 0 1 2.36774e-6 1.05233e-5 -1 1.31541e-5 -1.05233e-5 1 1.68373e-5 -5.26165e-6 -1 -1.68373e-5 5.26165e-6 1 1.68373e-5 0 -1 1.68372e-5 -1.05233e-5 1 -1.68373e-5 -5.26164e-6 -1 3.36745e-5 0 1 -1.68373e-5 0 1 1.68373e-5 0 -1 0 0 1 -1.68373e-5 0 1 9.47095e-6 0 1 1.68373e-5 0 -1 0 5.26166e-6 1 0 5.26165e-6 1 0 0 -1 0 0 -1 4.655e-6 1.05233e-5 1 0 0 1 0 0 -1 1.68374e-5 0 1 -7.36629e-6 5.26165e-6 -1 0 0 1 1.68373e-5 0 -1 0 -5.26165e-6 1 -3.36746e-5 0 -1 1.68372e-5 -5.26166e-6 1 0 5.26166e-6 -1 -1.68374e-5 5.26164e-6 1 0 -5.26166e-6 -1 -1.68373e-5 0 1 0 0 -1 4.7355e-6 5.26166e-6 1 1.68373e-5 -5.26165e-6 -1 -2.15728e-5 0 1 1.86789e-5 0 -1 2.39405e-5 -1.05233e-5 1 1.49957e-5 -5.26165e-6 -1 3.36746e-5 5.26165e-6 1 -1.84158e-6 -5.26165e-6 -1 -1.44695e-5 -5.26165e-6 1 0 5.26166e-6 -1 2.42037e-5 -1.05233e-5 1 1.49958e-5 1.05233e-5 -1 0 1.57849e-5 1 1.68373e-5 -5.26167e-6 -1 -3.36745e-5 -5.26165e-6 1 0 1.05233e-5 -1 0 -5.26165e-6 1 1.68373e-5 5.26166e-6 -1 -1.68373e-5 5.26165e-6 1 0 5.26166e-6 -1 0 -1.05233e-5 1 2.61766e-5 1.05233e-5 -1 2.36774e-6 5.26165e-6 1 -1.68373e-5 -5.26166e-6 -1 0 0 1 1.68373e-5 1.05233e-5 -1 -1.68373e-5 5.26164e-6 1 1.68372e-5 -5.26166e-6 -1 -1.21018e-5 5.26165e-6 1 -1.68373e-5 0 -1 0 0 1 1.68373e-5 5.26165e-6 -1 -1.68373e-5 5.26165e-6 1 0 -5.26164e-6 -1 -1.44695e-5 0 1 7.49786e-6 0 -1 1.05458e-5 -1.05233e-5 1 8.70273e-6 1.05233e-5 -1 1.08522e-5 5.26165e-6 1 -7.49786e-6 -5.26165e-6 -1 2.28323e-6 0 1 -9.33944e-6 0 -1 7.23478e-6 -1.05233e-5 1 1.89503e-5 1.05233e-5 -1 -9.6025e-6 1.5785e-5 1 1.68373e-5 -5.26167e-6 -1 -3.36745e-5 -5.26164e-6 1 0 1.05233e-5 -1 0 -5.26165e-6 1 1.68373e-5 5.26166e-6 -1 -1.68373e-5 5.26165e-6 1 -1.68373e-5 5.26166e-6 -1 1.68373e-5 -1.05233e-5 1 1.49956e-5 1.05233e-5 -1 1.68373e-5 5.26165e-6 1 -1.68373e-5 -5.26166e-6 -1 1.32199e-5 0 1 1.68372e-5 1.05233e-5 -1 -1.68373e-5 5.26164e-6 1 1.68372e-5 -5.26167e-6 -1 -2.40721e-5 0 1 -1.68373e-5 0 -1 1.68373e-5 0 1 0 0 -1 -1.68373e-5 5.26165e-6 1 -1.84159e-6 -5.26165e-6 -1 -1.9205e-5 0 1 1.31541e-5 0 -1 2.39405e-5 -1.05233e-5 1 1.31541e-5 1.05233e-5 -1 1.9205e-5 5.26165e-6 1 1.49957e-5 -5.26165e-6 -1 -1.68373e-5 0 -1 1.68373e-5 -1.05233e-5 1 0 1.05233e-5 -1 0 1.5785e-5 1 3.36746e-5 -5.26168e-6 -1 -3.36745e-5 1.05233e-5 -1 0 -5.26165e-6 1 3.36745e-5 0 1 -1.31541e-5 0 -1 2.36774e-6 -1.05233e-5 1 1.31541e-5 1.05233e-5 -1 1.68373e-5 5.26165e-6 1 -1.68373e-5 -5.26165e-6 -1 1.68373e-5 0 1 1.68372e-5 1.05233e-5 -1 -1.68373e-5 5.26164e-6 1 3.36745e-5 0 -1 -1.68373e-5 0 -1 1.68373e-5 0 1 0 0 -1 -1.68373e-5 -1.77797e-7 0 1 -1.60012e-6 -9.38602e-7 1 -3.43035e-6 -4.30296e-7 1 -2.31058e-6 0 1 0 1.21586e-6 1 3.43693e-6 1.57003e-6 1 2.01416e-6 -9.3796e-7 1 -2.04344e-6 8.30909e-7 1 1.44839e-6 1.87259e-6 -1 2.58206e-6 7.02202e-7 -1 2.66017e-7 -8.86332e-7 -1 -1.5437e-6 4.51898e-7 -1 -7.62938e-7 4.45043e-7 -1 -7.62944e-7 0 -1 -7.62934e-7 0 -1 -1.51012e-6 -2.17935e-7 -1 0 -3.79064e-7 -1 -1.51911e-6 -1.11027e-6 -1 -4.17164e-6 -2.81374e-7 -1 -2.61758e-6 0 -1 0 5.80628e-6 1 -2.59224e-7 2.97193e-6 1 -4.30859e-7 1.94282e-6 1 -6.87584e-7 1.3486e-7 1 -2.7366e-6 -1.98702e-6 -1 -2.51383e-6 -1.16583e-6 -1 3.52653e-7 -9.08817e-7 -1 6.61611e-7 0 -1 -3.60316e-6 -5.08245e-6 1 -1.42236e-6 -8.58188e-6 1 -1.02911e-6 -5.78001e-6 1 2.05818e-6 -1.54634e-6 1 4.50915e-7 -1.60223e-6 -1 -2.19806e-6 -3.44349e-6 -1 -2.8262e-6 -2.31326e-6 -1 -2.11292e-6 -1.86461e-6 -1 -7.11213e-7 1.521e-7 1 0 2.03897e-6 1 1.0291e-6 1.65956e-6 1 1.0291e-6 1.61149e-6 1 2.00816e-6 1.60743e-6 -1 2.63513e-7 -2.01138e-6 -1 1.33362e-6 2.04776e-7 -1 2.75774e-6 1.77195e-6 -1 7.11217e-7 -4.23821e-7 1 -2.13353e-6 -5.86476e-6 1 -6.86067e-7 -3.84114e-6 1 0 -2.10937e-6 1 6.78068e-7 4.13026e-7 -1 4.42666e-7 1.87116e-6 -1 1.99405e-6 2.53905e-6 -1 2.71887e-6 3.484e-6 -1 -1.06681e-6 -1.31513e-6 1 -2.48913e-6 -3.04151e-6 1 -4.80252e-6 -2.65816e-6 1 -2.05818e-6 -2.48196e-6 1 -1.33579e-6 -9.02464e-7 -1 -3.0484e-7 -1.33934e-6 -1 1.48386e-6 1.12828e-6 -1 7.79884e-7 1.70796e-6 -1 -1.77801e-6 -1.22542e-6 1 -2.13352e-6 -1.41012e-6 1 -2.05825e-6 -1.28643e-6 1 -6.86067e-7 -1.09005e-6 1 0 4.54451e-6 -1 -1.61562e-6 2.15221e-7 -1 0 2.27094e-7 -1 8.99983e-7 1.72857e-6 -1 -2.13357e-6 6.9461e-7 1 -1.42234e-6 -3.81634e-7 1 8.57583e-7 4.1132e-7 1 -7.10948e-7 9.06341e-7 1 5.26192e-7 6.10346e-6 -1 -1.57849e-6 1.52586e-6 -1 5.26161e-7 0 -1 1.02939e-6 2.98523e-6 -1 -2.83624e-6 1.19533e-6 1 -1.41004e-6 -5.69428e-7 1 7.00585e-7 -8.03632e-7 1 2.08604e-6 1.49761e-7 1 2.45146e-7 1.08195e-6 -1 -1.10452e-6 6.17703e-7 -1 -6.2513e-7 -1.38625e-7 -1 9.37664e-7 4.51954e-7 -1 1.93127e-7 -1.33796e-7 -1 1.5191e-6 -1.11026e-6 -1 4.17166e-6 -2.8137e-7 -1 3.05868e-6 -2.81749e-7 -1 2.66124e-7 4.81973e-6 1 6.91251e-7 2.9289e-6 1 -1.37876e-6 5.50848e-6 1 0 4.76395e-6 1 1.92483e-6 -7.9494e-7 -1 2.29573e-6 -1.61094e-6 -1 1.08893e-6 -1.08606e-6 -1 0 -4.87465e-7 -1 3.43162e-6 -2.12415e-6 1 5.33373e-7 -3.77966e-6 1 -6.86074e-7 -4.62349e-7 1 -1.37212e-6 1.51694e-6 1 1.49497e-6 -2.58725e-6 -1 3.18222e-6 -3.71634e-6 -1 4.43793e-6 -3.17281e-6 -1 1.98262e-6 -2.46805e-6 -1 -7.11213e-7 -3.042e-7 1 3.55582e-7 0 1 -6.86071e-7 0 1 -1.37213e-6 1.23021e-6 1 -5.76921e-7 0 -1 9.0669e-7 -3.151e-6 -1 3.85361e-7 -1.3939e-6 -1 2.23392e-7 -6.03546e-7 -1 -3.55611e-7 -4.23823e-7 1 1.42235e-6 -3.90981e-6 1 3.43035e-7 -1.90514e-6 1 -1.0291e-6 -9.33365e-7 1 4.31548e-7 -7.80654e-7 -1 0 2.14436e-6 -1 -8.04536e-7 1.52223e-6 -1 -8.83627e-7 1.4249e-6 -1 1.42241e-6 -2.49985e-6 1 2.13357e-6 -2.76655e-6 1 -1.71519e-6 -1.10242e-6 1 -2.40121e-6 2.63862e-7 1 4.52143e-6 -8.00407e-6 -1 2.38326e-6 -8.32395e-6 -1 -1.21382e-6 -3.23349e-6 -1 0 -1.23785e-6 -1 1.42241e-6 -1.93568e-6 1 2.84468e-6 -1.72381e-6 1 -2.40129e-6 -8.11948e-7 1 -4.45943e-6 5.95011e-7 1 5.03372e-7 6.11474e-6 -1 0 4.49274e-6 -1 1.27745e-7 3.01619e-6 -1 1.82623e-6 -1.14397e-6 -1 -2.45146e-7 -1.08195e-6 -1 1.10452e-6 -6.17703e-7 -1 6.2513e-7 1.38625e-7 -1 -9.37664e-7 -4.51954e-7 -1 2.13357e-6 -6.9461e-7 1 1.42234e-6 3.81634e-7 1 -8.57583e-7 -4.1132e-7 1 7.10948e-7 -9.06341e-7 1 6.57708e-7 -4.76838e-6 1 6.57711e-7 -1.90733e-6 1 -6.57701e-7 0 1 -6.46543e-7 -2.81246e-6 1 2.83624e-6 -1.19533e-6 1 1.41004e-6 5.69428e-7 1 -7.00585e-7 8.03632e-7 1 -2.08604e-6 -1.49761e-7 1 1.11261e-6 -5.56303e-7 1 1.11261e-6 0 1 2.15889e-6 2.74153e-7 1 -1.93127e-7 1.33796e-7 -1 -1.5191e-6 1.11026e-6 -1 -4.17166e-6 2.8137e-7 -1 -3.05868e-6 2.81749e-7 -1 -2.66124e-7 -4.81973e-6 1 -6.91251e-7 -2.9289e-6 1 1.37876e-6 -5.50848e-6 1 0 -4.76395e-6 1 -1.92483e-6 7.9494e-7 -1 -2.29573e-6 1.61094e-6 -1 -1.08893e-6 1.08606e-6 -1 0 4.87465e-7 -1 -3.43162e-6 2.12415e-6 1 -5.33373e-7 3.77966e-6 1 6.86074e-7 4.62349e-7 1 1.37212e-6 -1.51694e-6 1 -1.49497e-6 2.58725e-6 -1 -3.18222e-6 3.71634e-6 -1 -4.43793e-6 3.17281e-6 -1 -1.98262e-6 2.46805e-6 -1 7.11213e-7 3.042e-7 1 -3.55582e-7 0 1 6.86071e-7 0 1 1.37213e-6 -1.23021e-6 1 5.76921e-7 0 -1 -9.0669e-7 3.151e-6 -1 -3.85361e-7 1.3939e-6 -1 -2.23392e-7 6.03546e-7 -1 3.55611e-7 4.23823e-7 1 -1.42235e-6 3.90981e-6 1 -3.43035e-7 1.90514e-6 1 1.0291e-6 9.33365e-7 1 -4.31548e-7 7.80654e-7 -1 0 -2.14436e-6 -1 8.04536e-7 -1.52223e-6 -1 8.83627e-7 -1.4249e-6 -1 -1.42241e-6 2.49985e-6 1 -2.13357e-6 2.76655e-6 1 1.71519e-6 1.10242e-6 1 2.40121e-6 -2.63862e-7 1 -4.52143e-6 8.00407e-6 -1 -2.38326e-6 8.32395e-6 -1 1.21382e-6 3.23349e-6 -1 0 1.23785e-6 -1 -1.42241e-6 1.93568e-6 1 -2.84468e-6 1.72381e-6 1 2.40129e-6 8.11948e-7 1 4.45943e-6 -5.95011e-7 1 -5.03372e-7 -6.11474e-6 -1 0 -4.49274e-6 -1 -1.27745e-7 -3.01619e-6 -1 -1.82623e-6 1.14397e-6 -1 7.62938e-7 -4.45043e-7 -1 7.62944e-7 0 -1 7.62934e-7 0 -1 1.51012e-6 2.17935e-7 -1 1.77797e-7 0 1 1.60012e-6 9.38602e-7 1 3.43035e-6 4.30296e-7 1 2.31058e-6 0 1 0 -1.21586e-6 1 -3.43693e-6 -1.57003e-6 1 -2.01416e-6 9.3796e-7 1 2.04344e-6 -8.30909e-7 1 -1.44839e-6 -1.87259e-6 -1 -2.58206e-6 -7.02202e-7 -1 -2.66017e-7 8.86332e-7 -1 1.5437e-6 -4.51898e-7 -1 -6.57708e-7 4.76838e-6 1 -6.57711e-7 1.90733e-6 1 6.57701e-7 0 1 6.46543e-7 2.81246e-6 1 0 3.79064e-7 -1 1.51911e-6 1.11027e-6 -1 4.17164e-6 2.81374e-7 -1 2.61758e-6 0 -1 -5.26192e-7 -6.10346e-6 -1 1.57849e-6 -1.52586e-6 -1 -5.26161e-7 0 -1 -1.02939e-6 -2.98523e-6 -1 2.7366e-6 1.98702e-6 -1 2.51383e-6 1.16583e-6 -1 -3.52653e-7 9.08817e-7 -1 -6.61611e-7 0 -1 3.60316e-6 5.08245e-6 1 1.42236e-6 8.58188e-6 1 1.02911e-6 5.78001e-6 1 -2.05818e-6 1.54634e-6 1 -4.50915e-7 1.60223e-6 -1 2.19806e-6 3.44349e-6 -1 2.8262e-6 2.31326e-6 -1 2.11292e-6 1.86461e-6 -1 7.11213e-7 -1.521e-7 1 0 -2.03897e-6 1 -1.0291e-6 -1.65956e-6 1 -1.0291e-6 -1.61149e-6 1 -2.00816e-6 -1.60743e-6 -1 -2.63513e-7 2.01138e-6 -1 -1.33362e-6 -2.04776e-7 -1 -2.75774e-6 -1.77195e-6 -1 -7.11217e-7 4.23821e-7 1 2.13353e-6 5.86476e-6 1 6.86067e-7 3.84114e-6 1 0 2.10937e-6 1 -6.78068e-7 -4.13026e-7 -1 -4.42666e-7 -1.87116e-6 -1 -1.99405e-6 -2.53905e-6 -1 -2.71887e-6 -3.484e-6 -1 1.06681e-6 1.31513e-6 1 2.48913e-6 3.04151e-6 1 4.80252e-6 2.65816e-6 1 2.05818e-6 2.48196e-6 1 1.33579e-6 9.02464e-7 -1 3.0484e-7 1.33934e-6 -1 -1.48386e-6 -1.12828e-6 -1 -7.79884e-7 -1.70796e-6 -1 1.77801e-6 1.22542e-6 1 2.13352e-6 1.41012e-6 1 2.05825e-6 1.28643e-6 1 6.86067e-7 1.09005e-6 1 0 -4.54451e-6 -1 1.61562e-6 -2.15221e-7 -1 0 -2.27094e-7 -1 -8.99983e-7 -1.72857e-6 -1 -1.11261e-6 5.56303e-7 1 -1.11261e-6 0 1 -2.15889e-6 -2.74153e-7 1 0 -5.80628e-6 1 2.59224e-7 -2.97193e-6 1 4.30859e-7 -1.94282e-6 1 6.87584e-7 -1.3486e-7 1 0 -2.70835e-7 -1 7.62943e-7 2.22524e-7 -1 0 0 -1 -7.62941e-7 2.2252e-7 -1 -7.62942e-7 0 -1 1.52588e-6 -6.6757e-7 -1 2.28882e-6 2.22515e-7 -1 0 6.67568e-7 -1 -7.62943e-7 -2.22522e-7 -1 1.52588e-6 -6.6757e-7 -1 2.28882e-6 2.22517e-7 -1 0 6.67567e-7 -1 -7.62939e-7 -2.22521e-7 -1 1.52588e-6 -6.67575e-7 -1 2.28881e-6 2.2251e-7 -1 0 6.67574e-7 -1 -7.62937e-7 -2.22518e-7 -1 1.52588e-6 -6.67575e-7 -1 2.28882e-6 2.22513e-7 -1 0 6.67572e-7 -1 -7.62938e-7 -2.22518e-7 -1 1.52588e-6 -6.67578e-7 -1 2.28882e-6 2.2251e-7 -1 0 6.67575e-7 -1 -7.62941e-7 -2.22521e-7 -1 1.52588e-6 -6.6757e-7 -1 2.28882e-6 2.2251e-7 -1 0 6.67572e-7 -1 -7.62941e-7 -2.22521e-7 -1 1.52588e-6 -6.6757e-7 -1 2.28882e-6 2.2251e-7 -1 0 6.67575e-7 -1 -7.62939e-7 -2.22519e-7 -1 1.52588e-6 -6.67569e-7 -1 2.28882e-6 2.22517e-7 -1 0 6.67576e-7 -1 -7.62939e-7 -2.22518e-7 -1 2.28882e-6 2.22516e-7 -1 0 6.6757e-7 -1 -7.62939e-7 -2.22521e-7 -1 1.52588e-6 -6.6757e-7 -1 2.28882e-6 2.22523e-7 -1 0 6.67568e-7 -1 -7.62939e-7 -2.22518e-7 -1 1.52588e-6 -6.6757e-7 -1 2.28882e-6 2.22516e-7 -1 0 6.67577e-7 -1 -7.62939e-7 -2.22521e-7 -1 1.52588e-6 -6.67571e-7 -1 2.28882e-6 2.22509e-7 -1 0 6.67572e-7 -1 -7.6294e-7 -2.22523e-7 -1 1.52588e-6 -6.6757e-7 -1 2.28881e-6 2.22509e-7 -1 0 6.67571e-7 -1 -7.62939e-7 -2.22522e-7 -1 1.52588e-6 -6.67571e-7 -1 2.28882e-6 2.2251e-7 -1 0 6.67573e-7 -1 -7.62938e-7 -2.22522e-7 -1 1.52587e-6 -6.6757e-7 -1 2.28881e-6 2.22515e-7 -1 0 6.67568e-7 -1 -7.6294e-7 -2.22523e-7 -1 1.52587e-6 -6.6757e-7 -1 2.28881e-6 2.22516e-7 -1 0 6.67567e-7 -1 -7.62937e-7 -2.22522e-7 -1 1.52588e-6 -6.6757e-7 -1 2.28881e-6 2.22511e-7 -1 0 6.67575e-7 -1 -7.62938e-7 -2.22523e-7 -1 1.52588e-6 -6.67573e-7 -1 2.28882e-6 2.2251e-7 -1 0 6.67566e-7 -1 -7.62937e-7 -2.22521e-7 -1 7.62943e-7 -4.45051e-7 -1 7.62946e-7 0 -1 0 -5.64566e-7 1 2.22525e-6 -2.78156e-7 1 0 2.78154e-7 1 2.22525e-6 2.78156e-7 1 1.11262e-6 0 1 2.22524e-6 -2.78155e-7 1 2.22525e-6 2.78148e-7 1 0 2.78161e-7 1 2.22524e-6 -2.78155e-7 1 2.22524e-6 2.78146e-7 1 0 2.7816e-7 1 2.22523e-6 -2.78153e-7 1 2.22523e-6 -2.78153e-7 1 0 2.7816e-7 1 2.22523e-6 -2.78154e-7 1 2.22524e-6 2.78147e-7 1 2.22524e-6 -2.78155e-7 1 2.22524e-6 -2.78155e-7 1 0 2.7816e-7 1 0 -2.78155e-7 1 2.22524e-6 -2.78154e-7 1 0 2.78161e-7 1 1.11262e-6 -2.78155e-7 1 1.11262e-6 2.78146e-7 1 1.11262e-6 -2.78155e-7 1 0 2.78161e-7 1 2.22524e-6 -2.78155e-7 1 2.22523e-6 2.78146e-7 1 0 2.78162e-7 1 0 2.78162e-7 1 2.22524e-6 -2.78155e-7 1 2.22523e-6 2.78145e-7 1 2.22524e-6 -2.78155e-7 1 0 2.78162e-7 1 2.22525e-6 -2.78156e-7 1 0 2.78163e-7 1 2.22524e-6 -2.78156e-7 1 1.11261e-6 0 1 0 5.64566e-7 1 -2.22525e-6 2.78156e-7 1 0 -2.78154e-7 1 -2.22525e-6 -2.78156e-7 1 -1.11262e-6 0 1 -2.22524e-6 2.78155e-7 1 -2.22525e-6 -2.78148e-7 1 0 -2.78161e-7 1 -2.22524e-6 2.78155e-7 1 -2.22524e-6 -2.78146e-7 1 0 -2.7816e-7 1 -2.22523e-6 2.78153e-7 1 -2.22523e-6 2.78153e-7 1 0 -2.7816e-7 1 -2.22523e-6 2.78154e-7 1 -2.22524e-6 -2.78147e-7 1 -2.22524e-6 2.78155e-7 1 -2.22524e-6 2.78155e-7 1 0 -2.7816e-7 1 0 2.78155e-7 1 -2.22524e-6 2.78154e-7 1 0 -2.78161e-7 1 -1.11262e-6 2.78155e-7 1 -1.11262e-6 -2.78146e-7 1 -1.11262e-6 2.78155e-7 1 0 -2.78161e-7 1 -2.22524e-6 2.78155e-7 1 -2.22523e-6 -2.78146e-7 1 0 -2.78162e-7 1 0 -2.78162e-7 1 -2.22524e-6 2.78155e-7 1 -2.22523e-6 -2.78145e-7 1 -2.22524e-6 2.78155e-7 1 0 -2.78162e-7 1 -2.22525e-6 2.78156e-7 1 0 -2.78163e-7 1 -2.22524e-6 2.78156e-7 1 -1.11261e-6 0 1 0 2.70835e-7 -1 -7.62943e-7 -2.22524e-7 -1 0 0 -1 7.62941e-7 -2.2252e-7 -1 7.62942e-7 0 -1 -1.52588e-6 6.6757e-7 -1 -2.28882e-6 -2.22515e-7 -1 0 -6.67568e-7 -1 7.62943e-7 2.22522e-7 -1 -1.52588e-6 6.6757e-7 -1 -2.28882e-6 -2.22517e-7 -1 0 -6.67567e-7 -1 7.62939e-7 2.22521e-7 -1 -1.52588e-6 6.67575e-7 -1 -2.28881e-6 -2.2251e-7 -1 0 -6.67574e-7 -1 7.62937e-7 2.22518e-7 -1 -1.52588e-6 6.67575e-7 -1 -2.28882e-6 -2.22513e-7 -1 0 -6.67572e-7 -1 7.62938e-7 2.22518e-7 -1 -1.52588e-6 6.67578e-7 -1 -2.28882e-6 -2.2251e-7 -1 0 -6.67575e-7 -1 7.62941e-7 2.22521e-7 -1 -1.52588e-6 6.6757e-7 -1 -2.28882e-6 -2.2251e-7 -1 0 -6.67572e-7 -1 7.62941e-7 2.22521e-7 -1 -1.52588e-6 6.6757e-7 -1 -2.28882e-6 -2.2251e-7 -1 0 -6.67575e-7 -1 7.62939e-7 2.22519e-7 -1 -1.52588e-6 6.67569e-7 -1 -2.28882e-6 -2.22517e-7 -1 0 -6.67576e-7 -1 7.62939e-7 2.22518e-7 -1 -2.28882e-6 -2.22516e-7 -1 0 -6.6757e-7 -1 7.62939e-7 2.22521e-7 -1 -1.52588e-6 6.6757e-7 -1 -2.28882e-6 -2.22523e-7 -1 0 -6.67568e-7 -1 7.62939e-7 2.22518e-7 -1 -1.52588e-6 6.6757e-7 -1 -2.28882e-6 -2.22516e-7 -1 0 -6.67577e-7 -1 7.62939e-7 2.22521e-7 -1 -1.52588e-6 6.67571e-7 -1 -2.28882e-6 -2.22509e-7 -1 0 -6.67572e-7 -1 7.6294e-7 2.22523e-7 -1 -1.52588e-6 6.6757e-7 -1 -2.28881e-6 -2.22509e-7 -1 0 -6.67571e-7 -1 7.62939e-7 2.22522e-7 -1 -1.52588e-6 6.67571e-7 -1 -2.28882e-6 -2.2251e-7 -1 0 -6.67573e-7 -1 7.62938e-7 2.22522e-7 -1 -1.52587e-6 6.6757e-7 -1 -2.28881e-6 -2.22515e-7 -1 0 -6.67568e-7 -1 7.6294e-7 2.22523e-7 -1 -1.52587e-6 6.6757e-7 -1 -2.28881e-6 -2.22516e-7 -1 0 -6.67567e-7 -1 7.62937e-7 2.22522e-7 -1 -1.52588e-6 6.6757e-7 -1 -2.28881e-6 -2.22511e-7 -1 0 -6.67575e-7 -1 7.62938e-7 2.22523e-7 -1 -1.52588e-6 6.67573e-7 -1 -2.28882e-6 -2.2251e-7 -1 0 -6.67566e-7 -1 7.62937e-7 2.22521e-7 -1 -7.62943e-7 4.45051e-7 -1 -7.62946e-7 0 -1 0 3.05176e-6 -1 1.57848e-6 7.62933e-6 -1 -5.26113e-7 9.15521e-6 -1 -5.26207e-7 7.62941e-6 -1 2.6308e-6 0 -1 2.10469e-6 -6.10358e-6 -1 -1.57849e-6 -1.52586e-6 -1 1.57846e-6 3.05175e-6 -1 1.57851e-6 -1.5259e-6 -1 -1.57846e-6 -6.10337e-6 -1 -1.57849e-6 -1.52587e-6 -1 1.57846e-6 3.05175e-6 -1 1.57847e-6 -1.52586e-6 -1 -1.57847e-6 -6.10344e-6 -1 -2.10464e-6 0 -1 2.63075e-6 7.62941e-6 -1 6.69272e-7 1.90733e-6 1 6.57701e-7 4.76833e-6 1 -6.57701e-7 5.72202e-6 1 0 5.72199e-6 1 6.57701e-7 2.861e-6 1 -6.57704e-7 -1.90734e-6 1 2.63079e-6 5.722e-6 1 6.57696e-7 4.7683e-6 1 2.63086e-6 -2.86106e-6 1 -6.57706e-7 -1.90735e-6 1 2.63079e-6 5.722e-6 1 6.57711e-7 4.76841e-6 1 2.63086e-6 -2.86106e-6 1 0 -2.861e-6 1 1.97315e-6 2.86106e-6 1 -6.69272e-7 -1.90733e-6 1 -6.57701e-7 -4.76833e-6 1 6.57701e-7 -5.72202e-6 1 0 -5.72199e-6 1 -6.57701e-7 -2.861e-6 1 6.57704e-7 1.90734e-6 1 -2.63079e-6 -5.722e-6 1 -6.57696e-7 -4.7683e-6 1 -2.63086e-6 2.86106e-6 1 6.57706e-7 1.90735e-6 1 -2.63079e-6 -5.722e-6 1 -6.57711e-7 -4.76841e-6 1 -2.63086e-6 2.86106e-6 1 0 2.861e-6 1 -1.97315e-6 -2.86106e-6 1 0 -3.05176e-6 -1 -1.57848e-6 -7.62933e-6 -1 5.26113e-7 -9.15521e-6 -1 5.26207e-7 -7.62941e-6 -1 -2.6308e-6 0 -1 -2.10469e-6 6.10358e-6 -1 1.57849e-6 1.52586e-6 -1 -1.57846e-6 -3.05175e-6 -1 -1.57851e-6 1.5259e-6 -1 1.57846e-6 6.10337e-6 -1 1.57849e-6 1.52587e-6 -1 -1.57846e-6 -3.05175e-6 -1 -1.57847e-6 1.52586e-6 -1 1.57847e-6 6.10344e-6 -1 2.10464e-6 0 -1 -2.63075e-6 -7.62941e-6 -1 0.8701013 0.492873 6.84893e-6 -0.8701034 -0.4928693 0 0.8701025 0.4928709 -2.45799e-6 -0.8701065 -0.4928638 0 0.8932101 0.4496395 0 -0.8932068 -0.4496462 4.55155e-6 0.8932054 0.4496492 0 -0.893207 -0.4496456 0 0.8448788 0.5349578 0 -0.8448777 -0.5349596 4.55172e-6 0.8448784 0.5349586 0 0.8448787 0.534958 0 -0.8448761 -0.5349622 4.55171e-6 0.8448773 0.5349604 0 -0.8448802 -0.5349557 0 0.870103 0.4928701 4.3909e-6 -0.8701027 -0.4928708 -4.96635e-6 0.8932081 0.4496436 0 -0.8932064 -0.449647 0 0.9141911 0.4052833 4.86822e-6 -0.9141903 -0.4052855 0 0.9141922 0.405281 0 -0.9141927 -0.4052797 6.00364e-6 0.9141902 0.4052857 -4.39082e-6 -0.9141903 -0.4052852 6.19951e-6 0.9141885 0.4052894 0 -0.914191 -0.4052838 -4.55169e-6 0.8932111 0.4496375 0 -0.8932074 -0.449645 0 0.8701025 0.4928708 -8.78186e-6 -0.8701052 -0.4928663 4.9664e-6 0.6152623 0.7883225 -8.78178e-6 -0.6152645 -0.7883208 1.35272e-5 0.6152447 0.7883363 8.78183e-6 -0.6152455 -0.7883357 9.10313e-6 0.65315 0.7572286 0 -0.6531446 -0.7572332 0 0.6531528 0.7572261 -8.78172e-6 -0.6531528 -0.7572263 5.09312e-6 0.5758485 0.8175565 6.79666e-6 -0.5758412 -0.8175616 0 0.5758435 0.81756 -8.78162e-6 -0.575837 -0.8175647 -5.84348e-6 0.5758442 0.8175595 -9.92481e-7 -0.5758487 -0.8175563 -9.10344e-6 0.5758482 0.8175567 -8.78162e-6 -0.5758435 -0.81756 -2.92174e-6 0.6152465 0.7883349 -8.78186e-6 -0.6152594 -0.7883247 0 0.6531527 0.7572264 8.30854e-6 -0.6531476 -0.7572306 0 0.6895053 0.7242807 0 -0.6895058 -0.7242802 0 0.6895017 0.7242841 0 -0.6895064 -0.7242797 -1.10667e-6 0.6895028 0.724283 0 -0.6895074 -0.7242786 1.10667e-6 0.6895016 0.7242842 0 -0.6895111 -0.7242751 -9.10334e-6 0.65315 0.7572285 0 0.6152493 0.7883326 0 -0.6152519 -0.7883306 0 0.2667467 0.9637667 -1.75636e-5 -0.2667425 -0.9637679 9.10306e-6 0.2667531 0.963765 -1.75636e-5 -0.2667489 -0.9637662 1.25128e-5 0.3136421 0.9495413 0 -0.313646 -0.9495401 1.82061e-5 0.3136423 0.9495412 0 -0.3136463 -0.9495399 0 0.2191437 0.9756926 0 -0.2191344 -0.9756948 -2.45602e-5 0.2191434 0.9756927 -1.65882e-5 -0.2191448 -0.9756925 -1.82e-5 0.2191323 0.9756951 0 -0.2191339 -0.9756949 -2.45602e-5 0.2191324 0.9756952 0 -0.2191506 -0.9756911 0 0.266752 0.9637652 1.75635e-5 -0.2667429 -0.9637678 0 0.3136419 0.9495413 1.75636e-5 -0.3136512 -0.9495384 0 0.3598439 0.9330126 0 -0.3598411 -0.9330137 0 0.3598486 0.9330107 -2.93025e-6 -0.3598569 -0.9330075 -1.82068e-5 0.3598495 0.9330103 -8.78163e-6 -0.3598466 -0.9330116 9.10342e-6 0.3598437 0.9330127 0 -0.3598475 -0.9330111 0 0.3136482 0.9495393 0 -0.313651 -0.9495384 0 0.2667465 0.9637668 0 -0.266753 -0.963765 1.25127e-5 -1 3.5604e-6 -6.10351e-6 1 -3.56038e-6 0 -1 0 6.10354e-6 1 -2.22524e-6 0 -1 8.90102e-7 0 1 1.33515e-6 0 -1 -3.56038e-6 -3.05172e-6 1 -2.33651e-6 -3.05176e-6 -1 -9.34601e-6 3.05166e-6 1 1.06812e-5 -3.05169e-6 -1 2.22524e-6 -3.05174e-6 -1 -5.34057e-6 3.05174e-6 1 3.56038e-6 -3.05175e-6 1 -2.19316e-6 3.05177e-6 -1 -1.35495e-6 0 1 -1.09658e-6 0 -1 2.48408e-6 0 -1 -2.00272e-6 0 -1 1.33515e-6 3.05176e-6 1 0 -3.05176e-6 0.1121773 0.9936883 0 -0.1121762 -0.9936884 0 0.1121774 0.9936882 -4.82216e-6 -0.1121762 -0.9936884 -1.41622e-5 0.1364855 0.9906421 0 -0.1364805 -0.9906428 0 0.1364806 0.9906428 0 -0.1364861 -0.990642 0 0.1000371 0.9949837 -4.90433e-6 -0.1000456 -0.9949829 -3.97414e-6 0.1000479 0.9949827 -4.90433e-6 -0.1000461 -0.9949828 -3.97415e-6 0.100048 0.9949827 1.74376e-5 -0.1000459 -0.9949828 0 0.100037 0.9949838 0 -0.1000348 -0.994984 1.81675e-5 0.1121775 0.9936882 0 -0.1121877 -0.993687 1.79348e-5 0.1364806 0.9906428 0 -0.136486 -0.990642 -1.44968e-5 0.172914 0.984937 8.76509e-6 -0.1729108 -0.9849376 6.87114e-6 0.1729142 0.984937 1.76022e-5 -0.1729163 -0.9849365 -2.50233e-5 0.1729149 0.9849368 0 -0.1729164 -0.9849365 1.81522e-5 0.1729147 0.9849368 0 -0.1729165 -0.9849365 -1.37423e-5 0.1364858 0.9906421 0 -0.136492 -0.9906412 -3.55161e-6 0.112172 0.9936888 1.76962e-5 -0.1121708 -0.993689 0 0.4496454 0.8932073 -1.05493e-5 -0.4496401 -0.8932099 0 0.4496436 0.8932081 0 -0.4496378 -0.8932111 -1.58719e-6 0.4928635 0.8701066 0 -0.4928594 -0.8701089 0 0.4928648 0.8701061 -2.14421e-6 -0.4928674 -0.8701044 -9.10305e-6 0.405278 0.9141935 8.78165e-6 -0.4052786 -0.9141933 -2.82408e-6 0.4052787 0.9141932 -2.23165e-5 -0.4052936 -0.9141865 1.19275e-5 0.4052783 0.9141934 1.75632e-5 -0.4052798 -0.9141928 9.10345e-6 0.4052863 0.9141898 0 -0.4052886 -0.9141888 0 0.4496421 0.8932089 5.26535e-6 -0.4496319 -0.893214 0 0.4928759 0.8700996 0 -0.4928731 -0.8701012 9.10305e-6 0.5349548 0.8448808 0 -0.5349595 -0.8448778 0 0.5349569 0.8448793 -1.28013e-6 -0.5349598 -0.8448776 0 0.5349588 0.8448781 0 -0.5349633 -0.8448754 0 0.5349546 0.8448809 0 -0.5349647 -0.8448744 -9.10334e-6 0.4928737 0.8701009 2.14421e-6 -0.4928671 -0.8701046 0 0.4496421 0.8932089 0 -0.449638 -0.8932108 -1.58719e-6 0.9906425 0.136483 -1.10299e-6 -0.9906417 -0.1364892 1.12801e-6 0.9906417 0.1364887 -1.8069e-6 -0.9906433 -0.1364768 -5.6401e-6 0.9936869 0.1121889 -2.385e-6 -0.9936872 -0.1121858 0 0.9936872 0.1121875 5.53004e-6 -0.9936863 -0.1121946 -5.96095e-6 0.9849377 0.1729098 -4.5134e-6 -0.9849398 -0.1728981 3.76434e-6 0.9849376 0.17291 4.51337e-6 -0.9849376 -0.1729105 0 0.9849379 0.1729084 -4.51341e-6 -0.9849384 -0.1729059 0 0.9849377 0.1729094 2.20026e-6 -0.9849382 -0.172907 7.73668e-7 0.9906421 0.1364858 0 -0.9906426 -0.1364819 0 0.9936875 0.1121839 -6.63602e-6 -0.9936874 -0.1121851 5.96099e-6 0.9949832 0.1000427 0 -0.9949831 -0.1000439 0 0.9949835 0.1000397 0 -0.9949835 -0.1000394 0 0.9949833 0.1000412 0 -0.994983 -0.1000456 0 0.9949833 0.1000413 0 -0.9949829 -0.1000456 3.40641e-6 0.9936881 0.1121797 3.49103e-6 -0.9936869 -0.1121892 0 0.990642 0.1364859 2.90993e-6 -0.9906426 -0.1364815 -4.51207e-6 0.7572374 0.6531399 -8.78179e-6 -0.7572305 -0.6531478 -1.38458e-5 0.7572391 0.6531379 1.30889e-5 -0.7572272 -0.6531518 0 0.7883213 0.6152638 8.78175e-6 -0.7883256 -0.6152583 -3.02144e-6 0.78832 0.6152656 -8.48754e-6 -0.7883244 -0.61526 9.10299e-6 0.7242815 0.6895044 1.75633e-5 -0.7242724 -0.6895139 9.1034e-6 0.7242721 0.6895143 0 -0.7242767 -0.6895095 -3.10181e-6 0.7242733 0.689513 0 -0.7242795 -0.6895066 0 0.7242779 0.6895083 0 -0.7242824 -0.6895035 0 0.7572298 0.6531487 8.78183e-6 -0.757228 -0.6531506 -1.58092e-6 0.7883281 0.6152552 0 -0.7883319 -0.6152504 -6.06223e-6 0.8175646 0.5758369 -1.13549e-6 -0.8175518 -0.5758551 0 0.8175601 0.5758433 -3.82305e-6 -0.8175603 -0.5758431 0 0.81756 0.5758435 0 -0.8175591 -0.5758447 0 0.8175598 0.5758436 8.78157e-6 -0.8175591 -0.575845 1.03541e-5 0.7883269 0.6152568 0 -0.7883297 -0.615253 -3.0408e-6 0.7572275 0.6531513 -8.94931e-6 -0.7572288 -0.6531497 0 0.9495384 0.3136509 -4.75096e-6 -0.9495399 -0.3136463 -4.5515e-6 0.9495395 0.3136476 9.14176e-6 -0.9495362 -0.3136577 4.55151e-6 0.9637683 0.2667408 5.36169e-6 -0.9637652 -0.2667526 0 0.9637656 0.2667505 -4.13709e-6 -0.9637687 -0.2667399 -4.55156e-6 0.9330078 0.3598561 0 -0.9330086 -0.3598541 0 0.933007 0.3598583 -8.78165e-6 -0.9330074 -0.3598574 6.62336e-6 0.9330071 0.3598583 3.67926e-6 -0.9330102 -0.3598498 -1.36551e-5 0.9330089 0.3598535 0 -0.9330106 -0.359849 0 0.9495376 0.3136532 4.39087e-6 -0.9495368 -0.313656 0 0.963768 0.266742 0 -0.9637678 -0.2667427 -2.27576e-6 0.9756904 0.2191536 2.19622e-6 -0.9756907 -0.2191523 -5.17947e-6 0.9756917 0.2191479 2.19621e-6 -0.9756913 -0.2191497 -2.90442e-6 0.9756919 0.2191472 0 -0.9756916 -0.2191485 -4.54995e-6 0.9756906 0.2191528 -6.58864e-6 -0.9756919 -0.2191467 8.08388e-6 0.9637653 0.2667518 -2.19543e-6 -0.9637657 -0.2667506 -4.23621e-6 0.9495377 0.3136532 -4.3909e-6 -0.9495382 -0.3136514 0 -0.8701021 0.4928715 0 0.8701046 -0.4928671 0 -0.8932092 0.4496413 0 0.8932061 -0.4496475 1.45191e-6 -0.8701046 0.4928674 -4.39092e-6 0.8701027 -0.4928706 0 -0.8932054 0.4496489 3.43608e-6 0.893205 -0.4496498 -4.55154e-6 -0.8448772 0.5349604 0 0.8448762 -0.5349621 -2.07423e-7 -0.8701028 0.4928705 -4.39091e-6 0.8701013 -0.4928728 0 -0.893209 0.4496419 4.77408e-7 0.8932061 -0.4496476 0 -0.9141914 0.4052828 0 0.9141932 -0.405279 -9.1034e-6 -0.9141914 0.405283 -9.49316e-6 0.9141916 -0.4052825 1.36551e-5 -0.914191 0.4052839 4.39082e-6 0.9141921 -0.4052811 -1.40634e-5 -0.9141917 0.4052821 -9.49315e-6 0.9141926 -0.4052802 1.3655e-5 -0.8932112 0.4496374 0 0.8932067 -0.4496466 0 -0.8701034 0.4928692 8.78188e-6 0.8701027 -0.4928708 0 -0.8448733 0.5349666 3.86574e-6 0.8448731 -0.5349668 -9.10344e-6 -0.8448757 0.5349627 1.75632e-5 0.8448765 -0.5349614 4.34431e-6 -0.8448747 0.5349644 0 0.8448761 -0.5349621 0 -0.6152445 0.7883365 9.25502e-6 0.6152459 -0.7883353 -9.10312e-6 -0.6531599 0.7572201 0 0.6531421 -0.7572354 -2.21325e-6 -0.6152626 0.7883223 8.78177e-6 0.615255 -0.7883282 1.31131e-5 -0.6531462 0.7572319 4.4597e-6 0.6531419 -0.7572356 0 -0.5758461 0.8175582 8.78158e-6 0.575847 -0.8175576 -9.10339e-6 -0.615257 0.7883266 -2.63453e-5 0.6152576 -0.7883262 1.82061e-5 -0.6531512 0.7572275 4.45974e-6 0.653144 -0.7572338 -9.10297e-6 -0.6895019 0.7242839 0 0.6895069 -0.7242791 0 -0.6895 0.7242857 -8.78162e-6 0.6895043 -0.7242817 0 -0.6895048 0.7242811 0 0.68951 -0.7242763 0 -0.6895079 0.7242782 0 0.6895068 -0.7242792 0 -0.6531494 0.7572291 0 0.6531477 -0.7572305 0 -0.6152532 0.7883297 0 0.6152563 -0.7883272 -9.10303e-6 -0.5758436 0.8175598 5.49967e-6 0.5758373 -0.8175644 -9.10342e-6 -0.5758439 0.8175598 8.78161e-6 0.5758365 -0.8175649 -9.10342e-6 -0.5758512 0.8175546 -1.42812e-5 0.5758466 -0.8175578 1.82068e-5 -0.2667418 0.9637681 1.75636e-5 0.2667542 -0.9637646 -1.39824e-5 -0.3136588 0.9495358 -1.75636e-5 0.3136408 -0.9495418 1.25887e-6 -0.2667469 0.9637667 0 0.2667536 -0.9637649 9.10305e-6 -0.3136384 0.9495425 -1.75637e-5 0.3136566 -0.9495366 -1.4284e-5 -0.2191539 0.9756903 -1.75696e-5 0.2191341 -0.9756948 1.82001e-5 -0.2667414 0.9637683 0 0.2667483 -0.9637663 1.82062e-5 -0.3136476 0.9495395 -5.85145e-6 0.3136515 -0.9495382 0 -0.3598433 0.9330129 0 0.359842 -0.9330133 0 -0.3598436 0.9330127 0 0.3598408 -0.9330138 9.10343e-6 -0.3598486 0.9330107 8.78161e-6 0.3598463 -0.9330116 -6.27933e-6 -0.3598486 0.9330108 -1.28101e-5 0.3598402 -0.933014 -2.82407e-6 -0.3136522 0.949538 0 0.313651 -0.9495384 0 -0.2667411 0.9637683 0 0.2667482 -0.9637663 -1.82061e-5 -0.2191433 0.9756927 0 0.2191347 -0.9756947 0 -0.2191535 0.9756904 2.31906e-6 0.2191451 -0.9756923 1.82e-5 -0.2191432 0.9756928 1.75696e-5 0.2191454 -0.9756923 -5.69145e-6 -0.1121772 0.9936883 0 0.1121763 -0.9936884 0 -0.1364857 0.9906421 -1.7648e-5 0.1364911 -0.9906413 1.80484e-5 -0.1121772 0.9936883 0 0.1121761 -0.9936884 1.79347e-5 -0.1364806 0.9906428 0 0.1364858 -0.9906421 -3.60969e-5 -0.1000371 0.9949837 0 0.1000351 -0.994984 -1.81675e-5 -0.1121883 0.993687 0 0.1121764 -0.9936884 -7.20275e-6 -0.1364802 0.9906429 8.78793e-6 0.136491 -0.9906414 -6.83186e-6 -0.1729097 0.9849377 9.29281e-6 0.1729059 -0.9849385 -6.34349e-6 -0.1729037 0.9849388 -9.29276e-6 0.1729055 -0.9849385 1.81523e-5 -0.1729041 0.9849387 1.76023e-5 0.1729048 -0.9849386 -1.81521e-5 -0.1729044 0.9849387 0 0.1729055 -0.9849385 0 -0.1364972 0.9906405 1.76481e-5 0.1365027 -0.9906398 1.80484e-5 -0.112172 0.9936889 0 0.1121711 -0.993689 -1.79348e-5 -0.1000482 0.9949826 -1.74376e-5 0.1000348 -0.994984 1.81675e-5 -0.1000481 0.9949826 -1.26859e-5 0.1000459 -0.9949828 -3.82149e-6 -0.100048 0.9949827 0 0.1000459 -0.9949828 0 -0.4496442 0.8932079 -8.78179e-6 0.4496446 -0.8932076 0 -0.4928701 0.870103 1.75635e-5 0.4928565 -0.8701107 2.57822e-6 -0.4496498 0.893205 4.28839e-6 0.449638 -0.8932109 -4.29968e-7 -0.4928629 0.8701069 8.78182e-6 0.4928581 -0.8701097 0 -0.4052884 0.9141889 -3.51635e-6 0.4052887 -0.9141888 0 -0.4496366 0.8932117 -2.14424e-6 0.4496302 -0.8932148 0 -0.4928753 0.8701 8.14167e-6 0.4928672 -0.8701046 0 -0.5349565 0.8448797 9.92487e-7 0.534959 -0.844878 -9.10335e-6 -0.5349552 0.8448805 -9.92482e-7 0.5349627 -0.8448756 5.84342e-6 -0.5349594 0.8448777 0 0.534964 -0.8448749 -9.10336e-6 -0.5349636 0.8448751 0 0.5349595 -0.8448778 5.84344e-6 -0.4928674 0.8701045 0 0.4928649 -0.8701059 -9.1031e-6 -0.4496421 0.8932089 -1.0926e-5 0.4496389 -0.8932105 9.10304e-6 -0.4052775 0.9141938 -1.75633e-5 0.4052877 -0.9141893 0 -0.4052866 0.9141897 2.63447e-5 0.4052788 -0.9141932 -1.58726e-6 -0.405282 0.9141918 -1.75632e-5 0.4052839 -0.914191 0 -0.990642 0.1364858 3.13647e-6 0.990643 -0.1364792 -2.25605e-6 -0.9936878 0.1121809 0 0.993688 -0.1121802 0 -0.9906421 0.1364852 7.721e-6 0.9906408 -0.1364952 6.40943e-6 -0.9936876 0.1121832 0 0.9936878 -0.1121814 3.08447e-6 -0.9849388 0.1729037 -4.40053e-6 0.9849392 -0.1729014 -2.26899e-6 -0.9906421 0.1364857 1.10301e-6 0.9906414 -0.1364908 0 -0.993688 0.1121796 1.46796e-6 0.9936873 -0.1121857 -3.36273e-6 -0.9949823 0.1000518 -3.16004e-6 0.9949834 -0.1000404 3.40639e-6 -0.9949827 0.100047 0 0.9949827 -0.1000472 0 -0.9949825 0.1000499 -3.26951e-6 0.994983 -0.1000445 1.13546e-6 -0.9949832 0.1000422 1.08983e-6 0.9949829 -0.100045 -3.40639e-6 -0.9936876 0.1121831 0 0.993687 -0.1121876 0 -0.9906423 0.1364846 -5.51503e-6 0.9906414 -0.1364907 0 -0.9849385 0.1729058 -5.19663e-6 0.9849376 -0.1729111 6.7635e-6 -0.9849365 0.1729163 7.39697e-6 0.9849379 -0.1729093 -9.07609e-6 -0.9849371 0.1729132 -4.4005e-6 0.984939 -0.1729024 4.53798e-6 -0.7572299 0.6531484 1.47132e-7 0.7572259 -0.6531533 0 -0.7883232 0.6152616 8.78183e-6 0.7883254 -0.6152586 -7.85243e-6 -0.7572345 0.6531432 -8.92889e-6 0.7572283 -0.6531503 -6.06223e-6 -0.7883222 0.6152627 -8.78188e-6 0.7883301 -0.6152526 -1.03537e-5 -0.7242764 0.6895098 0 0.7242774 -0.6895088 5.94142e-6 -0.7572308 0.6531474 -8.78183e-6 0.7572253 -0.6531538 -6.0623e-6 -0.7883267 0.615257 -4.95862e-6 0.7883318 -0.6152504 9.10302e-6 -0.8175563 0.5758488 0 0.8175545 -0.5758513 0 -0.8175643 0.5758375 0 0.8175615 -0.5758414 0 -0.8175602 0.5758431 8.78153e-6 0.8175631 -0.5758391 -1.28427e-5 -0.8175621 0.5758405 -1.16699e-6 0.8175636 -0.5758383 9.10337e-6 -0.7883303 0.6152523 4.95868e-6 0.7883319 -0.6152502 0 -0.7572318 0.6531463 8.78178e-6 0.7572295 -0.6531489 0 -0.7242732 0.6895132 1.73958e-5 0.7242758 -0.6895105 -1.82069e-5 -0.7242754 0.6895109 0 0.7242721 -0.6895144 5.94139e-6 -0.7242801 0.689506 -1.67496e-7 0.7242779 -0.6895082 -9.10333e-6 1.05233e-5 -1 -1.31541e-5 0 1 -1.21018e-5 0 -1 1.31541e-5 0 1 -1.21018e-5 0 1 1.68373e-5 0 1 1.68373e-5 -5.26166e-6 -1 -1.68373e-5 5.26166e-6 1 3.36747e-5 5.26166e-6 -1 -1.68372e-5 0 -1 -1.33855e-5 0 1 -1.18961e-5 0 -1 3.74798e-6 1.05233e-5 -1 -3.68317e-6 -5.26166e-6 1 4.73551e-6 -5.26165e-6 -1 0 5.26166e-6 1 -1.68373e-5 0 -1 -1.68373e-5 0 1 1.68373e-5 0 -1 3.68316e-6 0 1 -2.15728e-5 -0.9495374 0.3136541 -4.39089e-6 0.9495406 -0.3136445 -4.55151e-6 -0.9637669 0.2667459 4.39086e-6 0.9637663 -0.266748 0 -0.9495395 0.3136477 1.31726e-5 0.9495395 -0.3136477 0 -0.9637673 0.2667447 0 0.9637681 -0.2667421 -1.64612e-6 -0.9330077 0.3598563 0 0.933009 -0.359853 0 -0.9495384 0.313651 -9.70828e-7 0.9495378 -0.3136526 -4.55155e-6 -0.9637684 0.2667406 -7.6276e-6 0.9637685 -0.2667402 4.55153e-6 -0.9756907 0.2191525 -2.08356e-6 0.9756914 -0.2191491 2.27502e-6 -0.9756923 0.2191456 0 0.9756903 -0.2191542 -5.32569e-6 -0.9756931 0.219142 0 0.9756928 -0.2191426 2.27499e-6 -0.9756915 0.2191488 0 0.9756908 -0.2191519 0 -0.9637667 0.2667468 -2.19543e-6 0.9637652 -0.2667522 -4.55151e-6 -0.9495376 0.3136531 0 0.9495382 -0.3136515 4.86685e-6 -0.9330064 0.3598597 0 0.933007 -0.3598586 0 -0.9330062 0.3598606 8.78164e-6 0.9330089 -0.3598537 -1.17977e-5 -0.9330084 0.3598547 -4.03078e-6 0.9330103 -0.3598499 9.10344e-6 0.8701021 -0.4928715 0 -0.8701046 0.4928671 0 0.8932092 -0.4496413 0 -0.8932061 0.4496475 1.45191e-6 0.8701046 -0.4928674 -4.39092e-6 -0.8701027 0.4928706 0 0.8932054 -0.4496489 3.43608e-6 -0.893205 0.4496498 -4.55154e-6 0.8448772 -0.5349604 0 -0.8448762 0.5349621 -2.07423e-7 0.8701028 -0.4928705 -4.39091e-6 -0.8701013 0.4928728 0 0.893209 -0.4496419 4.77408e-7 -0.8932061 0.4496476 0 0.9141914 -0.4052828 0 -0.9141932 0.405279 -9.1034e-6 0.9141914 -0.405283 -9.49316e-6 -0.9141916 0.4052825 1.36551e-5 0.914191 -0.4052839 4.39082e-6 -0.9141921 0.4052811 -1.40634e-5 0.9141917 -0.4052821 -9.49315e-6 -0.9141926 0.4052802 1.3655e-5 0.8932112 -0.4496374 0 -0.8932067 0.4496466 0 0.8701034 -0.4928692 8.78188e-6 -0.8701027 0.4928708 0 0.8448733 -0.5349666 3.86574e-6 -0.8448731 0.5349668 -9.10344e-6 0.8448757 -0.5349627 1.75632e-5 -0.8448765 0.5349614 4.34431e-6 0.8448747 -0.5349644 0 -0.8448761 0.5349621 0 0.6152445 -0.7883365 9.25502e-6 -0.6152459 0.7883353 -9.10312e-6 0.6531599 -0.7572201 0 -0.6531421 0.7572354 -2.21325e-6 0.6152626 -0.7883223 8.78177e-6 -0.615255 0.7883282 1.31131e-5 0.6531462 -0.7572319 4.4597e-6 -0.6531419 0.7572356 0 0.5758461 -0.8175582 8.78158e-6 -0.575847 0.8175576 -9.10339e-6 0.615257 -0.7883266 -2.63453e-5 -0.6152576 0.7883262 1.82061e-5 0.6531512 -0.7572275 4.45974e-6 -0.653144 0.7572338 -9.10297e-6 0.6895019 -0.7242839 0 -0.6895069 0.7242791 0 0.6895 -0.7242857 -8.78162e-6 -0.6895043 0.7242817 0 0.6895048 -0.7242811 0 -0.68951 0.7242763 0 0.6895079 -0.7242782 0 -0.6895068 0.7242792 0 0.6531494 -0.7572291 0 -0.6531477 0.7572305 0 0.6152532 -0.7883297 0 -0.6152563 0.7883272 -9.10303e-6 0.5758436 -0.8175598 5.49967e-6 -0.5758373 0.8175644 -9.10342e-6 0.5758439 -0.8175598 8.78161e-6 -0.5758365 0.8175649 -9.10342e-6 0.5758512 -0.8175546 -1.42812e-5 -0.5758466 0.8175578 1.82068e-5 0.2667418 -0.9637681 1.75636e-5 -0.2667542 0.9637646 -1.39824e-5 0.3136588 -0.9495358 -1.75636e-5 -0.3136408 0.9495418 1.25887e-6 0.2667469 -0.9637667 0 -0.2667536 0.9637649 9.10305e-6 0.3136384 -0.9495425 -1.75637e-5 -0.3136566 0.9495366 -1.4284e-5 0.2191539 -0.9756903 -1.75696e-5 -0.2191341 0.9756948 1.82001e-5 0.2667414 -0.9637683 0 -0.2667483 0.9637663 1.82062e-5 0.3136476 -0.9495395 -5.85145e-6 -0.3136515 0.9495382 0 0.3598433 -0.9330129 0 -0.359842 0.9330133 0 0.3598436 -0.9330127 0 -0.3598408 0.9330138 9.10343e-6 0.3598486 -0.9330107 8.78161e-6 -0.3598463 0.9330116 -6.27933e-6 0.3598486 -0.9330108 -1.28101e-5 -0.3598402 0.933014 -2.82407e-6 0.3136522 -0.949538 0 -0.313651 0.9495384 0 0.2667411 -0.9637683 0 -0.2667482 0.9637663 -1.82061e-5 0.2191433 -0.9756927 0 -0.2191347 0.9756947 0 0.2191535 -0.9756904 2.31906e-6 -0.2191451 0.9756923 1.82e-5 0.2191432 -0.9756928 1.75696e-5 -0.2191454 0.9756923 -5.69145e-6 0.1121772 -0.9936883 0 -0.1121763 0.9936884 0 0.1364857 -0.9906421 -1.7648e-5 -0.1364911 0.9906413 1.80484e-5 0.1121772 -0.9936883 0 -0.1121761 0.9936884 1.79347e-5 0.1364806 -0.9906428 0 -0.1364858 0.9906421 -3.60969e-5 0.1000371 -0.9949837 0 -0.1000351 0.994984 -1.81675e-5 0.1121883 -0.993687 0 -0.1121764 0.9936884 -7.20275e-6 0.1364802 -0.9906429 8.78793e-6 -0.136491 0.9906414 -6.83186e-6 0.1729097 -0.9849377 9.29281e-6 -0.1729059 0.9849385 -6.34349e-6 0.1729037 -0.9849388 -9.29276e-6 -0.1729055 0.9849385 1.81523e-5 0.1729041 -0.9849387 1.76023e-5 -0.1729048 0.9849386 -1.81521e-5 0.1729044 -0.9849387 0 -0.1729055 0.9849385 0 0.1364972 -0.9906405 1.76481e-5 -0.1365027 0.9906398 1.80484e-5 0.112172 -0.9936889 0 -0.1121711 0.993689 -1.79348e-5 0.1000482 -0.9949826 -1.74376e-5 -0.1000348 0.994984 1.81675e-5 0.1000481 -0.9949826 -1.26859e-5 -0.1000459 0.9949828 -3.82149e-6 0.100048 -0.9949827 0 -0.1000459 0.9949828 0 0.4496442 -0.8932079 -8.78179e-6 -0.4496446 0.8932076 0 0.4928701 -0.870103 1.75635e-5 -0.4928565 0.8701107 2.57822e-6 0.4496498 -0.893205 4.28839e-6 -0.449638 0.8932109 -4.29968e-7 0.4928629 -0.8701069 8.78182e-6 -0.4928581 0.8701097 0 0.4052884 -0.9141889 -3.51635e-6 -0.4052887 0.9141888 0 0.4496366 -0.8932117 -2.14424e-6 -0.4496302 0.8932148 0 0.4928753 -0.8701 8.14167e-6 -0.4928672 0.8701046 0 0.5349565 -0.8448797 9.92487e-7 -0.534959 0.844878 -9.10335e-6 0.5349552 -0.8448805 -9.92482e-7 -0.5349627 0.8448756 5.84342e-6 0.5349594 -0.8448777 0 -0.534964 0.8448749 -9.10336e-6 0.5349636 -0.8448751 0 -0.5349595 0.8448778 5.84344e-6 0.4928674 -0.8701045 0 -0.4928649 0.8701059 -9.1031e-6 0.4496421 -0.8932089 -1.0926e-5 -0.4496389 0.8932105 9.10304e-6 0.4052775 -0.9141938 -1.75633e-5 -0.4052877 0.9141893 0 0.4052866 -0.9141897 2.63447e-5 -0.4052788 0.9141932 -1.58726e-6 0.405282 -0.9141918 -1.75632e-5 -0.4052839 0.914191 0 0.990642 -0.1364858 3.13647e-6 -0.990643 0.1364792 -2.25605e-6 0.9936878 -0.1121809 0 -0.993688 0.1121802 0 0.9906421 -0.1364852 7.721e-6 -0.9906408 0.1364952 6.40943e-6 0.9936876 -0.1121832 0 -0.9936878 0.1121814 3.08447e-6 0.9849388 -0.1729037 -4.40053e-6 -0.9849392 0.1729014 -2.26899e-6 0.9906421 -0.1364857 1.10301e-6 -0.9906414 0.1364908 0 0.993688 -0.1121796 1.46796e-6 -0.9936873 0.1121857 -3.36273e-6 0.9949823 -0.1000518 -3.16004e-6 -0.9949834 0.1000404 3.40639e-6 0.9949827 -0.100047 0 -0.9949827 0.1000472 0 0.9949825 -0.1000499 -3.26951e-6 -0.994983 0.1000445 1.13546e-6 0.9949832 -0.1000422 1.08983e-6 -0.9949829 0.100045 -3.40639e-6 0.9936876 -0.1121831 0 -0.993687 0.1121876 0 0.9906423 -0.1364846 -5.51503e-6 -0.9906414 0.1364907 0 0.9849385 -0.1729058 -5.19663e-6 -0.9849376 0.1729111 6.7635e-6 0.9849365 -0.1729163 7.39697e-6 -0.9849379 0.1729093 -9.07609e-6 0.9849371 -0.1729132 -4.4005e-6 -0.984939 0.1729024 4.53798e-6 0.7572299 -0.6531484 1.47132e-7 -0.7572259 0.6531533 0 0.7883232 -0.6152616 8.78183e-6 -0.7883254 0.6152586 -7.85243e-6 0.7572345 -0.6531432 -8.92889e-6 -0.7572283 0.6531503 -6.06223e-6 0.7883222 -0.6152627 -8.78188e-6 -0.7883301 0.6152526 -1.03537e-5 0.7242764 -0.6895098 0 -0.7242774 0.6895088 5.94142e-6 0.7572308 -0.6531474 -8.78183e-6 -0.7572253 0.6531538 -6.0623e-6 0.7883267 -0.615257 -4.95862e-6 -0.7883318 0.6152504 9.10302e-6 0.8175563 -0.5758488 0 -0.8175545 0.5758513 0 0.8175643 -0.5758375 0 -0.8175615 0.5758414 0 0.8175602 -0.5758431 8.78153e-6 -0.8175631 0.5758391 -1.28427e-5 0.8175621 -0.5758405 -1.16699e-6 -0.8175636 0.5758383 9.10337e-6 0.7883303 -0.6152523 4.95868e-6 -0.7883319 0.6152502 0 0.7572318 -0.6531463 8.78178e-6 -0.7572295 0.6531489 0 0.7242732 -0.6895132 1.73958e-5 -0.7242758 0.6895105 -1.82069e-5 0.7242754 -0.6895109 0 -0.7242721 0.6895144 5.94139e-6 0.7242801 -0.689506 -1.67496e-7 -0.7242779 0.6895082 -9.10333e-6 -1.05233e-5 1 -1.31541e-5 0 -1 -1.21018e-5 0 1 1.31541e-5 0 -1 -1.21018e-5 0 -1 1.68373e-5 0 -1 1.68373e-5 5.26166e-6 1 -1.68373e-5 -5.26166e-6 -1 3.36747e-5 -5.26166e-6 1 -1.68372e-5 0 1 -1.33855e-5 0 -1 -1.18961e-5 0 1 3.74798e-6 -1.05233e-5 1 -3.68317e-6 5.26166e-6 -1 4.73551e-6 5.26165e-6 1 0 -5.26166e-6 -1 -1.68373e-5 0 1 -1.68373e-5 0 -1 1.68373e-5 0 1 3.68316e-6 0 -1 -2.15728e-5 0.9495374 -0.3136541 -4.39089e-6 -0.9495406 0.3136445 -4.55151e-6 0.9637669 -0.2667459 4.39086e-6 -0.9637663 0.266748 0 0.9495395 -0.3136477 1.31726e-5 -0.9495395 0.3136477 0 0.9637673 -0.2667447 0 -0.9637681 0.2667421 -1.64612e-6 0.9330077 -0.3598563 0 -0.933009 0.359853 0 0.9495384 -0.313651 -9.70828e-7 -0.9495378 0.3136526 -4.55155e-6 0.9637684 -0.2667406 -7.6276e-6 -0.9637685 0.2667402 4.55153e-6 0.9756907 -0.2191525 -2.08356e-6 -0.9756914 0.2191491 2.27502e-6 0.9756923 -0.2191456 0 -0.9756903 0.2191542 -5.32569e-6 0.9756931 -0.219142 0 -0.9756928 0.2191426 2.27499e-6 0.9756915 -0.2191488 0 -0.9756908 0.2191519 0 0.9637667 -0.2667468 -2.19543e-6 -0.9637652 0.2667522 -4.55151e-6 0.9495376 -0.3136531 0 -0.9495382 0.3136515 4.86685e-6 0.9330064 -0.3598597 0 -0.933007 0.3598586 0 0.9330062 -0.3598606 8.78164e-6 -0.9330089 0.3598537 -1.17977e-5 0.9330084 -0.3598547 -4.03078e-6 -0.9330103 0.3598499 9.10344e-6 -0.8701013 -0.492873 6.84893e-6 0.8701034 0.4928693 0 -0.8701025 -0.4928709 -2.45799e-6 0.8701065 0.4928638 0 -0.8932101 -0.4496395 0 0.8932068 0.4496462 4.55155e-6 -0.8932054 -0.4496492 0 0.893207 0.4496456 0 -0.8448788 -0.5349578 0 0.8448777 0.5349596 4.55172e-6 -0.8448784 -0.5349586 0 -0.8448787 -0.534958 0 0.8448761 0.5349622 4.55171e-6 -0.8448773 -0.5349604 0 0.8448802 0.5349557 0 -0.870103 -0.4928701 4.3909e-6 0.8701027 0.4928708 -4.96635e-6 -0.8932081 -0.4496436 0 0.8932064 0.449647 0 -0.9141911 -0.4052833 4.86822e-6 0.9141903 0.4052855 0 -0.9141922 -0.405281 0 0.9141927 0.4052797 6.00364e-6 -0.9141902 -0.4052857 -4.39082e-6 0.9141903 0.4052852 6.19951e-6 -0.9141885 -0.4052894 0 0.914191 0.4052838 -4.55169e-6 -0.8932111 -0.4496375 0 0.8932074 0.449645 0 -0.8701025 -0.4928708 -8.78186e-6 0.8701052 0.4928663 4.9664e-6 -0.6152623 -0.7883225 -8.78178e-6 0.6152645 0.7883208 1.35272e-5 -0.6152447 -0.7883363 8.78183e-6 0.6152455 0.7883357 9.10313e-6 -0.65315 -0.7572286 0 0.6531446 0.7572332 0 -0.6531528 -0.7572261 -8.78172e-6 0.6531528 0.7572263 5.09312e-6 -0.5758485 -0.8175565 6.79666e-6 0.5758412 0.8175616 0 -0.5758435 -0.81756 -8.78162e-6 0.575837 0.8175647 -5.84348e-6 -0.5758442 -0.8175595 -9.92481e-7 0.5758487 0.8175563 -9.10344e-6 -0.5758482 -0.8175567 -8.78162e-6 0.5758435 0.81756 -2.92174e-6 -0.6152465 -0.7883349 -8.78186e-6 0.6152594 0.7883247 0 -0.6531527 -0.7572264 8.30854e-6 0.6531476 0.7572306 0 -0.6895053 -0.7242807 0 0.6895058 0.7242802 0 -0.6895017 -0.7242841 0 0.6895064 0.7242797 -1.10667e-6 -0.6895028 -0.724283 0 0.6895074 0.7242786 1.10667e-6 -0.6895016 -0.7242842 0 0.6895111 0.7242751 -9.10334e-6 -0.65315 -0.7572285 0 -0.6152493 -0.7883326 0 0.6152519 0.7883306 0 -0.2667467 -0.9637667 -1.75636e-5 0.2667425 0.9637679 9.10306e-6 -0.2667531 -0.963765 -1.75636e-5 0.2667489 0.9637662 1.25128e-5 -0.3136421 -0.9495413 0 0.313646 0.9495401 1.82061e-5 -0.3136423 -0.9495412 0 0.3136463 0.9495399 0 -0.2191437 -0.9756926 0 0.2191344 0.9756948 -2.45602e-5 -0.2191434 -0.9756927 -1.65882e-5 0.2191448 0.9756925 -1.82e-5 -0.2191323 -0.9756951 0 0.2191339 0.9756949 -2.45602e-5 -0.2191324 -0.9756952 0 0.2191506 0.9756911 0 -0.266752 -0.9637652 1.75635e-5 0.2667429 0.9637678 0 -0.3136419 -0.9495413 1.75636e-5 0.3136512 0.9495384 0 -0.3598439 -0.9330126 0 0.3598411 0.9330137 0 -0.3598486 -0.9330107 -2.93025e-6 0.3598569 0.9330075 -1.82068e-5 -0.3598495 -0.9330103 -8.78163e-6 0.3598466 0.9330116 9.10342e-6 -0.3598437 -0.9330127 0 0.3598475 0.9330111 0 -0.3136482 -0.9495393 0 0.313651 0.9495384 0 -0.2667465 -0.9637668 0 0.266753 0.963765 1.25127e-5 1 -3.5604e-6 -6.10351e-6 -1 3.56038e-6 0 1 0 6.10354e-6 -1 2.22524e-6 0 1 -8.90102e-7 0 -1 -1.33515e-6 0 1 3.56038e-6 -3.05172e-6 -1 2.33651e-6 -3.05176e-6 1 9.34601e-6 3.05166e-6 -1 -1.06812e-5 -3.05169e-6 1 -2.22524e-6 -3.05174e-6 1 5.34057e-6 3.05174e-6 -1 -3.56038e-6 -3.05175e-6 -1 2.19316e-6 3.05177e-6 1 1.35495e-6 0 -1 1.09658e-6 0 1 -2.48408e-6 0 1 2.00272e-6 0 1 -1.33515e-6 3.05176e-6 -1 0 -3.05176e-6 -0.1121773 -0.9936883 0 0.1121762 0.9936884 0 -0.1121774 -0.9936882 -4.82216e-6 0.1121762 0.9936884 -1.41622e-5 -0.1364855 -0.9906421 0 0.1364805 0.9906428 0 -0.1364806 -0.9906428 0 0.1364861 0.990642 0 -0.1000371 -0.9949837 -4.90433e-6 0.1000456 0.9949829 -3.97414e-6 -0.1000479 -0.9949827 -4.90433e-6 0.1000461 0.9949828 -3.97415e-6 -0.100048 -0.9949827 1.74376e-5 0.1000459 0.9949828 0 -0.100037 -0.9949838 0 0.1000348 0.994984 1.81675e-5 -0.1121775 -0.9936882 0 0.1121877 0.993687 1.79348e-5 -0.1364806 -0.9906428 0 0.136486 0.990642 -1.44968e-5 -0.172914 -0.984937 8.76509e-6 0.1729108 0.9849376 6.87114e-6 -0.1729142 -0.984937 1.76022e-5 0.1729163 0.9849365 -2.50233e-5 -0.1729149 -0.9849368 0 0.1729164 0.9849365 1.81522e-5 -0.1729147 -0.9849368 0 0.1729165 0.9849365 -1.37423e-5 -0.1364858 -0.9906421 0 0.136492 0.9906412 -3.55161e-6 -0.112172 -0.9936888 1.76962e-5 0.1121708 0.993689 0 -0.4496454 -0.8932073 -1.05493e-5 0.4496401 0.8932099 0 -0.4496436 -0.8932081 0 0.4496378 0.8932111 -1.58719e-6 -0.4928635 -0.8701066 0 0.4928594 0.8701089 0 -0.4928648 -0.8701061 -2.14421e-6 0.4928674 0.8701044 -9.10305e-6 -0.405278 -0.9141935 8.78165e-6 0.4052786 0.9141933 -2.82408e-6 -0.4052787 -0.9141932 -2.23165e-5 0.4052936 0.9141865 1.19275e-5 -0.4052783 -0.9141934 1.75632e-5 0.4052798 0.9141928 9.10345e-6 -0.4052863 -0.9141898 0 0.4052886 0.9141888 0 -0.4496421 -0.8932089 5.26535e-6 0.4496319 0.893214 0 -0.4928759 -0.8700996 0 0.4928731 0.8701012 9.10305e-6 -0.5349548 -0.8448808 0 0.5349595 0.8448778 0 -0.5349569 -0.8448793 -1.28013e-6 0.5349598 0.8448776 0 -0.5349588 -0.8448781 0 0.5349633 0.8448754 0 -0.5349546 -0.8448809 0 0.5349647 0.8448744 -9.10334e-6 -0.4928737 -0.8701009 2.14421e-6 0.4928671 0.8701046 0 -0.4496421 -0.8932089 0 0.449638 0.8932108 -1.58719e-6 -0.9906425 -0.136483 -1.10299e-6 0.9906417 0.1364892 1.12801e-6 -0.9906417 -0.1364887 -1.8069e-6 0.9906433 0.1364768 -5.6401e-6 -0.9936869 -0.1121889 -2.385e-6 0.9936872 0.1121858 0 -0.9936872 -0.1121875 5.53004e-6 0.9936863 0.1121946 -5.96095e-6 -0.9849377 -0.1729098 -4.5134e-6 0.9849398 0.1728981 3.76434e-6 -0.9849376 -0.17291 4.51337e-6 0.9849376 0.1729105 0 -0.9849379 -0.1729084 -4.51341e-6 0.9849384 0.1729059 0 -0.9849377 -0.1729094 2.20026e-6 0.9849382 0.172907 7.73668e-7 -0.9906421 -0.1364858 0 0.9906426 0.1364819 0 -0.9936875 -0.1121839 -6.63602e-6 0.9936874 0.1121851 5.96099e-6 -0.9949832 -0.1000427 0 0.9949831 0.1000439 0 -0.9949835 -0.1000397 0 0.9949835 0.1000394 0 -0.9949833 -0.1000412 0 0.994983 0.1000456 0 -0.9949833 -0.1000413 0 0.9949829 0.1000456 3.40641e-6 -0.9936881 -0.1121797 3.49103e-6 0.9936869 0.1121892 0 -0.990642 -0.1364859 2.90993e-6 0.9906426 0.1364815 -4.51207e-6 -0.7572374 -0.6531399 -8.78179e-6 0.7572305 0.6531478 -1.38458e-5 -0.7572391 -0.6531379 1.30889e-5 0.7572272 0.6531518 0 -0.7883213 -0.6152638 8.78175e-6 0.7883256 0.6152583 -3.02144e-6 -0.78832 -0.6152656 -8.48754e-6 0.7883244 0.61526 9.10299e-6 -0.7242815 -0.6895044 1.75633e-5 0.7242724 0.6895139 9.1034e-6 -0.7242721 -0.6895143 0 0.7242767 0.6895095 -3.10181e-6 -0.7242733 -0.689513 0 0.7242795 0.6895066 0 -0.7242779 -0.6895083 0 0.7242824 0.6895035 0 -0.7572298 -0.6531487 8.78183e-6 0.757228 0.6531506 -1.58092e-6 -0.7883281 -0.6152552 0 0.7883319 0.6152504 -6.06223e-6 -0.8175646 -0.5758369 -1.13549e-6 0.8175518 0.5758551 0 -0.8175601 -0.5758433 -3.82305e-6 0.8175603 0.5758431 0 -0.81756 -0.5758435 0 0.8175591 0.5758447 0 -0.8175598 -0.5758436 8.78157e-6 0.8175591 0.575845 1.03541e-5 -0.7883269 -0.6152568 0 0.7883297 0.615253 -3.0408e-6 -0.7572275 -0.6531513 -8.94931e-6 0.7572288 0.6531497 0 -0.9495384 -0.3136509 -4.75096e-6 0.9495399 0.3136463 -4.5515e-6 -0.9495395 -0.3136476 9.14176e-6 0.9495362 0.3136577 4.55151e-6 -0.9637683 -0.2667408 5.36169e-6 0.9637652 0.2667526 0 -0.9637656 -0.2667505 -4.13709e-6 0.9637687 0.2667399 -4.55156e-6 -0.9330078 -0.3598561 0 0.9330086 0.3598541 0 -0.933007 -0.3598583 -8.78165e-6 0.9330074 0.3598574 6.62336e-6 -0.9330071 -0.3598583 3.67926e-6 0.9330102 0.3598498 -1.36551e-5 -0.9330089 -0.3598535 0 0.9330106 0.359849 0 -0.9495376 -0.3136532 4.39087e-6 0.9495368 0.313656 0 -0.963768 -0.266742 0 0.9637678 0.2667427 -2.27576e-6 -0.9756904 -0.2191536 2.19622e-6 0.9756907 0.2191523 -5.17947e-6 -0.9756917 -0.2191479 2.19621e-6 0.9756913 0.2191497 -2.90442e-6 -0.9756919 -0.2191472 0 0.9756916 0.2191485 -4.54995e-6 -0.9756906 -0.2191528 -6.58864e-6 0.9756919 0.2191467 8.08388e-6 -0.9637653 -0.2667518 -2.19543e-6 0.9637657 0.2667506 -4.23621e-6 -0.9495377 -0.3136532 -4.3909e-6 0.9495382 0.3136514 0 -1 2.22524e-6 0 1 1.11262e-6 -3.05175e-6 1 0 3.05176e-6 -1 -9.346e-6 3.05177e-6 1 7.12077e-6 -3.05175e-6 -1 8.90098e-7 -3.05174e-6 1 0 3.05174e-6 -1 1.12914e-6 3.05176e-6 1 -1.20624e-6 0 -1 -1.35496e-6 0 1 -1.09658e-6 0 -1 1.8066e-6 -3.05177e-6 1 0 3.05177e-6 -1 -8.90098e-7 0 -1 3.56038e-6 3.05174e-6 1 1.33514e-6 3.05173e-6 -1 -3.56038e-6 -3.05177e-6 1 -4.89556e-6 -3.05176e-6 -1 -3.56038e-6 6.10354e-6 1 -3.11532e-6 3.05174e-6 -1 -3.56038e-6 -6.10354e-6 1 -3.56038e-6 6.10354e-6 -1 -4.22796e-6 3.05177e-6 1 3.56038e-6 -3.05177e-6 -1 -2.22521e-7 -3.05174e-6 1 0 3.05174e-6 -1 -2.22521e-7 0 1 2.55903e-6 3.05174e-6 -1 -9.34597e-6 3.05173e-6 1 1.06811e-5 -3.05173e-6 -1 -3.56037e-6 -6.10349e-6 1 -3.5604e-6 6.10354e-6 1 -3.5604e-6 3.05176e-6 -1 -1.33514e-6 3.05174e-6 -1 -7.12075e-6 -3.05176e-6 1 1.11261e-6 -3.05176e-6 -1 0 3.05175e-6 1 0 -3.05174e-6 -1 0 -3.05174e-6 1 2.22523e-6 6.10352e-6 -1 -1.06811e-5 3.05176e-6 1 1.06811e-5 -3.05177e-6 -1 -2.67029e-6 0 -1 -7.12076e-6 0 1 2.22524e-6 0 1 -3.56039e-6 0 -1 3.56038e-6 -3.05176e-6 1 -5.7856e-6 3.05176e-6 -1 3.56038e-6 3.05178e-6 1 -3.56038e-6 -3.05178e-6 -1 1.06812e-5 0 1 2.22524e-6 6.10351e-6 -1 -7.12075e-6 0 1 1.22388e-6 0 -1 7.12078e-6 3.05175e-6 -1 -7.12072e-6 3.0517e-6 1 1.06811e-5 -3.05171e-6 -1 -3.56036e-6 -6.10348e-6 1 -1.33514e-6 -3.05176e-6 -1 -1.33514e-6 3.05176e-6 -1 -3.56037e-6 -6.10349e-6 1 1.22389e-6 -3.05176e-6 -1 -2.6703e-6 6.10352e-6 1 0 -6.10351e-6 1 4.67301e-6 6.1035e-6 -1 -9.79102e-6 3.05176e-6 1 1.33514e-6 0 -1 -3.56038e-6 0 1 -2.22524e-6 0 1 3.56037e-6 0 1 -8.45592e-6 -3.05175e-6 -1 3.56039e-6 -3.05177e-6 1 -3.56039e-6 3.05176e-6 -1 3.56038e-6 3.05176e-6 1 -3.56038e-6 -3.05176e-6 -1 1.06811e-5 0 1 2.22524e-6 6.10354e-6 -1 -4.67299e-6 0 1 1.22388e-6 0 -1 8.90097e-7 3.05177e-6 1 0 -3.05177e-6 -1 3.56038e-6 3.05176e-6 1 7.12073e-6 3.05173e-6 -1 2.67029e-6 -6.10353e-6 1 -3.56039e-6 6.10353e-6 -1 0 -3.05174e-6 1 -1.33515e-6 -3.05177e-6 -1 -1.33514e-6 3.05173e-6 1 0 -3.05173e-6 -1 -3.56037e-6 -6.10347e-6 1 -7.12079e-6 6.10351e-6 -1 -2.67028e-6 6.10349e-6 1 0 -6.10349e-6 -1 -4.89552e-6 -3.05177e-6 -1 -7.12073e-6 3.05176e-6 1 1.33514e-6 0 -1 -3.56038e-6 0 -1 -7.12073e-6 0 1 2.22524e-6 0 -1 3.56039e-6 -3.05175e-6 1 -5.78563e-6 3.05175e-6 -1 0 3.05175e-6 1 -3.56037e-6 -3.05176e-6 -1 1.33515e-6 0 -1 8.90097e-7 3.05174e-6 1 0 -3.05175e-6 -1 -7.12075e-6 3.05177e-6 1 1.06811e-5 -3.05175e-6 -1 -3.56038e-6 -6.1035e-6 -1 6.23068e-6 -3.05177e-6 1 -3.56039e-6 3.05176e-6 -1 3.56039e-6 3.05176e-6 1 4.673e-6 3.05174e-6 -1 -3.56038e-6 -6.10351e-6 1 1.22388e-6 -3.05177e-6 1 4.67299e-6 6.1035e-6 -1 -9.79104e-6 3.05177e-6 1 7.12077e-6 -3.05176e-6 -1 -2.67028e-6 0 -1 3.56038e-6 -3.05179e-6 1 -5.78562e-6 3.05174e-6 -1 1.06812e-5 0 -1 -4.673e-6 0 1 3.56038e-6 0 -1 7.12076e-6 3.05174e-6 -1 -7.12077e-6 3.05177e-6 1 7.12076e-6 3.05177e-6 -1 -3.56038e-6 -6.10352e-6 1 -3.56038e-6 6.10352e-6 1 -3.56038e-6 3.05176e-6 -1 -3.56036e-6 -6.10348e-6 1 1.22388e-6 -3.05178e-6 -1 -2.67028e-6 6.1035e-6 1 0 -6.1035e-6 -1 0 -3.05177e-6 1 4.673e-6 6.10352e-6 -1 -9.791e-6 3.05176e-6 1 1.33514e-6 0 -1 -3.56038e-6 0 -1 6.23067e-6 0 -1 3.56038e-6 -3.05176e-6 1 -5.78562e-6 3.05176e-6 1 2.22524e-6 6.10353e-6 -1 -7.12077e-6 3.05176e-6 1 1.06811e-5 -3.05176e-6 -1 -3.56038e-6 -6.10352e-6 -1 6.23068e-6 -3.05176e-6 1 -3.56038e-6 3.05176e-6 -1 3.56039e-6 3.05176e-6 -1 -3.56037e-6 -6.10348e-6 1 1.22388e-6 -3.05175e-6 -1 -2.67028e-6 6.10352e-6 1 4.673e-6 6.10351e-6 -1 -9.79102e-6 3.05175e-6 1 7.12075e-6 -3.05175e-6 -1 -2.67028e-6 0 -1 -7.12077e-6 0 1 3.56038e-6 0 -1 0 0 1 -8.45592e-6 -3.05175e-6 -1 3.56039e-6 -3.05176e-6 -1 1.33514e-6 0 -1 -7.12076e-6 0 1 1.22388e-6 0 -1 7.12077e-6 3.05176e-6 1 -1.11262e-6 0 1 7.12076e-6 3.05176e-6 1 -3.56038e-6 3.05175e-6 -1 3.56038e-6 3.05176e-6 -1 -3.56038e-6 -6.10349e-6 -1 -2.67029e-6 6.10351e-6 1 0 -6.10351e-6 -1 -4.89553e-6 -3.05176e-6 1 3.56038e-6 3.05176e-6 -1 -7.12075e-6 3.05175e-6 1 1.33514e-6 0 -1 -3.56038e-6 0 1 -2.22524e-6 0 -1 -7.12076e-6 0 1 3.56039e-6 0 -1 6.23066e-6 0 1 -3.56038e-6 0 1 -5.78562e-6 3.05176e-6 1 -3.56039e-6 -3.05175e-6 1 2.22524e-6 6.10352e-6 -1 -4.673e-6 0 1 1.22388e-6 0 -1 8.90097e-7 3.05176e-6 -1 -7.12077e-6 3.05176e-6 -1 2.67029e-6 -6.10351e-6 1 -3.56038e-6 6.10351e-6 -1 0 -3.05176e-6 1 -3.56038e-6 3.05176e-6 -1 3.56038e-6 3.05176e-6 1 0 -3.05176e-6 -1 -3.56037e-6 -6.1035e-6 1 1.22388e-6 -3.05176e-6 -1 -4.89553e-6 -3.05176e-6 1 3.56038e-6 3.05176e-6 -1 -7.12076e-6 3.05176e-6 1 1.33514e-6 0 -1 -3.56038e-6 0 1 -2.22524e-6 0 -1 -7.12076e-6 0 1 2.22524e-6 0 1 -3.56039e-6 0 -1 3.56039e-6 -3.05176e-6 1 -5.78562e-6 3.05176e-6 1 -3.56038e-6 -3.05176e-6 -1 1.06812e-5 0 -1 -4.673e-6 0 1 3.56038e-6 0 -1 8.90098e-7 3.05175e-6 1 0 -3.05176e-6 1 1.06811e-5 -3.05175e-6 -1 -3.56038e-6 -6.10351e-6 1 -3.56038e-6 3.05175e-6 -1 3.56038e-6 3.05176e-6 1 0 -3.05176e-6 -1 -3.56037e-6 -6.1035e-6 1 1.22388e-6 -3.05176e-6 1 4.673e-6 6.10351e-6 -1 -9.79103e-6 3.05175e-6 1 7.12077e-6 -3.05176e-6 1 3.56038e-6 0 1 -8.45592e-6 -3.05176e-6 -1 3.56038e-6 -3.05176e-6 1 -5.78562e-6 3.05176e-6 -1 0 3.05176e-6 1 -3.56038e-6 -3.05176e-6 -1 1.33514e-6 0 -1 -4.673e-6 0 1 1.22388e-6 0 -1 8.90097e-7 3.05176e-6 -1 -7.12077e-6 3.05176e-6 1 1.06811e-5 -3.05175e-6 -1 -3.56038e-6 -6.10351e-6 1 -3.56038e-6 3.05176e-6 -1 3.56038e-6 3.05176e-6 -1 -3.56038e-6 -6.1035e-6 1 -7.12077e-6 6.10352e-6 -1 -2.67029e-6 6.10352e-6 1 0 -6.10351e-6 -1 -4.89553e-6 -3.05176e-6 1 4.673e-6 6.10351e-6 -1 -9.79104e-6 3.05176e-6 1 1.33514e-6 0 -1 -3.56038e-6 0 1 0 0 -1 -7.12076e-6 0 1 3.56038e-6 0 1 -8.45591e-6 -3.05176e-6 -1 3.56038e-6 -3.05176e-6 1 -5.78561e-6 3.05176e-6 -1 0 3.05176e-6 1 -3.56038e-6 -3.05176e-6 -1 1.33514e-6 0 -1 -4.673e-6 0 1 1.22388e-6 0 1 -1.11262e-6 0 1 7.12076e-6 3.05176e-6 -1 -3.56038e-6 -6.10351e-6 -1 6.23067e-6 -3.05176e-6 1 -3.56038e-6 3.05176e-6 -1 3.56038e-6 3.05176e-6 1 0 -3.05176e-6 -1 -3.56038e-6 -6.10351e-6 1 -7.12077e-6 6.10353e-6 -1 -2.67029e-6 6.10352e-6 1 1.33515e-6 -3.05176e-6 -1 0 -3.05176e-6 1 4.673e-6 6.10351e-6 -1 -9.79105e-6 3.05175e-6 1 7.12077e-6 -3.05176e-6 -1 -2.67028e-6 0 -1 -7.12077e-6 0 1 3.56038e-6 0 -1 0 0 -1 3.56038e-6 -3.05176e-6 1 -3.56038e-6 3.05176e-6 -1 0 3.05176e-6 1 -7.12076e-6 -6.10351e-6 -1 1.33514e-6 0 1 1.22388e-6 0 -1 7.12076e-6 3.05176e-6 1 -1.11262e-6 0 -1 3.56039e-6 3.05176e-6 1 7.12077e-6 3.05175e-6 1 -3.56038e-6 6.10351e-6 -1 -1.33514e-6 3.05176e-6 -1 -3.56038e-6 -6.10351e-6 1 -7.12077e-6 6.10352e-6 -1 3.56038e-6 6.10351e-6 1 1.33514e-6 -3.05176e-6 -1 -4.89553e-6 -3.05176e-6 1 3.56038e-6 3.05176e-6 1 1.33515e-6 0 1 -2.22524e-6 0 -1 -7.12077e-6 0 1 -8.4559e-6 -3.05176e-6 -1 0 3.05175e-6 1 -7.12075e-6 -6.10351e-6 -1 -4.673e-6 0 1 1.22388e-6 0 -1 7.12076e-6 3.05176e-6 1 -1.11262e-6 0 1 0 -3.05175e-6 -1 0 -3.05176e-6 -1 3.56038e-6 3.05175e-6 1 4.673e-6 3.05176e-6 -1 6.00813e-6 -6.1035e-6 1 -7.12076e-6 6.10352e-6 -1 3.56038e-6 6.10351e-6 1 1.33515e-6 -3.05175e-6 -1 -4.89553e-6 -3.05177e-6 1 4.673e-6 6.10351e-6 -1 -9.79106e-6 3.05176e-6 1 1.33515e-6 0 -1 -8.01085e-6 0 1 3.56038e-6 0 -1 6.23065e-6 0 1 -3.56038e-6 0 1 -7.12076e-6 -6.10351e-6 1 1.22388e-6 0 -1 -7.12078e-6 3.05177e-6 1 1.06812e-5 -3.05176e-6 -1 -3.56039e-6 -6.10352e-6 -1 6.23066e-6 -3.05174e-6 1 -3.56037e-6 3.05174e-6 -1 3.56037e-6 3.05174e-6 1 4.67301e-6 3.05176e-6 -1 6.00814e-6 -6.10351e-6 1 -7.12078e-6 6.10353e-6 -1 3.56039e-6 6.10352e-6 1 1.33515e-6 -3.05176e-6 -1 -4.89554e-6 -3.05176e-6 1 3.56039e-6 3.05176e-6 -1 -9.79106e-6 3.05175e-6 1 1.33515e-6 0 -1 -2.67028e-6 0 1 -2.22523e-6 0 -1 -7.12079e-6 0 1 2.22524e-6 0 1 -3.56038e-6 0 -1 3.56037e-6 -3.05176e-6 1 -3.56037e-6 3.05175e-6 -1 0 3.05175e-6 -1 1.33514e-6 0 -1 -4.67301e-6 0 -1 8.90095e-7 3.05176e-6 -1 -7.12077e-6 3.05175e-6 1 7.12076e-6 3.05174e-6 -1 6.2307e-6 -3.05176e-6 -1 3.5604e-6 3.05176e-6 1 4.67301e-6 3.05175e-6 -1 -3.56038e-6 -6.10352e-6 1 -7.12076e-6 6.10352e-6 -1 3.56037e-6 6.10352e-6 1 1.33515e-6 -3.05176e-6 1 4.673e-6 6.10352e-6 1 7.12078e-6 -3.05175e-6 -1 -2.67028e-6 0 1 0 0 -1 -7.12078e-6 0 1 3.56039e-6 0 1 -8.4559e-6 -3.05177e-6 -1 3.56038e-6 -3.05177e-6 -1 0 3.05176e-6 -1 7.12074e-6 3.05174e-6 1 0 -3.05174e-6 -1 6.23066e-6 -3.05175e-6 1 -3.56037e-6 3.05175e-6 -1 6.00814e-6 -6.10349e-6 1 -7.12077e-6 6.10352e-6 -1 3.56038e-6 6.10354e-6 -1 -4.89554e-6 -3.05177e-6 -1 -7.12077e-6 3.05175e-6 -1 -3.56037e-6 0 -1 3.56038e-6 -3.05175e-6 -1 0 3.05177e-6 -1 -4.67302e-6 0 1 1.22389e-6 0 -1 8.90093e-7 3.05176e-6 1 0 -3.05176e-6 1 7.12079e-6 3.05176e-6 -1 2.67028e-6 -6.1035e-6 1 -3.56037e-6 6.1035e-6 1 -3.56037e-6 3.05176e-6 -1 3.56038e-6 6.10352e-6 -1 -4.89555e-6 -3.05176e-6 -1 -7.12078e-6 3.05175e-6 1 2.22525e-6 0 1 3.56037e-6 0 -1 -7.12074e-6 3.05176e-6 1 7.12073e-6 3.05176e-6 -1 -3.56037e-6 -6.10352e-6 1 -1.33515e-6 -3.05175e-6 -1 -1.33515e-6 3.05174e-6 -1 6.00812e-6 -6.10349e-6 1 -7.12076e-6 6.10351e-6 -1 3.56037e-6 6.1035e-6 1 1.33515e-6 -3.05176e-6 -1 -4.89553e-6 -3.05175e-6 1 4.673e-6 6.10349e-6 -1 -9.79108e-6 3.05176e-6 1 1.33515e-6 0 -1 -7.1208e-6 0 1 2.22525e-6 0 -1 0 0 1 -8.4559e-6 -3.05171e-6 -1 3.56038e-6 -3.05174e-6 1 -3.56037e-6 3.05174e-6 1 -7.12076e-6 -6.1035e-6 1 3.5604e-6 0 -1 7.12074e-6 3.05176e-6 1 -2.44776e-6 -3.05174e-6 -1 -1.33515e-6 3.05176e-6 -1 -4.89553e-6 -3.05179e-6 1 3.56038e-6 3.05178e-6 -1 -9.79108e-6 3.05178e-6 1 1.33515e-6 0 -1 3.56036e-6 0 1 -7.12074e-6 -3.05176e-6 -1 5.34055e-6 -3.05175e-6 1 -7.12073e-6 3.05174e-6 -1 5.78562e-6 3.05172e-6 1 -3.56038e-6 -3.05173e-6 -1 3.56036e-6 0 1 -5.89683e-6 3.0518e-6 1 1.22389e-6 0 1 -1.11262e-6 0 1 -2.22524e-6 0 -1 -1.11262e-6 -3.05175e-6 -1 0 3.05176e-6 1 9.346e-6 3.05177e-6 -1 -7.12077e-6 -3.05175e-6 1 -8.90098e-7 -3.05174e-6 -1 0 3.05174e-6 1 -1.12914e-6 3.05176e-6 -1 1.20624e-6 0 1 1.35496e-6 0 -1 1.09658e-6 0 1 -1.8066e-6 -3.05177e-6 -1 0 3.05177e-6 1 8.90098e-7 0 1 -3.56038e-6 3.05174e-6 -1 -1.33514e-6 3.05173e-6 1 3.56038e-6 -3.05177e-6 -1 4.89556e-6 -3.05176e-6 1 3.56038e-6 6.10354e-6 -1 3.11532e-6 3.05174e-6 1 3.56038e-6 -6.10354e-6 1 4.22796e-6 3.05177e-6 -1 -3.56038e-6 -3.05177e-6 1 2.22521e-7 -3.05174e-6 -1 0 3.05174e-6 1 2.22521e-7 0 -1 -2.55903e-6 3.05174e-6 1 9.34597e-6 3.05173e-6 -1 -1.06811e-5 -3.05173e-6 1 3.56037e-6 -6.10349e-6 -1 3.5604e-6 6.10354e-6 -1 3.5604e-6 3.05176e-6 1 1.33514e-6 3.05174e-6 1 7.12075e-6 -3.05176e-6 -1 -1.11261e-6 -3.05176e-6 1 0 3.05175e-6 -1 -2.22523e-6 6.10352e-6 1 1.06811e-5 3.05176e-6 -1 -1.06811e-5 -3.05177e-6 1 2.67029e-6 0 1 7.12076e-6 0 -1 -2.22524e-6 0 -1 3.56039e-6 0 1 -3.56038e-6 -3.05176e-6 -1 5.7856e-6 3.05176e-6 1 -3.56038e-6 3.05178e-6 -1 3.56038e-6 -3.05178e-6 1 -1.06812e-5 0 -1 -2.22524e-6 6.10351e-6 1 7.12075e-6 0 -1 -1.22388e-6 0 1 -7.12078e-6 3.05175e-6 1 7.12072e-6 3.0517e-6 -1 -1.06811e-5 -3.05171e-6 1 3.56036e-6 -6.10348e-6 -1 1.33514e-6 -3.05176e-6 1 1.33514e-6 3.05176e-6 1 3.56037e-6 -6.10349e-6 -1 -1.22389e-6 -3.05176e-6 1 2.6703e-6 6.10352e-6 -1 0 -6.10351e-6 -1 -4.67301e-6 6.1035e-6 1 9.79102e-6 3.05176e-6 -1 -1.33514e-6 0 1 3.56038e-6 0 -1 2.22524e-6 0 -1 -3.56037e-6 0 -1 8.45592e-6 -3.05175e-6 1 -3.56039e-6 -3.05177e-6 1 -3.56038e-6 3.05176e-6 1 -1.06811e-5 0 -1 -2.22524e-6 6.10354e-6 1 4.67299e-6 0 -1 -1.22388e-6 0 1 -8.90097e-7 3.05177e-6 -1 0 -3.05177e-6 1 -3.56038e-6 3.05176e-6 -1 -7.12073e-6 3.05173e-6 1 -2.67029e-6 -6.10353e-6 -1 3.56039e-6 6.10353e-6 1 0 -3.05174e-6 -1 1.33515e-6 -3.05177e-6 1 1.33514e-6 3.05173e-6 -1 0 -3.05173e-6 1 3.56037e-6 -6.10347e-6 -1 7.12079e-6 6.10351e-6 1 2.67028e-6 6.10349e-6 -1 0 -6.10349e-6 1 4.89552e-6 -3.05177e-6 1 7.12073e-6 3.05176e-6 -1 -1.33514e-6 0 1 3.56038e-6 0 1 7.12073e-6 0 -1 -2.22524e-6 0 1 -3.56039e-6 -3.05175e-6 -1 5.78563e-6 3.05175e-6 1 0 3.05175e-6 -1 3.56037e-6 -3.05176e-6 1 -1.33515e-6 0 1 -8.90097e-7 3.05174e-6 -1 0 -3.05175e-6 1 7.12075e-6 3.05177e-6 -1 -1.06811e-5 -3.05175e-6 1 3.56038e-6 -6.1035e-6 1 -6.23068e-6 -3.05177e-6 -1 3.56039e-6 3.05176e-6 -1 -4.673e-6 3.05174e-6 1 3.56038e-6 -6.10351e-6 -1 -1.22388e-6 -3.05177e-6 -1 -4.67299e-6 6.1035e-6 1 9.79104e-6 3.05177e-6 -1 -7.12077e-6 -3.05176e-6 1 2.67028e-6 0 1 -3.56038e-6 -3.05179e-6 -1 5.78562e-6 3.05174e-6 1 -1.06812e-5 0 1 4.673e-6 0 -1 -3.56038e-6 0 1 -7.12076e-6 3.05174e-6 1 7.12077e-6 3.05177e-6 -1 -7.12076e-6 3.05177e-6 1 3.56038e-6 -6.10352e-6 -1 3.56038e-6 3.05176e-6 1 3.56036e-6 -6.10348e-6 -1 -1.22388e-6 -3.05178e-6 1 2.67028e-6 6.1035e-6 -1 0 -6.1035e-6 1 0 -3.05177e-6 -1 -4.673e-6 6.10352e-6 1 9.791e-6 3.05176e-6 -1 -1.33514e-6 0 1 3.56038e-6 0 1 -6.23067e-6 0 1 -3.56038e-6 -3.05176e-6 -1 5.78562e-6 3.05176e-6 -1 -2.22524e-6 6.10353e-6 1 7.12077e-6 3.05176e-6 -1 -1.06811e-5 -3.05176e-6 1 3.56038e-6 -6.10352e-6 1 -6.23068e-6 -3.05176e-6 -1 3.56038e-6 3.05176e-6 1 -3.56039e-6 3.05176e-6 1 3.56037e-6 -6.10348e-6 -1 -1.22388e-6 -3.05175e-6 1 2.67028e-6 6.10352e-6 -1 -4.673e-6 6.10351e-6 1 9.79102e-6 3.05175e-6 -1 -7.12075e-6 -3.05175e-6 1 2.67028e-6 0 1 7.12077e-6 0 1 0 0 -1 8.45592e-6 -3.05175e-6 1 -3.56039e-6 -3.05176e-6 1 -1.33514e-6 0 1 7.12076e-6 0 -1 -1.22388e-6 0 1 -7.12077e-6 3.05176e-6 -1 1.11262e-6 0 -1 -7.12076e-6 3.05176e-6 -1 3.56038e-6 3.05175e-6 1 -3.56038e-6 3.05176e-6 1 3.56038e-6 -6.10349e-6 1 2.67029e-6 6.10351e-6 -1 0 -6.10351e-6 1 4.89553e-6 -3.05176e-6 -1 -3.56038e-6 3.05176e-6 1 7.12075e-6 3.05175e-6 -1 -1.33514e-6 0 -1 2.22524e-6 0 1 7.12076e-6 0 -1 -3.56039e-6 0 1 -6.23066e-6 0 -1 3.56038e-6 0 -1 5.78562e-6 3.05176e-6 -1 3.56039e-6 -3.05175e-6 -1 -2.22524e-6 6.10352e-6 1 4.673e-6 0 -1 -1.22388e-6 0 1 -8.90097e-7 3.05176e-6 1 7.12077e-6 3.05176e-6 1 -2.67029e-6 -6.10351e-6 -1 3.56038e-6 6.10351e-6 -1 3.56038e-6 3.05176e-6 1 -3.56038e-6 3.05176e-6 1 3.56037e-6 -6.1035e-6 -1 -1.22388e-6 -3.05176e-6 1 4.89553e-6 -3.05176e-6 -1 -3.56038e-6 3.05176e-6 1 7.12076e-6 3.05176e-6 -1 -1.33514e-6 0 1 3.56038e-6 0 -1 2.22524e-6 0 1 7.12076e-6 0 -1 -2.22524e-6 0 -1 3.56039e-6 0 1 -3.56039e-6 -3.05176e-6 -1 5.78562e-6 3.05176e-6 -1 3.56038e-6 -3.05176e-6 1 -1.06812e-5 0 1 4.673e-6 0 1 -8.90098e-7 3.05175e-6 -1 0 -3.05176e-6 -1 -1.06811e-5 -3.05175e-6 1 3.56038e-6 -6.10351e-6 -1 3.56038e-6 3.05175e-6 1 -3.56038e-6 3.05176e-6 -1 0 -3.05176e-6 1 3.56037e-6 -6.1035e-6 -1 -1.22388e-6 -3.05176e-6 -1 -4.673e-6 6.10351e-6 1 9.79103e-6 3.05175e-6 -1 -7.12077e-6 -3.05176e-6 -1 -3.56038e-6 0 -1 8.45592e-6 -3.05176e-6 1 -3.56038e-6 -3.05176e-6 -1 5.78562e-6 3.05176e-6 1 0 3.05176e-6 -1 3.56038e-6 -3.05176e-6 1 -1.33514e-6 0 1 4.673e-6 0 -1 -1.22388e-6 0 1 -8.90097e-7 3.05176e-6 1 7.12077e-6 3.05176e-6 -1 -1.06811e-5 -3.05175e-6 1 3.56038e-6 -6.10351e-6 -1 3.56038e-6 3.05176e-6 1 -3.56038e-6 3.05176e-6 1 3.56038e-6 -6.1035e-6 -1 7.12077e-6 6.10352e-6 1 2.67029e-6 6.10352e-6 -1 0 -6.10351e-6 1 4.89553e-6 -3.05176e-6 -1 -4.673e-6 6.10351e-6 1 9.79104e-6 3.05176e-6 -1 -1.33514e-6 0 -1 0 0 1 7.12076e-6 0 -1 -3.56038e-6 0 -1 8.45591e-6 -3.05176e-6 -1 5.78561e-6 3.05176e-6 1 0 3.05176e-6 -1 3.56038e-6 -3.05176e-6 1 -1.33514e-6 0 1 4.673e-6 0 -1 -1.22388e-6 0 -1 1.11262e-6 0 -1 -7.12076e-6 3.05176e-6 1 3.56038e-6 -6.10351e-6 1 -6.23067e-6 -3.05176e-6 -1 3.56038e-6 3.05176e-6 1 -3.56038e-6 3.05176e-6 -1 0 -3.05176e-6 1 3.56038e-6 -6.10351e-6 -1 7.12077e-6 6.10353e-6 1 2.67029e-6 6.10352e-6 -1 -1.33515e-6 -3.05176e-6 1 0 -3.05176e-6 -1 -4.673e-6 6.10351e-6 1 9.79105e-6 3.05175e-6 -1 -7.12077e-6 -3.05176e-6 1 2.67028e-6 0 1 7.12077e-6 0 -1 -3.56038e-6 0 1 0 0 1 -3.56038e-6 -3.05176e-6 -1 3.56038e-6 3.05176e-6 1 0 3.05176e-6 -1 7.12076e-6 -6.10351e-6 1 -1.33514e-6 0 -1 -1.22388e-6 0 1 -7.12076e-6 3.05176e-6 -1 1.11262e-6 0 1 -3.56039e-6 3.05176e-6 -1 -7.12077e-6 3.05175e-6 -1 3.56038e-6 6.10351e-6 1 1.33514e-6 3.05176e-6 1 3.56038e-6 -6.10351e-6 -1 7.12077e-6 6.10352e-6 1 -3.56038e-6 6.10351e-6 -1 -1.33514e-6 -3.05176e-6 1 4.89553e-6 -3.05176e-6 -1 -3.56038e-6 3.05176e-6 -1 -1.33515e-6 0 -1 2.22524e-6 0 1 7.12077e-6 0 -1 8.4559e-6 -3.05176e-6 1 0 3.05175e-6 -1 7.12075e-6 -6.10351e-6 1 4.673e-6 0 -1 -1.22388e-6 0 1 -7.12076e-6 3.05176e-6 -1 1.11262e-6 0 -1 0 -3.05175e-6 1 0 -3.05176e-6 1 -3.56038e-6 3.05175e-6 -1 -4.673e-6 3.05176e-6 1 -6.00813e-6 -6.1035e-6 -1 7.12076e-6 6.10352e-6 1 -3.56038e-6 6.10351e-6 -1 -1.33515e-6 -3.05175e-6 1 4.89553e-6 -3.05177e-6 -1 -4.673e-6 6.10351e-6 1 9.79106e-6 3.05176e-6 -1 -1.33515e-6 0 1 8.01085e-6 0 -1 -3.56038e-6 0 1 -6.23065e-6 0 -1 3.56038e-6 0 -1 7.12076e-6 -6.10351e-6 -1 -1.22388e-6 0 1 7.12078e-6 3.05177e-6 -1 -1.06812e-5 -3.05176e-6 1 3.56039e-6 -6.10352e-6 1 -6.23066e-6 -3.05174e-6 -1 3.56037e-6 3.05174e-6 1 -3.56037e-6 3.05174e-6 -1 -4.67301e-6 3.05176e-6 1 -6.00814e-6 -6.10351e-6 -1 7.12078e-6 6.10353e-6 1 -3.56039e-6 6.10352e-6 -1 -1.33515e-6 -3.05176e-6 1 4.89554e-6 -3.05176e-6 -1 -3.56039e-6 3.05176e-6 1 9.79106e-6 3.05175e-6 -1 -1.33515e-6 0 1 2.67028e-6 0 -1 2.22523e-6 0 1 7.12079e-6 0 -1 -2.22524e-6 0 -1 3.56038e-6 0 1 -3.56037e-6 -3.05176e-6 -1 3.56037e-6 3.05175e-6 1 0 3.05175e-6 1 -1.33514e-6 0 1 4.67301e-6 0 1 -8.90095e-7 3.05176e-6 1 7.12077e-6 3.05175e-6 -1 -7.12076e-6 3.05174e-6 1 -6.2307e-6 -3.05176e-6 1 -3.5604e-6 3.05176e-6 -1 -4.67301e-6 3.05175e-6 1 3.56038e-6 -6.10352e-6 -1 7.12076e-6 6.10352e-6 1 -3.56037e-6 6.10352e-6 -1 -1.33515e-6 -3.05176e-6 -1 -4.673e-6 6.10352e-6 -1 -7.12078e-6 -3.05175e-6 1 2.67028e-6 0 -1 0 0 1 7.12078e-6 0 -1 -3.56039e-6 0 -1 8.4559e-6 -3.05177e-6 1 -3.56038e-6 -3.05177e-6 1 0 3.05176e-6 1 -7.12074e-6 3.05174e-6 -1 0 -3.05174e-6 1 -6.23066e-6 -3.05175e-6 -1 3.56037e-6 3.05175e-6 1 -6.00814e-6 -6.10349e-6 -1 7.12077e-6 6.10352e-6 1 4.89554e-6 -3.05177e-6 1 7.12077e-6 3.05175e-6 1 3.56037e-6 0 1 -3.56038e-6 -3.05175e-6 1 0 3.05177e-6 1 4.67302e-6 0 -1 -1.22389e-6 0 1 -8.90093e-7 3.05176e-6 -1 0 -3.05176e-6 -1 -7.12079e-6 3.05176e-6 1 -2.67028e-6 -6.1035e-6 -1 3.56037e-6 3.05176e-6 1 4.89555e-6 -3.05176e-6 1 7.12078e-6 3.05175e-6 -1 -2.22525e-6 0 -1 -3.56037e-6 0 1 7.12074e-6 3.05176e-6 -1 -7.12073e-6 3.05176e-6 1 3.56037e-6 -6.10352e-6 -1 1.33515e-6 -3.05175e-6 1 1.33515e-6 3.05174e-6 1 -6.00812e-6 -6.10349e-6 -1 7.12076e-6 6.10351e-6 -1 -1.33515e-6 -3.05176e-6 1 4.89553e-6 -3.05175e-6 -1 -4.673e-6 6.10349e-6 1 9.79108e-6 3.05176e-6 -1 -1.33515e-6 0 1 7.1208e-6 0 -1 -2.22525e-6 0 1 0 0 -1 8.4559e-6 -3.05171e-6 1 -3.56038e-6 -3.05174e-6 -1 3.56037e-6 3.05174e-6 -1 7.12076e-6 -6.1035e-6 -1 -3.5604e-6 0 1 -7.12074e-6 3.05176e-6 -1 2.44776e-6 -3.05174e-6 1 1.33515e-6 3.05176e-6 1 4.89553e-6 -3.05179e-6 -1 -3.56038e-6 3.05178e-6 1 9.79108e-6 3.05178e-6 -1 -1.33515e-6 0 1 -3.56036e-6 0 -1 7.12074e-6 -3.05176e-6 1 -5.34055e-6 -3.05175e-6 -1 7.12073e-6 3.05174e-6 1 -5.78562e-6 3.05172e-6 -1 3.56038e-6 -3.05173e-6 1 -3.56036e-6 0 -1 5.89683e-6 3.0518e-6 -1 -1.22389e-6 0 -1 1.11262e-6 0 -1.05233e-5 -1 0 1.05233e-5 1 -1.68373e-5 0 -1 0 0 1 -1.68373e-5 0 -1 -9.47094e-6 5.26166e-6 1 0 0 -1 -2.05205e-5 5.26166e-6 1 2.15728e-5 0 -1 0 1.05233e-5 1 1.68373e-5 -5.26165e-6 -1 -1.31541e-5 5.26166e-6 1 1.68374e-5 5.26165e-6 -1 -1.68372e-5 0 1 9.47102e-6 0 -1 3.68315e-6 0 1 -1.21018e-5 0 -1 3.68317e-6 -5.26166e-6 1 1.21018e-5 5.26165e-6 -1 2.05204e-5 -5.26164e-6 1 -1.68373e-5 -5.26164e-6 -1 1.68372e-5 5.26165e-6 1 -1.68373e-5 -5.26166e-6 -1 0 5.26166e-6 1 0 0 1 -4.65501e-6 0 -1 -3.74798e-6 0 1 4.65499e-6 1.05233e-5 -1 -1.86789e-5 -1.05233e-5 1 3.36745e-5 -1.57849e-5 -1 -3.36746e-5 1.5785e-5 1 0 -5.26166e-6 -1 -1.68373e-5 -1.05233e-5 1 -1.9205e-5 0 -1 1.68373e-5 -5.26161e-6 -1 -3.36744e-5 0 1 -1.68372e-5 -5.26165e-6 -1 1.49957e-5 1.5785e-5 1 2.36774e-6 1.05233e-5 -1 -9.3394e-6 -5.26165e-6 1 9.60254e-6 5.26164e-6 -1 3.68317e-6 -5.26165e-6 1 -1.44695e-5 5.26164e-6 -1 -3.1833e-5 5.26165e-6 1 3.84101e-5 5.26165e-6 1 -3.36747e-5 -5.26165e-6 -1 -1.49957e-5 5.26164e-6 1 1.68373e-5 1.05233e-5 -1 -1.68373e-5 -5.26165e-6 -1 1.68373e-5 5.26164e-6 1 0 0 -1 -1.49957e-5 5.26165e-6 1 1.9205e-5 5.26165e-6 -1 2.05205e-5 0 1 -1.21018e-5 1.05233e-5 -1 0 -1.05233e-5 1 1.68372e-5 -1.57849e-5 -1 -1.68373e-5 1.5785e-5 1 1.68373e-5 -5.26165e-6 -1 -3.36746e-5 5.26164e-6 1 0 0 -1 1.68373e-5 0 1 -1.68373e-5 5.26165e-6 1 1.68373e-5 0 -1 1.68373e-5 0 1 0 -5.26165e-6 -1 0 1.5785e-5 1 0 1.05233e-5 -1 -1.68372e-5 -5.26166e-6 1 1.68373e-5 5.26164e-6 -1 1.1181e-5 -5.26165e-6 1 -2.17043e-5 5.26164e-6 -1 -2.0652e-5 5.26165e-6 1 2.64398e-5 5.26165e-6 1 -3.36747e-5 -5.26165e-6 -1 -1.68373e-5 5.26165e-6 1 0 1.05233e-5 -1 -3.74897e-6 0 1 2.04546e-5 0 -1 -3.74891e-6 0 -1 -5.5905e-6 0 1 5.98514e-6 0 -1 1.86789e-5 0 1 1.44695e-5 1.05233e-5 -1 0 -1.05233e-5 1 1.68372e-5 -1.5785e-5 -1 -3.36746e-5 -5.26165e-6 -1 -1.68373e-5 5.26164e-6 1 0 0 -1 0 -5.26165e-6 -1 0 5.26165e-6 1 0 0 1 0 1.5785e-5 1 0 1.05232e-5 -1 -1.3154e-5 0 1 1.21018e-5 -5.26165e-6 1 -2.42036e-5 5.26165e-6 -1 0 -5.26165e-6 1 1.68373e-5 0 -1 -1.68373e-5 0 1 -1.68373e-5 -5.26165e-6 -1 -1.68373e-5 5.26165e-6 1 1.68373e-5 1.05233e-5 -1 -1.68373e-5 0 1 1.68373e-5 5.26166e-6 1 -1.68373e-5 0 -1 -1.49957e-5 0 1 1.44696e-5 0 -1 -1.84159e-6 0 1 -1.44695e-5 1.05233e-5 1 0 -1.05233e-5 -1 -1.68373e-5 0 1 0 0 -1 -1.68373e-5 0 1 -9.47094e-6 -5.26166e-6 -1 0 0 1 -2.05205e-5 -5.26166e-6 -1 2.15728e-5 0 1 0 -1.05233e-5 -1 1.68373e-5 5.26165e-6 1 -1.31541e-5 -5.26166e-6 -1 1.68374e-5 -5.26165e-6 1 -1.68372e-5 0 -1 9.47102e-6 0 1 3.68315e-6 0 -1 -1.21018e-5 0 1 3.68317e-6 5.26166e-6 -1 1.21018e-5 -5.26165e-6 1 2.05204e-5 5.26164e-6 -1 -1.68373e-5 5.26164e-6 1 1.68372e-5 -5.26165e-6 -1 -1.68373e-5 5.26166e-6 1 0 -5.26166e-6 -1 0 0 -1 -4.65501e-6 0 1 -3.74798e-6 0 -1 4.65499e-6 -1.05233e-5 1 -1.86789e-5 1.05233e-5 -1 3.36745e-5 1.57849e-5 1 -3.36746e-5 -1.5785e-5 -1 0 5.26166e-6 1 -1.68373e-5 1.05233e-5 -1 -1.9205e-5 0 1 1.68373e-5 5.26161e-6 1 -3.36744e-5 0 -1 -1.68372e-5 5.26165e-6 1 1.49957e-5 -1.5785e-5 -1 2.36774e-6 -1.05233e-5 1 -9.3394e-6 5.26165e-6 -1 9.60254e-6 -5.26164e-6 1 3.68317e-6 5.26165e-6 -1 -1.44695e-5 -5.26164e-6 1 -3.1833e-5 -5.26165e-6 -1 3.84101e-5 -5.26165e-6 -1 -3.36747e-5 5.26165e-6 1 -1.49957e-5 -5.26164e-6 -1 1.68373e-5 -1.05233e-5 1 -1.68373e-5 5.26165e-6 1 1.68373e-5 -5.26164e-6 -1 0 0 1 -1.49957e-5 -5.26165e-6 -1 1.9205e-5 -5.26165e-6 1 2.05205e-5 0 -1 -1.21018e-5 -1.05233e-5 1 0 1.05233e-5 -1 1.68372e-5 1.57849e-5 1 -1.68373e-5 -1.5785e-5 -1 1.68373e-5 5.26165e-6 1 -3.36746e-5 -5.26164e-6 -1 0 0 1 1.68373e-5 0 -1 -1.68373e-5 -5.26165e-6 -1 1.68373e-5 0 1 1.68373e-5 0 -1 0 5.26165e-6 1 0 -1.5785e-5 -1 0 -1.05233e-5 1 -1.68372e-5 5.26166e-6 -1 1.68373e-5 -5.26164e-6 1 1.1181e-5 5.26165e-6 -1 -2.17043e-5 -5.26164e-6 1 -2.0652e-5 -5.26165e-6 -1 2.64398e-5 -5.26165e-6 -1 -3.36747e-5 5.26165e-6 1 -1.68373e-5 -5.26165e-6 -1 0 -1.05233e-5 1 -3.74897e-6 0 -1 2.04546e-5 0 1 -3.74891e-6 0 1 -5.5905e-6 0 -1 5.98514e-6 0 1 1.86789e-5 0 -1 1.44695e-5 -1.05233e-5 1 0 1.05233e-5 -1 1.68372e-5 1.5785e-5 1 -3.36746e-5 5.26165e-6 1 -1.68373e-5 -5.26164e-6 -1 0 0 1 0 5.26165e-6 1 0 -5.26165e-6 -1 0 0 -1 0 -1.5785e-5 -1 0 -1.05232e-5 1 -1.3154e-5 0 -1 1.21018e-5 5.26165e-6 -1 -2.42036e-5 -5.26165e-6 1 0 5.26165e-6 -1 1.68373e-5 0 1 -1.68373e-5 0 -1 -1.68373e-5 5.26165e-6 1 -1.68373e-5 -5.26165e-6 -1 1.68373e-5 -1.05233e-5 1 -1.68373e-5 0 -1 1.68373e-5 -5.26166e-6 -1 -1.68373e-5 0 1 -1.49957e-5 0 -1 1.44696e-5 0 1 -1.84159e-6 0 -1 -1.44695e-5</float_array>
          <technique_common>
            <accessor source="#Plane_006-mesh-normals-array" count="5619" stride="3">
              <param name="X" type="float"/>
              <param name="Y" type="float"/>
              <param name="Z" type="float"/>
            </accessor>
          </technique_common>
        </source>
        <source id="Plane_006-mesh-map-0">
          <float_array id="Plane_006-mesh-map-0-array" count="40320">0 0 0 0 0 0 0 0 0 0 0 0 0 0 0 0 0 0 0 0 0 0 0 0 0 0 0 0 0 0 0 0 0 0 0 0 0 0 0 0 0 0 0 0 0 0 0 0 0 0 0 0 0 0 0 0 0 0 0 0 0 0 0 0 0 0 0 0 0 0 0 0 0 0 0 0 0 0 0 0 0 0 0 0 0 0 0 0 0 0 0 0 0 0 0 0 0 0 0 0 0 0 0 0 0 0 0 0 0 0 0 0 0 0 0 0 0 0 0 0 0 0 0 0 0 0 0 0 0 0 0 0 0 0 0 0 0 0 0 0 0 0 0 0 0 0 0 0 0 0 0 0 0 0 0 0 0 0 0 0 0 0 0 0 0 0 0 0 0 0 0 0 0 0 0 0 0 0 0 0 0 0 0 0 0 0 0 0 0 0 0 0 0 0 0 0 0 0 0 0 0 0 0 0 0 0 0 0 0 0 0 0 0 0 0 0 0 0 0 0 0 0 0 0 0 0 0 0 0 0 0 0 0 0 0 0 0 0 0 0 0 0 0 0 0 0 0 0 0 0 0 0 0 0 0 0 0 0 0 0 0 0 0 0 0 0 0 0 0 0 0 0 0 0 0 0 0 0 0 0 0 0 0 0 0 0 0 0 0 0 0 0 0 0 0 0 0 0 0 0 0 0 0 0 0 0 0 0 0 0 0 0 0 0 0 0 0 0 0 0 0 0 0 0 0 0 0 0 0 0 0 0 0 0 0 0 0 0 0 0 0 0 0 0 0 0 0 0 0 0 0 0 0 0 0 0 0 0 0 0 0 0 0 0 0 0 0 0 0 0 0 0 0 0 0 0 0 0 0 0 0 0 0 0 0 0 0 0 0 0 0 0 0 0 0 0 0 0 0 0 0 0 0 0 0 0 0 0 0 0 0 0 0 0 0 0 0 0 0 0 0 0 0 0 0 0 0 0 0 0 0 0 0 0 0 0 0 0 0 0 0 0 0 0 0 0 0 0 0 0 0 0 0 0 0 0 0 0 0 0 0 0 0 0 0 0 0 0 0 0 0 0 0 0 0 0 0 0 0 0 0 0 0 0 0 0 0 0 0 0 0 0 0 0 0 0 0 0 0 0 0 0 0 0 0 0 0 0 0 0 0 0 0 0 0 0 0 0 0 0 0 0 0 0 0 0 0 0 0 0 0 0 0 0 0 0 0 0 0 0 0 0 0 0 0 0 0 0 0 0 0 0 0 0 0 0 0 0 0 0 0 0 0 0 0 0 0 0 0 0 0 0 0 0 0 0 0 0 0 0 0 0 0 0 0 0 0 0 0 0 0 0 0 0 0 0 0 0 0 0 0 0 0 0 0 0 0 0 0 0 0 0 0 0 0 0 0 0 0 0 0 0 0 0 0 0 0 0 0 0 0 0 0 0 0 0 0 0 0 0 0 0 0 0 0 0 0 0 0 0 0 0 0 0 0 0 0 0 0 0 0 0 0 0 0 0 0 0 0 0 0 0 0 0 0 0 0 0 0 0 0 0 0 0 0 0 0 0 0 0 0 0 0 0 0 0 0 0 0 0 0 0 0 0 0 0 0 0 0 0 0 0 0 0 0 0 0 0 0 0 0 0 0 0 0 0 0 0 0 0 0 0 0 0 0 0 0 0 0 0 0 0 0 0 0 0 0 0 0 0 0 0 0 0 0 0 0 0 0 0 0 0 0 0 0 0 0 0 0 0 0 0 0 0 0 0 0 0 0 0 0 0 0 0 0 0 0 0 0 0 0 0 0 0 0 0 0 0 0 0 0 0 0 0 0 0 0 0 0 0 0 0 0 0 0 0 0 0 0 0 0 0 0 0 0 0 0 0 0 0 0 0 0 0 0 0 0 0 0 0 0 0 0 0 0 0 0 0 0 0 0 0 0 0 0 0 0 0 0 0 0 0 0 0 0 0 0 0 0 0 0 0 0 0 0 0 0 0 0 0 0 0 0 0 0 0 0 0 0 0 0 0 0 0 0 0 0 0 0 0 0 0 0 0 0 0 0 0 0 0 0 0 0 0 0 0 0 0 0 0 0 0 0 0 0 0 0 0 0 0 0 0 0 0 0 0 0 0 0 0 0 0 0 0 0 0 0 0 0 0 0 0 0 0 0 0 0 0 0 0 0 0 0 0 0 0 0 0 0 0 0 0 0 0 0 0 0 0 0 0 0 0 0 0 0 0 0 0 0 0 0 0 0 0 0 0 0 0 0 0 0 0 0 0 0 0 0 0 0 0 0 0 0 0 0 0 0 0 0 0 0 0 0 0 0 0 0 0 0 0 0 0 0 0 0 0 0 0 0 0 0 0 0 0 0 0 0 0 0 0 0 0 0 0 0 0 0 0 0 0 0 0 0 0 0 0 0 0 0 0 0 0 0 0 0 0 0 0 0 0 0 0 0 0 0 0 0 0 0 0 0 0 0 0 0 0 0 0 0 0 0 0 0 0 0 0 0 0 0 0 0 0 0 0 0 0 0 0 0 0 0 0 0 0 0 0 0 0 0 0 0 0 0 0 0 0 0 0 0 0 0 0 0 0 0 0 0 0 0 0 0 0 0 0 0 0 0 0 0 0 0 0 0 0 0 0 0 0 0 0 0 0 0 0 0 0 0 0 0 0 0 0 0 0 0 0 0 0 0 0 0 0 0 0 0 0 0 0 0 0 0 0 0 0 0 0 0 0 0 0 0 0 0 0 0 0 0 0 0 0 0 0 0 0 0 0 0 0 0 0 0 0 0 0 0 0 0 0 0 0 0 0 0 0 0 0 0 0 0 0 0 0 0 0 0 0 0 0 0 0 0 0 0 0 0 0 0 0 0 0 0 0 0 0 0 0 0 0 0 0 0 0 0 0 0 0 0 0 0 0 0 0 0 0 0 0 0 0 0 0 0 0 0 0 0 0 0 0 0 0 0 0 0 0 0 0 0 0 0 0 0 0 0 0 0 0 0 0 0 0 0 0 0 0 0 0 0 0 0 0 0 0 0 0 0 0 0 0 0 0 0 0 0 0 0 0 0 0 0 0 0 0 0 0 0 0 0 0 0 0 0 0 0 0 0 0 0 0 0 0 0 0 0 0 0 0 0 0 0 0 0 0 0 0 0 0 0 0 0 0 0 0 0 0 0 0 0 0 0 0 0 0 0 0 0 0 0 0 0 0 0 0 0 0 0 0 0 0 0 0 0 0 0 0 0 0 0 0 0 0 0 0 0 0 0 0 0 0 0 0 0 0 0 0 0 0 0 0 0 0 0 0 0 0 0 0 0 0 0 0 0 0 0 0 0 0 0 0 0 0 0 0 0 0 0 0 0 0 0 0 0 0 0 0 0 0 0 0 0 0 0 0 0 0 0 0 0 0 0 0 0 0 0 0 0 0 0 0 0 0 0 0 0 0 0 0 0 0 0 0 0 0 0 0 0 0 0 0 0 0 0 0 0 0 0 0 0 0 0 0 0 0 0 0 0 0 0 0 0 0 0 0 0 0 0 0 0 0 0 0 0 0 0 0 0 0 0 0 0 0 0 0 0 0 0 0 0 0 0 0 0 0 0 0 0 0 0 0 0 0 0 0 0 0 0 0 0 0 0 0 0 0 0 0 0 0 0 0 0 0 0 0 0 0 0 0 0 0 0 0 0 0 0 0 0 0 0 0 0 0 0 0 0 0 0 0 0 0 0 0 0 0 0 0 0 0 0 0 0 0 0 0 0 0 0 0 0 0 0 0 0 0 0 0 0 0 0 0 0 0 0 0 0 0 0 0 0 0 0 0 0 0 0 0 0 0 0 0 0 0 0 0 0 0 0 0 0 0 0 0 0 0 0 0 0 0 0 0 0 0 0 0 0 0 0 0 0 0 0 0 0 0 0 0 0 0 0 0 0 0 0 0 0 0 0 0 0 0 0 0 0 0 0 0 0 0 0 0 0 0 0 0 0 0 0 0 0 0 0 0 0 0 0 0 0 0 0 0 0 0 0 0 0 0 0 0 0 0 0 0 0 0 0 0 0 0 0 0 0 0 0 0 0 0 0 0 0 0 0 0 0 0 0 0 0 0 0 0 0 0 0 0 0 0 0 0 0 0 0 0 0 0 0 0 0 0 0 0 0 0 0 0 0 0 0 0 0 0 0 0 0 0 0 0 0 0 0 0 0 0 0 0 0 0 0 0 0 0 0 0 0 0 0 0 0 0 0 0 0 0 0 0 0 0 0 0 0 0 0 0 0 0 0 0 0 0 0 0 0 0 0 0 0 0 0 0 0 0 0 0 0 0 0 0 0 0 0 0 0 0 0 0 0 0 0 0 0 0 0 0 0 0 0 0 0 0 0 0 0 0 0 0 0 0 0 0 0 0 0 0 0 0 0 0 0 0 0 0 0 0 0 0 0 0 0 0 0 0 0 0 0 0 0 0 0 0 0 0 0 0 0 0 0 0 0 0 0 0 0 0 0 0 0 0 0 0 0 0 0 0 0 0 0 0 0 0 0 0 0 0 0 0 0 0 0 0 0 0 0 0 0 0 0 0 0 0 0 0 0 0 0 0 0 0 0 0 0 0 0 0 0 0 0 0 0 0 0 0 0 0 0 0 0 0 0 0 0 0 0 0 0 0 0 0 0 0 0 0 0 0 0 0 0 0 0 0 0 0 0 0 0 0 0 0 0 0 0 0 0 0 0 0 0 0 0 0 0 0 0 0 0 0 0 0 0 0 0 0 0 0 0 0 0 0 0 0 0 0 0 0 0 0 0 0 0 0 0 0 0 0 0 0 0 0 0 0 0 0 0 0 0 0 0 0 0 0 0 0 0 0 0 0 0 0 0 0 0 0 0 0 0 0 0 0 0 0 0 0 0 0 0 0 0 0 0 0 0 0 0 0 0 0 0 0 0 0 0 0 0 0 0 0 0 0 0 0 0 0 0 0 0 0 0 0 0 0 0 0 0 0 0 0 0 0 0 0 0 0 0 0 0 0 0 0 0 0 0 0 0 0 0 0 0 0 0 0 0 0 0 0 0 0 0 0 0 0 0 0 0 0 0 0 0 0 0 0 0 0 0 0 0 0 0 0 0 0 0 0 0 0 0 0 0 0 0 0 0 0 0 0 0 0 0 0 0 0 0 0 0 0 0 0 0 0 0 0 0 0 0 0 0 0 0 0 0 0 0 0 0 0 0 0 0 0 0 0 0 0 0 0 0 0 0 0 0 0 0 0 0 0 0 0 0 0 0 0 0 0 0 0 0 0 0 0 0 0 0 0 0 0 0 0 0 0 0 0 0 0 0 0 0 0 0 0 0 0 0 0 0 0 0 0 0 0 0 0 0 0 0 0 0 0 0 0 0 0 0 0 0 0 0 0 0 0 0 0 0 0 0 0 0 0 0 0 0 0 0 0 0 0 0 0 0 0 0 0 0 0 0 0 0 0 0 0 0 0 0 0 0 0 0 0 0 0 0 0 0 0 0 0 0 0 0 0 0 0 0 0 0 0 0 0 0 0 0 0 0 0 0 0 0 0 0 0 0 0 0 0 0 0 0 0 0 0 0 0 0 0 0 0 0 0 0 0 0 0 0 0 0 0 0 0 0 0 0 0 0 0 0 0 0 0 0 0 0 0 0 0 0 0 0 0 0 0 0 0 0 0 0 0 0 0 0 0 0 0 0 0 0 0 0 0 0 0 0 0 0 0 0 0 0 0 0 0 0 0 0 0 0 0 0 0 0 0 0 0 0 0 0 0 0 0 0 0 0 0 0 0 0 0 0 0 0 0 0 0 0 0 0 0 0 0 0 0 0 0 0 0 0 0 0 0 0 0 0 0 0 0 0 0 0 0 0 0 0 0 0 0 0 0 0 0 0 0 0 0 0 0 0 0 0 0 0 0 0 0 0 0 0 0 0 0 0 0 0 0 0 0 0 0 0 0 0 0 0 0 0 0 0 0 0 0 0 0 0 0 0 0 0 0 0 0 0 0 0 0 0 0 0 0 0 0 0 0 0 0 0 0 0 0 0 0 0 0 0 0 0 0 0 0 0 0 0 0 0 0 0 0 0 0 0 0 0 0 0 0 0 0 0 0 0 0 0 0 0 0 0 0 0 0 0 0 0 0 0 0 0 0 0 0 0 0 0 0 0 0 0 0 0 0 0 0 0 0 0 0 0 0 0 0 0 0 0 0 0 0 0 0 0 0 0 0 0 0 0 0 0 0 0 0 0 0 0 0 0 0 0 0 0 0 0 0 0 0 0 0 0 0 0 0 0 0 0 0 0 0 0 0 0 0 0 0 0 0 0 0 0 0 0 0 0 0 0 0 0 0 0 0 0 0 0 0 0 0 0 0 0 0 0 0 0 0 0 0 0 0 0 0 0 0 0 0 0 0 0 0 0 0 0 0 0 0 0 0 0 0 0 0 0 0 0 0 0 0 0 0 0 0 0 0 0 0 0 0 0 0 0 0 0 0 0 0 0 0 0 0 0 0 0 0 0 0 0 0 0 0 0 0 0 0 0 0 0 0 0 0 0 0 0 0 0 0 0 0 0 0 0 0 0 0 0 0 0 0 0 0 0 0 0 0 0 0 0 0 0 0 0 0 0 0 0 0 0 0 0 0 0 0 0 0 0 0 0 0 0 0 0 0 0 0 0 0 0 0 0 0 0 0 0 0 0 0 0 0 0 0 0 0 0 0 0 0 0 0 0 0 0 0 0 0 0 0 0 0 0 0 0 0 0 0 0 0 0 0 0 0 0 0 0 0 0 0 0 0 0 0 0 0 0 0 0 0 0 0 0 0 0 0 0 0 0 0 0 0 0 0 0 0 0 0 0 0 0 0 0 0 0 0 0 0 0 0 0 0 0 0 0 0 0 0 0 0 0 0 0 0 0 0 0 0 0 0 0 0 0 0 0 0 0 0 0 0 0 0 0 0 0 0 0 0 0 0 0 0 0 0 0 0 0 0 0 0 0 0 0 0 0 0 0 0 0 0 0 0 0 0 0 0 0 0 0 0 0 0 0 0 0 0 0 0 0 0 0 0 0 0 0 0 0 0 0 0 0 0 0 0 0 0 0 0 0 0 0 0 0 0 0 0 0 0 0 0 0 0 0 0 0 0 0 0 0 0 0 0 0 0 0 0 0 0 0 0 0 0 0 0 0 0 0 0 0 0 0 0 0 0 0 0 0 0 0 0 0 0 0 0 0 0 0 0 0 0 0 0 0 0 0 0 0 0 0 0 0 0 0 0 0 0 0 0 0 0 0 0 0 0 0 0 0 0 0 0 0 0 0 0 0 0 0 0 0 0 0 0 0 0 0 0 0 0 0 0 0 0 0 0 0 0 0 0 0 0 0 0 0 0 0 0 0 0 0 0 0 0 0 0 0 0 0 0 0 0 0 0 0 0 0 0 0 0 0 0 0 0 0 0 0 0 0 0 0 0 0 0 0 0 0 0 0 0 0 0 0 0 0 0 0 0 0 0 0 0 0 0 0 0 0 0 0 0 0 0 0 0 0 0 0 0 0 0 0 0 0 0 0 0 0 0 0 0 0 0 0 0 0 0 0 0 0 0 0 0 0 0 0 0 0 0 0 0 0 0 0 0 0 0 0 0 0 0 0 0 0 0 0 0 0 0 0 0 0 0 0 0 0 0 0 0 0 0 0 0 0 0 0 0 0 0 0 0 0 0 0 0 0 0 0 0 0 0 0 0 0 0 0 0 0 0 0 0 0 0 0 0 0 0 0 0 0 0 0 0 0 0 0 0 0 0 0 0 0 0 0 0 0 0 0 0 0 0 0 0 0 0 0 0 0 0 0 0 0 0 0 0 0 0 0 0 0 0 0 0 0 0 0 0 0 0 0 0 0 0 0 0 0 0 0 0 0 0 0 0 0 0 0 0 0 0 0 0 0 0 0 0 0 0 0 0 0 0 0 0 0 0 0 0 0 0 0 0 0 0 0 0 0 0 0 0 0 0 0 0 0 0 0 0 0 0 0 0 0 0 0 0 0 0 0 0 0 0 0 0 0 0 0 0 0 0 0 0 0 0 0 0 0 0 0 0 0 0 0 0 0 0 0 0 0 0 0 0 0 0 0 0 0 0 0 0 0 0 0 0 0 0 0 0 0 0 0 0 0 0 0 0 0 0 0 0 0 0 0 0 0 0 0 0 0 0 0 0 0 0 0 0 0 0 0 0 0 0 0 0 0 0 0 0 0 0 0 0 0 0 0 0 0 0 0 0 0 0 0 0 0 0 0 0 0 0 0 0 0 0 0 0 0 0 0 0 0 0 0 0 0 0 0 0 0 0 0 0 0 0 0 0 0 0 0 0 0 0 0 0 0 0 0 0 0 0 0 0 0 0 0 0 0 0 0 0 0 0 0 0 0 0 0 0 0 0 0 0 0 0 0 0 0 0 0 0 0 0 0 0 0 0 0 0 0 0 0 0 0 0 0 0 0 0 0 0 0 0 0 0 0 0 0 0 0 0 0 0 0 0 0 0 0 0 0 0 0 0 0 0 0 0 0 0 0 0 0 0 0 0 0 0 0 0 0 0 0 0 0 0 0 0 0 0 0 0 0 0 0 0 0 0 0 0 0 0 0 0 0 0 0 0 0 0 0 0 0 0 0 0 0 0 0 0 0 0 0 0 0 0 0 0 0 0 0 0 0 0 0 0 0 0 0 0 0 0 0 0 0 0 0 0 0 0 0 0 0 0 0 0 0 0 0 0 0 0 0 0 0 0 0 0 0 0 0 0 0 0 0 0 0 0 0 0 0 0 0 0 0 0 0 0 0 0 0 0 0 0 0 0 0 0 0 0 0 0 0 0 0 0 0 0 0 0 0 0 0 0 0 0 0 0 0 0 0 0 0 0 0 0 0 0 0 0 0 0 0 0 0 0 0 0 0 0 0 0 0 0 0 0 0 0 0 0 0 0 0 0 0 0 0 0 0 0 0 0 0 0 0 0 0 0 0 0 0 0 0 0 0 0 0 0 0 0 0 0 0 0 0 0 0 0 0 0 0 0 0 0 0 0 0 0 0 0 0 0 0 0 0 0 0 0 0 0 0 0 0 0 0 0 0 0 0 0 0 0 0 0 0 0 0 0 0 0 0 0 0 0 0 0 0 0 0 0 0 0 0 0 0 0 0 0 0 0 0 0 0 0 0 0 0 0 0 0 0 0 0 0 0 0 0 0 0 0 0 0 0 0 0 0 0 0 0 0 0 0 0 0 0 0 0 0 0 0 0 0 0 0 0 0 0 0 0 0 0 0 0 0 0 0 0 0 0 0 0 0 0 0 0 0 0 0 0 0 0 0 0 0 0 0 0 0 0 0 0 0 0 0 0 0 0 0 0 0 0 0 0 0 0 0 0 0 0 0 0 0 0 0 0 0 0 0 0 0 0 0 0 0 0 0 0 0 0 0 0 0 0 0 0 0 0 0 0 0 0 0 0 0 0 0 0 0 0 0 0 0 0 0 0 0 0 0 0 0 0 0 0 0 0 0 0 0 0 0 0 0 0 0 0 0 0 0 0 0 0 0 0 0 0 0 0 0 0 0 0 0 0 0 0 0 0 0 0 0 0 0 0 0 0 0 0 0 0 0 0 0 0 0 0 0 0 0 0 0 0 0 0 0 0 0 0 0 0 0 0 0 0 0 0 0 0 0 0 0 0 0 0 0 0 0 0 0 0 0 0 0 0 0 0 0 0 0 0 0 0 0 0 0 0 0 0 0 0 0 0 0 0 0 0 0 0 0 0 0 0 0 0 0 0 0 0 0 0 0 0 0 0 0 0 0 0 0 0 0 0 0 0 0 0 0 0 0 0 0 0 0 0 0 0 0 0 0 0 0 0 0 0 0 0 0 0 0 0 0 0 0 0 0 0 0 0 0 0 0 0 0 0 0 0 0 0 0 0 0 0 0 0 0 0 0 0 0 0 0 0 0 0 0 0 0 0 0 0 0 0 0 0 0 0 0 0 0 0 0 0 0 0 0 0 0 0 0 0 0 0 0 0 0 0 0 0 0 0 0 0 0 0 0 0 0 0 0 0 0 0 0 0 0 0 0 0 0 0 0 0 0 0 0 0 0 0 0 0 0 0 0 0 0 0 0 0 0 0 0 0 0 0 0 0 0 0 0 0 0 0 0 0 0 0 0 0 0 0 0 0 0 0 0 0 0 0 0 0 0 0 0 0 0 0 0 0 0 0 0 0 0 0 0 0 0 0 0 0 0 0 0 0 0 0 0 0 0 0 0 0 0 0 0 0 0 0 0 0 0 0 0 0 0 0 0 0 0 0 0 0 0 0 0 0 0 0 0 0 0 0 0 0 0 0 0 0 0 0 0 0 0 0 0 0 0 0 0 0 0 0 0 0 0 0 0 0 0 0 0 0 0 0 0 0 0 0 0 0 0 0 0 0 0 0 0 0 0 0 0 0 0 0 0 0 0 0 0 0 0 0 0 0 0 0 0 0 0 0 0 0 0 0 0 0 0 0 0 0 0 0 0 0 0 0 0 0 0 0 0 0 0 0 0 0 0 0 0 0 0 0 0 0 0 0 0 0 0 0 0 0 0 0 0 0 0 0 0 0 0 0 0 0 0 0 0 0 0 0 0 0 0 0 0 0 0 0 0 0 0 0 0 0 0 0 0 0 0 0 0 0 0 0 0 0 0 0 0 0 0 0 0 0 0 0 0 0 0 0 0 0 0 0 0 0 0 0 0 0 0 0 0 0 0 0 0 0 0 0 0 0 0 0 0 0 0 0 0 0 0 0 0 0 0 0 0 0 0 0 0 0 0 0 0 0 0 0 0 0 0 0 0 0 0 0 0 0 0 0 0 0 0 0 0 0 0 0 0 0 0 0 0 0 0 0 0 0 0 0 0 0 0 0 0 0 0 0 0 0 0 0 0 0 0 0 0 0 0 0 0 0 0 0 0 0 0 0 0 0 0 0 0 0 0 0 0 0 0 0 0 0 0 0 0 0 0 0 0 0 0 0 0 0 0 0 0 0 0 0 0 0 0 0 0 0 0 0 0 0 0 0 0 0 0 0 0 0 0 0 0 0 0 0 0 0 0 0 0 0 0 0 0 0 0 0 0 0 0 0 0 0 0 0 0 0 0 0 0 0 0 0 0 0 0 0 0 0 0 0 0 0 0 0 0 0 0 0 0 0 0 0 0 0 0 0 0 0 0 0 0 0 0 0 0 0 0 0 0 0 0 0 0 0 0 0 0 0 0 0 0 0 0 0 0 0 0 0 0 0 0 0 0 0 0 0 0 0 0 0 0 0 0 0 0 0 0 0 0 0 0 0 0 0 0 0 0 0 0 0 0 0 0 0 0 0 0 0 0 0 0 0 0 0 0 0 0 0 0 0 0 0 0 0 0 0 0 0 0 0 0 0 0 0 0 0 0 0 0 0 0 0 0 0 0 0 0 0 0 0 0 0 0 0 0 0 0 0 0 0 0 0 0 0 0 0 0 0 0 0 0 0 0 0 0 0 0 0 0 0 0 0 0 0 0 0 0 0 0 0 0 0 0 0 0 0 0 0 0 0 0 0 0 0 0 0 0 0 0 0 0 0 0 0 0 0 0 0 0 0 0 0 0 0 0 0 0 0 0 0 0 0 0 0 0 0 0 0 0 0 0 0 0 0 0 0 0 0 0 0 0 0 0 0 0 0 0 0 0 0 0 0 0 0 0 0 0 0 0 0 0 0 0 0 0 0 0 0 0 0 0 0 0 0 0 0 0 0 0 0 0 0 0 0 0 0 0 0 0 0 0 0 0 0 0 0 0 0 0 0 0 0 0 0 0 0 0 0 0 0 0 0 0 0 0 0 0 0 0 0 0 0 0 0 0 0 0 0 0 0 0 0 0 0 0 0 0 0 0 0 0 0 0 0 0 0 0 0 0 0 0 0 0 0 0 0 0 0 0 0 0 0 0 0 0 0 0 0 0 0 0 0 0 0 0 0 0 0 0 0 0 0 0 0 0 0 0 0 0 0 0 0 0 0 0 0 0 0 0 0 0 0 0 0 0 0 0 0 0 0 0 0 0 0 0 0 0 0 0 0 0 0 0 0 0 0 0 0 0 0 0 0 0 0 0 0 0 0 0 0 0 0 0 0 0 0 0 0 0 0 0 0 0 0 0 0 0 0 0 0 0 0 0 0 0 0 0 0 0 0 0 0 0 0 0 0 0 0 0 0 0 0 0 0 0 0 0 0 0 0 0 0 0 0 0 0 0 0 0 0 0 0 0 0 0 0 0 0 0 0 0 0 0 0 0 0 0 0 0 0 0 0 0 0 0 0 0 0 0 0 0 0 0 0 0 0 0 0 0 0 0 0 0 0 0 0 0 0 0 0 0 0 0 0 0 0 0 0 0 0 0 0 0 0 0 0 0 0 0 0 0 0 0 0 0 0 0 0 0 0 0 0 0 0 0 0 0 0 0 0 0 0 0 0 0 0 0 0 0 0 0 0 0 0 0 0 0 0 0 0 0 0 0 0 0 0 0 0 0 0 0 0 0 0 0 0 0 0 0 0 0 0 0 0 0 0 0 0 0 0 0 0 0 0 0 0 0 0 0 0 0 0 0 0 0 0 0 0 0 0 0 0 0 0 0 0 0 0 0 0 0 0 0 0 0 0 0 0 0 0 0 0 0 0 0 0 0 0 0 0 0 0 0 0 0 0 0 0 0 0 0 0 0 0 0 0 0 0 0 0 0 0 0 0 0 0 0 0 0 0 0 0 0 0 0 0 0 0 0 0 0 0 0 0 0 0 0 0 0 0 0 0 0 0 0 0 0 0 0 0 0 0 0 0 0 0 0 0 0 0 0 0 0 0 0 0 0 0 0 0 0 0 0 0 0 0 0 0 0 0 0 0 0 0 0 0 0 0 0 0 0 0 0 0 0 0 0 0 0 0 0 0 0 0 0 0 0 0 0 0 0 0 0 0 0 0 0 0 0 0 0 0 0 0 0 0 0 0 0 0 0 0 0 0 0 0 0 0 0 0 0 0 0 0 0 0 0 0 0 0 0 0 0 0 0 0 0 0 0 0 0 0 0 0 0 0 0 0 0 0 0 0 0 0 0 0 0 0 0 0 0 0 0 0 0 0 0 0 0 0 0 0 0 0 0 0 0 0 0 0 0 0 0 0 0 0 0 0 0 0 0 0 0 0 0 0 0 0 0 0 0 0 0 0 0 0 0 0 0 0 0 0 0 0 0 0 0 0 0 0 0 0 0 0 0 0 0 0 0 0 0 0 0 0 0 0 0 0 0 0 0 0 0 0 0 0 0 0 0 0 0 0 0 0 0 0 0 0 0 0 0 0 0 0 0 0 0 0 0 0 0 0 0 0 0 0 0 0 0 0 0 0 0 0 0 0 0 0 0 0 0 0 0 0 0 0 0 0 0 0 0 0 0 0 0 0 0 0 0 0 0 0 0 0 0 0 0 0 0 0 0 0 0 0 0 0 0 0 0 0 0 0 0 0 0 0 0 0 0 0 0 0 0 0 0 0 0 0 0 0 0 0 0 0 0 0 0 0 0 0 0 0 0 0 0 0 0 0 0 0 0 0 0 0 0 0 0 0 0 0 0 0 0 0 0 0 0 0 0 0 0 0 0 0 0 0 0 0 0 0 0 0 0 0 0 0 0 0 0 0 0 0 0 0 0 0 0 0 0 0 0 0 0 0 0 0 0 0 0 0 0 0 0 0 0 0 0 0 0 0 0 0 0 0 0 0 0 0 0 0 0 0 0 0 0 0 0 0 0 0 0 0 0 0 0 0 0 0 0 0 0 0 0 0 0 0 0 0 0 0 0 0 0 0 0 0 0 0 0 0 0 0 0 0 0 0 0 0 0 0 0 0 0 0 0 0 0 0 0 0 0 0 0 0 0 0 0 0 0 0 0 0 0 0 0 0 0 0 0 0 0 0 0 0 0 0 0 0 0 0 0 0 0 0 0 0 0 0 0 0 0 0 0 0 0 0 0 0 0 0 0 0 0 0 0 0 0 0 0 0 0 0 0 0 0 0 0 0 0 0 0 0 0 0 0 0 0 0 0 0 0 0 0 0 0 0 0 0 0 0 0 0 0 0 0 0 0 0 0 0 0 0 0 0 0 0 0 0 0 0 0 0 0 0 0 0 0 0 0 0 0 0 0 0 0 0 0 0 0 0 0 0 0 0 0 0 0 0 0 0 0 0 0 0 0 0 0 0 0 0 0 0 0 0 0 0 0 0 0 0 0 0 0 0 0 0 0 0 0 0 0 0 0 0 0 0 0 0 0 0 0 0 0 0 0 0 0 0 0 0 0 0 0 0 0 0 0 0 0 0 0 0 0 0 0 0 0 0 0 0 0 0 0 0 0 0 0 0 0 0 0 0 0 0 0 0 0 0 0 0 0 0 0 0 0 0 0 0 0 0 0 0 0 0 0 0 0 0 0 0 0 0 0 0 0 0 0 0 0 0 0 0 0 0 0 0 0 0 0 0 0 0 0 0 0 0 0 0 0 0 0 0 0 0 0 0 0 0 0 0 0 0 0 0 0 0 0 0 0 0 0 0 0 0 0 0 0 0 0 0 0 0 0 0 0 0 0 0 0 0 0 0 0 0 0 0 0 0 0 0 0 0 0 0 0 0 0 0 0 0 0 0 0 0 0 0 0 0 0 0 0 0 0 0 0 0 0 0 0 0 0 0 0 0 0 0 0 0 0 0 0 0 0 0 0 0 0 0 0 0 0 0 0 0 0 0 0 0 0 0 0 0 0 0 0 0 0 0 0 0 0 0 0 0 0 0 0 0 0 0 0 0 0 0 0 0 0 0 0 0 0 0 0 0 0 0 0 0 0 0 0 0 0 0 0 0 0 0 0 0 0 0 0 0 0 0 0 0 0 0 0 0 0 0 0 0 0 0 0 0 0 0 0 0 0 0 0 0 0 0 0 0 0 0 0 0 0 0 0 0 0 0 0 0 0 0 0 0 0 0 0 0 0 0 0 0 0 0 0 0 0 0 0 0 0 0 0 0 0 0 0 0 0 0 0 0 0 0 0 0 0 0 0 0 0 0 0 0 0 0 0 0 0 0 0 0 0 0 0 0 0 0 0 0 0 0 0 0 0 0 0 0 0 0 0 0 0 0 0 0 0 0 0 0 0 0 0 0 0 0 0 0 0 0 0 0 0 0 0 0 0 0 0 0 0 0 0 0 0 0 0 0 0 0 0 0 0 0 0 0 0 0 0 0 0 0 0 0 0 0 0 0 0 0 0 0 0 0 0 0 0 0 0 0 0 0 0 0 0 0 0 0 0 0 0 0 0 0 0 0 0 0 0 0 0 0 0 0 0 0 0 0 0 0 0 0 0 0 0 0 0 0 0 0 0 0 0 0 0 0 0 0 0 0 0 0 0 0 0 0 0 0 0 0 0 0 0 0 0 0 0 0 0 0 0 0 0 0 0 0 0 0 0 0 0 0 0 0 0 0 0 0 0 0 0 0 0 0 0 0 0 0 0 0 0 0 0 0 0 0 0 0 0 0 0 0 0 0 0 0 0 0 0 0 0 0 0 0 0 0 0 0 0 0 0 0 0 0 0 0 0 0 0 0 0 0 0 0 0 0 0 0 0 0 0 0 0 0 0 0 0 0 0 0 0 0 0 0 0 0 0 0 0 0 0 0 0 0 0 0 0 0 0 0 0 0 0 0 0 0 0 0 0 0 0 0 0 0 0 0 0 0 0 0 0 0 0 0 0 0 0 0 0 0 0 0 0 0 0 0 0 0 0 0 0 0 0 0 0 0 0 0 0 0 0 0 0 0 0 0 0 0 0 0 0 0 0 0 0 0 0 0 0 0 0 0 0 0 0 0 0 0 0 0 0 0 0 0 0 0 0 0 0 0 0 0 0 0 0 0 0 0 0 0 0 0 0 0 0 0 0 0 0 0 0 0 0 0 0 0 0 0 0 0 0 0 0 0 0 0 0 0 0 0 0 0 0 0 0 0 0 0 0 0 0 0 0 0 0 0 0 0 0 0 0 0 0 0 0 0 0 0 0 0 0 0 0 0 0 0 0 0 0 0 0 0 0 0 0 0 0 0 0 0 0 0 0 0 0 0 0 0 0 0 0 0 0 0 0 0 0 0 0 0 0 0 0 0 0 0 0 0 0 0 0 0 0 0 0 0 0 0 0 0 0 0 0 0 0 0 0 0 0 0 0 0 0 0 0 0 0 0 0 0 0 0 0 0 0 0 0 0 0 0 0 0 0 0 0 0 0 0 0 0 0 0 0 0 0 0 0 0 0 0 0 0 0 0 0 0 0 0 0 0 0 0 0 0 0 0 0 0 0 0 0 0 0 0 0 0 0 0 0 0 0 0 0 0 0 0 0 0 0 0 0 0 0 0 0 0 0 0 0 0 0 0 0 0 0 0 0 0 0 0 0 0 0 0 0 0 0 0 0 0 0 0 0 0 0 0 0 0 0 0 0 0 0 0 0 0 0 0 0 0 0 0 0 0 0 0 0 0 0 0 0 0 0 0 0 0 0 0 0 0 0 0 0 0 0 0 0 0 0 0 0 0 0 0 0 0 0 0 0 0 0 0 0 0 0 0 0 0 0 0 0 0 0 0 0 0 0 0 0 0 0 0 0 0 0 0 0 0 0 0 0 0 0 0 0 0 0 0 0 0 0 0 0 0 0 0 0 0 0 0 0 0 0 0 0 0 0 0 0 0 0 0 0 0 0 0 0 0 0 0 0 0 0 0 0 0 0 0 0 0 0 0 0 0 0 0 0 0 0 0 0 0 0 0 0 0 0 0 0 0 0 0 0 0 0 0 0 0 0 0 0 0 0 0 0 0 0 0 0 0 0 0 0 0 0 0 0 0 0 0 0 0 0 0 0 0 0 0 0 0 0 0 0 0 0 0 0 0 0 0 0 0 0 0 0 0 0 0 0 0 0 0 0 0 0 0 0 0 0 0 0 0 0 0 0 0 0 0 0 0 0 0 0 0 0 0 0 0 0 0 0 0 0 0 0 0 0 0 0 0 0 0 0 0 0 0 0 0 0 0 0 0 0 0 0 0 0 0 0 0 0 0 0 0 0 0 0 0 0 0 0 0 0 0 0 0 0 0 0 0 0 0 0 0 0 0 0 0 0 0 0 0 0 0 0 0 0 0 0 0 0 0 0 0 0 0 0 0 0 0 0 0 0 0 0 0 0 0 0 0 0 0 0 0 0 0 0 0 0 0 0 0 0 0 0 0 0 0 0 0 0 0 0 0 0 0 0 0 0 0 0 0 0 0 0 0 0 0 0 0 0 0 0 0 0 0 0 0 0 0 0 0 0 0 0 0 0 0 0 0 0 0 0 0 0 0 0 0 0 0 0 0 0 0 0 0 0 0 0 0 0 0 0 0 0 0 0 0 0 0 0 0 0 0 0 0 0 0 0 0 0 0 0 0 0 0 0 0 0 0 0 0 0 0 0 0 0 0 0 0 0 0 0 0 0 0 0 0 0 0 0 0 0 0 0 0 0 0 0 0 0 0 0 0 0 0 0 0 0 0 0 0 0 0 0 0 0 0 0 0 0 0 0 0 0 0 0 0 0 0 0 0 0 0 0 0 0 0 0 0 0 0 0 0 0 0 0 0 0 0 0 0 0 0 0 0 0 0 0 0 0 0 0 0 0 0 0 0 0 0 0 0 0 0 0 0 0 0 0 0 0 0 0 0 0 0 0 0 0 0 0 0 0 0 0 0 0 0 0 0 0 0 0 0 0 0 0 0 0 0 0 0 0 0 0 0 0 0 0 0 0 0 0 0 0 0 0 0 0 0 0 0 0 0 0 0 0 0 0 0 0 0 0 0 0 0 0 0 0 0 0 0 0 0 0 0 0 0 0 0 0 0 0 0 0 0 0 0 0 0 0 0 0 0 0 0 0 0 0 0 0 0 0 0 0 0 0 0 0 0 0 0 0 0 0 0 0 0 0 0 0 0 0 0 0 0 0 0 0 0 0 0 0 0 0 0 0 0 0 0 0 0 0 0 0 0 0 0 0 0 0 0 0 0 0 0 0 0 0 0 0 0 0 0 0 0 0 0 0 0 0 0 0 0 0 0 0 0 0 0 0 0 0 0 0 0 0 0 0 0 0 0 0 0 0 0 0 0 0 0 0 0 0 0 0 0 0 0 0 0 0 0 0 0 0 0 0 0 0 0 0 0 0 0 0 0 0 0 0 0 0 0 0 0 0 0 0 0 0 0 0 0 0 0 0 0 0 0 0 0 0 0 0 0 0 0 0 0 0 0 0 0 0 0 0 0 0 0 0 0 0 0 0 0 0 0 0 0 0 0 0 0 0 0 0 0 0 0 0 0 0 0 0 0 0 0 0 0 0 0 0 0 0 0 0 0 0 0 0 0 0 0 0 0 0 0 0 0 0 0 0 0 0 0 0 0 0 0 0 0 0 0 0 0 0 0 0 0 0 0 0 0 0 0 0 0 0 0 0 0 0 0 0 0 0 0 0 0 0 0 0 0 0 0 0 0 0 0 0 0 0 0 0 0 0 0 0 0 0 0 0 0 0 0 0 0 0 0 0 0 0 0 0 0 0 0 0 0 0 0 0 0 0 0 0 0 0 0 0 0 0 0 0 0 0 0 0 0 0 0 0 0 0 0 0 0 0 0 0 0 0 0 0 0 0 0 0 0 0 0 0 0 0 0 0 0 0 0 0 0 0 0 0 0 0 0 0 0 0 0 0 0 0 0 0 0 0 0 0 0 0 0 0 0 0 0 0 0 0 0 0 0 0 0 0 0 0 0 0 0 0 0 0 0 0 0 0 0 0 0 0 0 0 0 0 0 0 0 0 0 0 0 0 0 0 0 0 0 0 0 0 0 0 0 0 0 0 0 0 0 0 0 0 0 0 0 0 0 0 0 0 0 0 0 0 0 0 0 0 0 0 0 0 0 0 0 0 0 0 0 0 0 0 0 0 0 0 0 0 0 0 0 0 0 0 0 0 0 0 0 0 0 0 0 0 0 0 0 0 0 0 0 0 0 0 0 0 0 0 0 0 0 0 0 0 0 0 0 0 0 0 0 0 0 0 0 0 0 0 0 0 0 0 0 0 0 0 0 0 0 0 0 0 0 0 0 0 0 0 0 0 0 0 0 0 0 0 0 0 0 0 0 0 0 0 0 0 0 0 0 0 0 0 0 0 0 0 0 0 0 0 0 0 0 0 0 0 0 0 0 0 0 0 0 0 0 0 0 0 0 0 0 0 0 0 0 0 0 0 0 0 0 0 0 0 0 0 0 0 0 0 0 0 0 0 0 0 0 0 0 0 0 0 0 0 0 0 0 0 0 0 0 0 0 0 0 0 0 0 0 0 0 0 0 0 0 0 0 0 0 0 0 0 0 0 0 0 0 0 0 0 0 0 0 0 0 0 0 0 0 0 0 0 0 0 0 0 0 0 0 0 0 0 0 0 0 0 0 0 0 0 0 0 0 0 0 0 0 0 0 0 0 0 0 0 0 0 0 0 0 0 0 0 0 0 0 0 0 0 0 0 0 0 0 0 0 0 0 0 0 0 0 0 0 0 0 0 0 0 0 0 0 0 0 0 0 0 0 0 0 0 0 0 0 0 0 0 0 0 0 0 0 0 0 0 0 0 0 0 0 0 0 0 0 0 0 0 0 0 0 0 0 0 0 0 0 0 0 0 0 0 0 0 0 0 0 0 0 0 0 0 0 0 0 0 0 0 0 0 0 0 0 0 0 0 0 0 0 0 0 0 0 0 0 0 0 0 0 0 0 0 0 0 0 0 0 0 0 0 0 0 0 0 0 0 0 0 0 0 0 0 0 0 0 0 0 0 0 0 0 0 0 0 0 0 0 0 0 0 0 0 0 0 0 0 0 0 0 0 0 0 0 0 0 0 0 0 0 0 0 0 0 0 0 0 0 0 0 0 0 0 0 0 0 0 0 0 0 0 0 0 0 0 0 0 0 0 0 0 0 0 0 0 0 0 0 0 0 0 0 0 0 0 0 0 0 0 0 0 0 0 0 0 0 0 0 0 0 0 0 0 0 0 0 0 0 0 0 0 0 0 0 0 0 0 0 0 0 0 0 0 0 0 0 0 0 0 0 0 0 0 0 0 0 0 0 0 0 0 0 0 0 0 0 0 0 0 0 0 0 0 0 0 0 0 0 0 0 0 0 0 0 0 0 0 0 0 0 0 0 0 0 0 0 0 0 0 0 0 0 0 0 0 0 0 0 0 0 0 0 0 0 0 0 0 0 0 0 0 0 0 0 0 0 0 0 0 0 0 0 0 0 0 0 0 0 0 0 0 0 0 0 0 0 0 0 0 0 0 0 0 0 0 0 0 0 0 0 0 0 0 0 0 0 0 0 0 0 0 0 0 0 0 0 0 0 0 0 0 0 0 0 0 0 0 0 0 0 0 0 0 0 0 0 0 0 0 0 0 0 0 0 0 0 0 0 0 0 0 0 0 0 0 0 0 0 0 0 0 0 0 0 0 0 0 0 0 0 0 0 0 0 0 0 0 0 0 0 0 0 0 0 0 0 0 0 0 0 0 0 0 0 0 0 0 0 0 0 0 0 0 0 0 0 0 0 0 0 0 0 0 0 0 0 0 0 0 0 0 0 0 0 0 0 0 0 0 0 0 0 0 0 0 0 0 0 0 0 0 0 0 0 0 0 0 0 0 0 0 0 0 0 0 0 0 0 0 0 0 0 0 0 0 0 0 0 0 0 0 0 0 0 0 0 0 0 0 0 0 0 0 0 0 0 0 0 0 0 0 0 0 0 0 0 0 0 0 0 0 0 0 0 0 0 0 0 0 0 0 0 0 0 0 0 0 0 0 0 0 0 0 0 0 0 0 0 0 0 0 0 0 0 0 0 0 0 0 0 0 0 0 0 0 0 0 0 0 0 0 0 0 0 0 0 0 0 0 0 0 0 0 0 0 0 0 0 0 0 0 0 0 0 0 0 0 0 0 0 0 0 0 0 0 0 0 0 0 0 0 0 0 0 0 0 0 0 0 0 0 0 0 0 0 0 0 0 0 0 0 0 0 0 0 0 0 0 0 0 0 0 0 0 0 0 0 0 0 0 0 0 0 0 0 0 0 0 0 0 0 0 0 0 0 0 0 0 0 0 0 0 0 0 0 0 0 0 0 0 0 0 0 0 0 0 0 0 0 0 0 0 0 0 0 0 0 0 0 0 0 0 0 0 0 0 0 0 0 0 0 0 0 0 0 0 0 0 0 0 0 0 0 0 0 0 0 0 0 0 0 0 0 0 0 0 0 0 0 0 0 0 0 0 0 0 0 0 0 0 0 0 0 0 0 0 0 0 0 0 0 0 0 0 0 0 0 0 0 0 0 0 0 0 0 0 0 0 0 0 0 0 0 0 0 0 0 0 0 0 0 0 0 0 0 0 0 0 0 0 0 0 0 0 0 0 0 0 0 0 0 0 0 0 0 0 0 0 0 0 0 0 0 0 0 0 0 0 0 0 0 0 0 0 0 0 0 0 0 0 0 0 0 0 0 0 0 0 0 0 0 0 0 0 0 0 0 0 0 0 0 0 0 0 0 0 0 0 0 0 0 0 0 0 0 0 0 0 0 0 0 0 0 0 0 0 0 0 0 0 0 0 0 0 0 0 0 0 0 0 0 0 0 0 0 0 0 0 0 0 0 0 0 0 0 0 0 0 0 0 0 0 0 0 0 0 0 0 0 0 0 0 0 0 0 0 0 0 0 0 0 0 0 0 0 0 0 0 0 0 0 0 0 0 0 0 0 0 0 0 0 0 0 0 0 0 0 0 0 0 0 0 0 0 0 0 0 0 0 0 0 0 0 0 0 0 0 0 0 0 0 0 0 0 0 0 0 0 0 0 0 0 0 0 0 0 0 0 0 0 0 0 0 0 0 0 0 0 0 0 0 0 0 0 0 0 0 0 0 0 0 0 0 0 0 0 0 0 0 0 0 0 0 0 0 0 0 0 0 0 0 0 0 0 0 0 0 0 0 0 0 0 0 0 0 0 0 0 0 0 0 0 0 0 0 0 0 0 0 0 0 0 0 0 0 0 0 0 0 0 0 0 0 0 0 0 0 0 0 0 0 0 0 0 0 0 0 0 0 0 0 0 0 0 0 0 0 0 0 0 0 0 0 0 0 0 0 0 0 0 0 0 0 0 0 0 0 0 0 0 0 0 0 0 0 0 0 0 0 0 0 0 0 0 0 0 0 0 0 0 0 0 0 0 0 0 0 0 0 0 0 0 0 0 0 0 0 0 0 0 0 0 0 0 0 0 0 0 0 0 0 0 0 0 0 0 0 0 0 0 0 0 0 0 0 0 0 0 0 0 0 0 0 0 0 0 0 0 0 0 0 0 0 0 0 0 0 0 0 0 0 0 0 0 0 0 0 0 0 0 0 0 0 0 0 0 0 0 0 0 0 0 0 0 0 0 0 0 0 0 0 0 0 0 0 0 0 0 0 0 0 0 0 0 0 0 0 0 0 0 0 0 0 0 0 0 0 0 0 0 0 0 0 0 0 0 0 0 0 0 0 0 0 0 0 0 0 0 0 0 0 0 0 0 0 0 0 0 0 0 0 0 0 0 0 0 0 0 0 0 0 0 0 0 0 0 0 0 0 0 0 0 0 0 0 0 0 0 0 0 0 0 0 0 0 0 0 0 0 0 0 0 0 0 0 0 0 0 0 0 0 0 0 0 0 0 0 0 0 0 0 0 0 0 0 0 0 0 0 0 0 0 0 0 0 0 0 0 0 0 0 0 0 0 0 0 0 0 0 0 0 0 0 0 0 0 0 0 0 0 0 0 0 0 0 0 0 0 0 0 0 0 0 0 0 0 0 0 0 0 0 0 0 0 0 0 0 0 0 0 0 0 0 0 0 0 0 0 0 0 0 0 0 0 0 0 0 0 0 0 0 0 0 0 0 0 0 0 0 0 0 0 0 0 0 0 0 0 0 0 0 0 0 0 0 0 0 0 0 0 0 0 0 0 0 0 0 0 0 0 0 0 0 0 0 0 0 0 0 0 0 0 0 0 0 0 0 0 0 0 0 0 0 0 0 0 0 0 0 0 0 0 0 0 0 0 0 0 0 0 0 0 0 0 0 0 0 0 0 0 0 0 0 0 0 0 0 0 0 0 0 0 0 0 0 0 0 0 0 0 0 0 0 0 0 0 0 0 0 0 0 0 0 0 0 0 0 0 0 0 0 0 0 0 0 0 0 0 0 0 0 0 0 0 0 0 0 0 0 0 0 0 0 0 0 0 0 0 0 0 0 0 0 0 0 0 0 0 0 0 0 0 0 0 0 0 0 0 0 0 0 0 0 0 0 0 0 0 0 0 0 0 0 0 0 0 0 0 0 0 0 0 0 0 0 0 0 0 0 0 0 0 0 0 0 0 0 0 0 0 0 0 0 0 0 0 0 0 0 0 0 0 0 0 0 0 0 0 0 0 0 0 0 0 0 0 0 0 0 0 0 0 0 0 0 0 0 0 0 0 0 0 0 0 0 0 0 0 0 0 0 0 0 0 0 0 0 0 0 0 0 0 0 0 0 0 0 0 0 0 0 0 0 0 0 0 0 0 0 0 0 0 0 0 0 0 0 0 0 0 0 0 0 0 0 0 0 0 0 0 0 0 0 0 0 0 0 0 0 0 0 0 0 0 0 0 0 0 0 0 0 0 0 0 0 0 0 0 0 0 0 0 0 0 0 0 0 0 0 0 0 0 0 0 0 0 0 0 0 0 0 0 0 0 0 0 0 0 0 0 0 0 0 0 0 0 0 0 0 0 0 0 0 0 0 0 0 0 0 0 0 0 0 0 0 0 0 0 0 0 0 0 0 0 0 0 0 0 0 0 0 0 0 0 0 0 0 0 0 0 0 0 0 0 0 0 0 0 0 0 0 0 0 0 0 0 0 0 0 0 0 0 0 0 0 0 0 0 0 0 0 0 0 0 0 0 0 0 0 0 0 0 0 0 0 0 0 0 0 0 0 0 0 0 0 0 0 0 0 0 0 0 0 0 0 0 0 0 0 0 0 0 0 0 0 0 0 0 0 0 0 0 0 0 0 0 0 0 0 0 0 0 0 0 0 0 0 0 0 0 0 0 0 0 0 0 0 0 0 0 0 0 0 0 0 0 0 0 0 0 0 0 0 0 0 0 0 0 0 0 0 0 0 0 0 0 0 0 0 0 0 0 0 0 0 0 0 0 0 0 0 0 0 0 0 0 0 0 0 0 0 0 0 0 0 0 0 0 0 0 0 0 0 0 0 0 0 0 0 0 0 0 0 0 0 0 0 0 0 0 0 0 0 0 0 0 0 0 0 0 0 0 0 0 0 0 0 0 0 0 0 0 0 0 0 0 0 0 0 0 0 0 0 0 0 0 0 0 0 0 0 0 0 0 0 0 0 0 0 0 0 0 0 0 0 0 0 0 0 0 0 0 0 0 0 0 0 0 0 0 0 0 0 0 0 0 0 0 0 0 0 0 0 0 0 0 0 0 0 0 0 0 0 0 0 0 0 0 0 0 0 0 0 0 0 0 0 0 0 0 0 0 0 0 0 0 0 0 0 0 0 0 0 0 0 0 0 0 0 0 0 0 0 0 0 0 0 0 0 0 0 0 0 0 0 0 0 0 0 0 0 0 0 0 0 0 0 0 0 0 0 0 0 0 0 0 0 0 0 0 0 0 0 0 0 0 0 0 0 0 0 0 0 0 0 0 0 0 0 0 0 0 0 0 0 0 0 0 0 0 0 0 0 0 0 0 0 0 0 0 0 0 0 0 0 0 0 0 0 0 0 0 0 0 0 0 0 0 0 0 0 0 0 0 0 0 0 0 0 0 0 0 0 0 0 0 0 0 0 0 0 0 0 0 0 0 0 0 0 0 0 0 0 0 0 0 0 0 0 0 0 0 0 0 0 0 0 0 0 0 0 0 0 0 0 0 0 0 0 0 0 0 0 0 0 0 0 0 0 0 0 0 0 0 0 0 0 0 0 0 0 0 0 0 0 0 0 0 0 0 0 0 0 0 0 0 0 0 0 0 0 0 0 0 0 0 0 0 0 0 0 0 0 0 0 0 0 0 0 0 0 0 0 0 0 0 0 0 0 0 0 0 0 0 0 0 0 0 0 0 0 0 0 0 0 0 0 0 0 0 0 0 0 0 0 0 0 0 0 0 0 0 0 0 0 0 0 0 0 0 0 0 0 0 0 0 0 0 0 0 0 0 0 0 0 0 0 0 0 0 0 0 0 0 0 0 0 0 0 0 0 0 0 0 0 0 0 0 0 0 0 0 0 0 0 0 0 0 0 0 0 0 0 0 0 0 0 0 0 0 0 0 0 0 0 0 0 0 0 0 0 0 0 0 0 0 0 0 0 0 0 0 0 0 0 0 0 0 0 0 0 0 0 0 0 0 0 0 0 0 0 0 0 0 0 0 0 0 0 0 0 0 0 0 0 0 0 0 0 0 0 0 0 0 0 0 0 0 0 0 0 0 0 0 0 0 0 0 0 0 0 0 0 0 0 0 0 0 0 0 0 0 0 0 0 0 0 0 0 0 0 0 0 0 0 0 0 0 0 0 0 0 0 0 0 0 0 0 0 0 0 0 0 0 0 0 0 0 0 0 0 0 0 0 0 0 0 0 0 0 0 0 0 0 0 0 0 0 0 0 0 0 0 0 0 0 0 0 0 0 0 0 0 0 0 0 0 0 0 0 0 0 0 0 0 0 0 0 0 0 0 0 0 0 0 0 0 0 0 0 0 0 0 0 0 0 0 0 0 0 0 0 0 0 0 0 0 0 0 0 0 0 0 0 0 0 0 0 0 0 0 0 0 0 0 0 0 0 0 0 0 0 0 0 0 0 0 0 0 0 0 0 0 0 0 0 0 0 0 0 0 0 0 0 0 0 0 0 0 0 0 0 0 0 0 0 0 0 0 0 0 0 0 0 0 0 0 0 0 0 0 0 0 0 0 0 0 0 0 0 0 0 0 0 0 0 0 0 0 0 0 0 0 0 0 0 0 0 0 0 0 0 0 0 0 0 0 0 0 0 0 0 0 0 0 0 0 0 0 0 0 0 0 0 0 0 0 0 0 0 0 0 0 0 0 0 0 0 0 0 0 0 0 0 0 0 0 0 0 0 0 0 0 0 0 0 0 0 0 0 0 0 0 0 0 0 0 0 0 0 0 0 0 0 0 0 0 0 0 0 0 0 0 0 0 0 0 0 0 0 0 0 0 0 0 0 0 0 0 0 0 0 0 0 0 0 0 0 0 0 0 0 0 0 0 0 0 0 0 0 0 0 0 0 0 0 0 0 0 0 0 0 0 0 0 0 0 0 0 0 0 0 0 0 0 0 0 0 0 0 0 0 0 0 0 0 0 0 0 0 0 0 0 0 0 0 0 0 0 0 0 0 0 0 0 0 0 0 0 0 0 0 0 0 0 0 0 0 0 0 0 0 0 0 0 0 0 0 0 0 0 0 0 0 0 0 0 0 0 0 0 0 0 0 0 0 0 0 0 0 0 0 0 0 0 0 0 0 0 0 0 0 0 0 0 0 0 0 0 0 0 0 0 0 0 0 0 0 0 0 0 0 0 0 0 0 0 0 0 0 0 0 0 0 0 0 0 0 0 0 0 0 0 0 0 0 0 0 0 0 0 0 0 0 0 0 0 0 0 0 0 0 0 0 0 0 0 0 0 0 0 0 0 0 0 0 0 0 0 0 0 0 0 0 0 0 0 0 0 0 0 0 0 0 0 0 0 0 0 0 0 0 0 0 0 0 0 0 0 0 0 0 0 0 0 0 0 0 0 0 0 0 0 0 0 0 0 0 0 0 0 0 0 0 0 0 0 0 0 0 0 0 0 0 0 0 0 0 0 0 0 0 0 0 0 0 0 0 0 0 0 0 0 0 0 0 0 0 0 0 0 0 0 0 0 0 0 0 0 0 0 0 0 0 0 0 0 0 0 0 0 0 0 0 0 0 0 0 0 0 0 0 0 0 0 0 0 0 0 0 0 0 0 0 0 0 0 0 0 0 0 0 0 0 0 0 0 0 0 0 0 0 0 0 0 0 0 0 0 0 0 0 0 0 0 0 0 0 0 0 0 0 0 0 0 0 0 0 0 0 0 0 0 0 0 0 0 0 0 0 0 0 0 0 0 0 0 0 0 0 0 0 0 0 0 0 0 0 0 0 0 0 0 0 0 0 0 0 0 0 0 0 0 0 0 0 0 0 0 0 0 0 0 0 0 0 0 0 0 0 0 0 0 0 0 0 0 0 0 0 0 0 0 0 0 0 0 0 0 0 0 0 0 0 0 0 0 0 0 0 0 0 0 0 0 0 0 0 0 0 0 0 0 0 0 0 0 0 0 0 0 0 0 0 0 0 0 0 0 0 0 0 0 0 0 0 0 0 0 0 0 0 0 0 0 0 0 0 0 0 0 0 0 0 0 0 0 0 0 0 0 0 0 0 0 0 0 0 0 0 0 0 0 0 0 0 0 0 0 0 0 0 0 0 0 0 0 0 0 0 0 0 0 0 0 0 0 0 0 0 0 0 0 0 0 0 0 0 0 0 0 0 0 0 0 0 0 0 0 0 0 0 0 0 0 0 0 0 0 0 0 0 0 0 0 0 0 0 0 0 0 0 0 0 0 0 0 0 0 0 0 0 0 0 0 0 0 0 0 0 0 0 0 0 0 0 0 0 0 0 0 0 0 0 0 0 0 0 0 0 0 0 0 0 0 0 0 0 0 0 0 0 0 0 0 0 0 0 0 0 0 0 0 0 0 0 0 0 0 0 0 0 0 0 0 0 0 0 0 0 0 0 0 0 0 0 0 0 0 0 0 0 0 0 0 0 0 0 0 0 0 0 0 0 0 0 0 0 0 0 0 0 0 0 0 0 0 0 0 0 0 0 0 0 0 0 0 0 0 0 0 0 0 0 0 0 0 0 0 0 0 0 0 0 0 0 0 0 0 0 0 0 0 0 0 0 0 0 0 0 0 0 0 0 0 0 0 0 0 0 0 0 0 0 0 0 0 0 0 0 0 0 0 0 0 0 0 0 0 0 0 0 0 0 0 0 0 0 0 0 0 0 0 0 0 0 0 0 0 0 0 0 0 0 0 0 0 0 0 0 0 0 0 0 0 0 0 0 0 0 0 0 0 0 0 0 0 0 0 0 0 0 0 0 0 0 0 0 0 0 0 0 0 0 0 0 0 0 0 0 0 0 0 0 0 0 0 0 0 0 0 0 0 0 0 0 0 0 0 0 0 0 0 0 0 0 0 0 0 0 0 0 0 0 0 0 0 0 0 0 0 0 0 0 0 0 0 0 0 0 0 0 0 0 0 0 0 0 0 0 0 0 0 0 0 0 0 0 0 0 0 0 0 0 0 0 0 0 0 0 0 0 0 0 0 0 0 0 0 0 0 0 0 0 0 0 0 0 0 0 0 0 0 0 0 0 0 0 0 0 0 0 0 0 0 0 0 0 0 0 0 0 0 0 0 0 0 0 0 0 0 0 0 0 0 0 0 0 0 0 0 0 0 0 0 0 0 0 0 0 0 0 0 0 0 0 0 0 0 0 0 0 0 0 0 0 0 0 0 0 0 0 0 0 0 0 0 0 0 0 0 0 0 0 0 0 0 0 0 0 0 0 0 0 0 0 0 0 0 0 0 0 0 0 0 0 0 0 0 0 0 0 0 0 0 0 0 0 0 0 0 0 0 0 0 0 0 0 0 0 0 0 0 0 0 0 0 0 0 0 0 0 0 0 0 0 0 0 0 0 0 0 0 0 0 0 0 0 0 0 0 0 0 0 0 0 0 0 0 0 0 0 0 0 0 0 0 0 0 0 0 0 0 0 0 0 0 0 0 0 0 0 0 0 0 0 0 0 0 0 0 0 0 0 0 0 0 0 0 0 0 0 0 0 0 0 0 0 0 0 0 0 0 0 0 0 0 0 0 0 0 0 0 0 0 0 0 0 0 0 0 0 0 0 0 0 0 0 0 0 0 0 0 0 0 0 0 0 0 0 0 0 0 0 0 0 0 0 0 0 0 0 0 0 0 0 0 0 0 0 0 0 0 0 0 0 0 0 0 0 0 0 0 0 0 0 0 0 0 0 0 0 0 0 0 0 0 0 0 0 0 0 0 0 0 0 0 0 0 0 0 0 0 0 0 0 0 0 0 0 0 0 0 0 0 0 0 0 0 0 0 0 0 0 0 0 0 0 0 0 0 0 0 0 0 0 0 0 0 0 0 0 0 0 0 0 0 0 0 0 0 0 0 0 0 0 0 0 0 0 0 0 0 0 0 0 0 0 0 0 0 0 0 0 0 0 0 0 0 0 0 0 0 0 0 0 0 0 0 0 0 0 0 0 0 0 0 0 0 0 0 0 0 0 0 0 0 0 0 0 0 0 0 0 0 0 0 0 0 0 0 0 0 0 0 0 0 0 0 0 0 0 0 0 0 0 0 0 0 0 0 0 0 0 0 0 0 0 0 0 0 0 0 0 0 0 0 0 0 0 0 0 0 0 0 0 0 0 0 0 0 0 0 0 0 0 0 0 0 0 0 0 0 0 0 0 0 0 0 0 0 0 0 0 0 0 0 0 0 0 0 0 0 0 0 0 0 0 0 0 0 0 0 0 0 0 0 0 0 0 0 0 0 0 0 0 0 0 0 0 0 0 0 0 0 0 0 0 0 0 0 0 0 0 0 0 0 0 0 0 0 0 0 0 0 0 0 0 0 0 0 0 0 0 0 0 0 0 0 0 0 0 0 0 0 0 0 0 0 0 0 0 0 0 0 0 0 0 0 0 0 0 0 0 0 0 0 0 0 0 0 0 0 0 0 0 0 0 0 0 0 0 0 0 0 0 0 0 0 0 0 0 0 0 0 0 0 0 0 0 0 0 0 0 0 0 0 0 0 0 0 0 0 0 0 0 0 0 0 0 0 0 0 0 0 0 0 0 0 0 0 0 0 0 0 0 0 0 0 0 0 0 0 0 0 0 0 0 0 0 0 0 0 0 0 0 0 0 0 0 0 0 0 0 0 0 0 0 0 0 0 0 0 0 0 0 0 0 0 0 0 0 0 0 0 0 0 0 0 0 0 0 0 0 0 0 0 0 0 0 0 0 0 0 0 0 0 0 0 0 0 0 0 0 0 0 0 0 0 0 0 0 0 0 0 0 0 0 0 0 0 0 0 0 0 0 0 0 0 0 0 0 0 0 0 0 0 0 0 0 0 0 0 0 0 0 0 0 0 0 0 0 0 0 0 0 0 0 0 0 0 0 0 0 0 0 0 0 0 0 0 0 0 0 0 0 0 0 0 0 0 0 0 0 0 0 0 0 0 0 0 0 0 0 0 0 0 0 0 0 0 0 0 0 0 0 0 0 0 0 0 0 0 0 0 0 0 0 0 0 0 0 0 0 0 0 0 0 0 0 0 0 0 0 0 0 0 0 0 0 0 0 0 0 0 0 0 0 0 0 0 0 0 0 0 0 0 0 0 0 0 0 0 0 0 0 0 0 0 0 0 0 0 0 0 0 0 0 0 0 0 0 0 0 0 0 0 0 0 0 0 0 0 0 0 0 0 0 0 0 0 0 0 0 0 0 0 0 0 0 0 0 0 0 0 0 0 0 0 0 0 0 0 0 0 0 0 0 0 0 0 0 0 0 0 0 0 0 0 0 0 0 0 0 0 0 0 0 0 0 0 0 0 0 0 0 0 0 0 0 0 0 0 0 0 0 0 0 0 0 0 0 0 0 0 0 0 0 0 0 0 0 0 0 0 0 0 0 0 0 0 0 0 0 0 0 0 0 0 0 0 0 0 0 0 0 0 0 0 0 0 0 0 0 0 0 0 0 0 0 0 0 0 0 0 0 0 0 0 0 0 0 0 0 0 0 0 0 0 0 0 0 0 0 0 0 0 0 0 0 0 0 0 0 0 0 0 0 0 0 0 0 0 0 0 0 0 0 0 0 0 0 0 0 0 0 0 0 0 0 0 0 0 0 0 0 0 0 0 0 0 0 0 0 0 0 0 0 0 0 0 0 0 0 0 0 0 0 0 0 0 0 0 0 0 0 0 0 0 0 0 0 0 0 0 0 0 0 0 0 0 0 0 0 0 0 0 0 0 0 0 0 0 0 0 0 0 0 0 0 0 0 0 0 0 0 0 0 0 0 0 0 0 0 0 0 0 0 0 0 0 0 0 0 0 0 0 0 0 0 0 0 0 0 0 0 0 0 0 0 0 0 0 0 0 0 0 0 0 0 0 0 0 0 0 0 0 0 0 0 0 0 0 0 0 0 0 0 0 0 0 0 0 0 0 0 0 0 0 0 0 0 0 0 0 0 0 0 0 0 0 0 0 0 0 0 0 0 0 0 0 0 0 0 0 0 0 0 0 0 0 0 0 0 0 0 0 0 0 0 0 0 0 0 0 0 0 0 0 0 0 0 0 0 0 0 0 0 0 0 0 0 0 0 0 0 0 0 0 0 0 0 0 0 0 0 0 0 0 0 0 0 0 0 0 0 0 0 0 0 0 0 0 0 0 0 0 0 0 0 0 0 0 0 0 0 0 0 0 0 0 0 0 0 0 0 0 0 0 0 0 0 0 0 0 0 0 0 0 0 0 0 0 0 0 0 0 0 0 0 0 0 0 0 0 0 0 0 0 0 0 0 0 0 0 0 0 0 0 0 0 0 0 0 0 0 0 0 0 0 0 0 0 0 0 0 0 0 0 0 0 0 0 0 0 0 0 0 0 0 0 0 0 0 0 0 0 0 0 0 0 0 0 0 0 0 0 0 0 0 0 0 0 0 0 0 0 0 0 0 0 0 0 0 0 0 0 0 0 0 0 0 0 0 0 0 0 0 0 0 0 0 0 0 0 0 0 0 0 0 0 0 0 0 0 0 0 0 0 0 0 0 0 0 0 0 0 0 0 0 0 0 0 0 0 0 0 0 0 0 0 0 0 0 0 0 0 0 0 0 0 0 0 0 0 0 0 0 0 0 0 0 0 0 0 0 0 0 0 0 0 0 0 0 0 0 0 0 0 0 0 0 0 0 0 0 0 0 0 0 0 0 0 0 0 0 0 0 0 0 0 0 0 0 0 0 0 0 0 0 0 0 0 0 0 0 0 0 0 0 0 0 0 0 0 0 0 0 0 0 0 0 0 0 0 0 0 0 0 0 0 0 0 0 0 0 0 0 0 0 0 0 0 0 0 0 0 0 0 0 0 0 0 0 0 0 0 0 0 0 0 0 0 0 0 0 0 0 0 0 0 0 0 0 0 0 0 0 0 0 0 0 0 0 0 0 0 0 0 0 0 0 0 0 0 0 0 0 0 0 0 0 0 0 0 0 0 0 0 0 0 0 0 0 0 0 0 0 0 0 0 0 0 0 0 0 0 0 0 0 0 0 0 0 0 0 0 0 0 0 0 0 0 0 0 0 0 0 0 0 0 0 0 0 0 0 0 0 0 0 0 0 0 0 0 0 0 0 0 0 0 0 0 0 0 0 0 0 0 0 0 0 0 0 0 0 0 0 0 0 0 0 0 0 0 0 0 0 0 0 0 0 0 0 0 0 0 0 0 0 0 0 0 0 0 0 0 0 0 0 0 0 0 0 0 0 0 0 0 0 0 0 0 0 0 0 0 0 0 0 0 0 0 0 0 0 0 0 0 0 0 0 0 0 0 0 0 0 0 0 0 0 0 0 0 0 0 0 0 0 0 0 0 0 0 0 0 0 0 0 0 0 0 0 0 0 0 0 0 0 0 0 0 0 0 0 0 0 0 0 0 0 0 0 0 0 0 0 0 0 0 0 0 0 0 0 0 0 0 0 0 0 0 0 0 0 0 0 0 0 0 0 0 0 0 0 0 0 0 0 0 0 0 0 0 0 0 0 0 0 0 0 0 0 0 0 0 0 0 0 0 0 0 0 0 0 0 0 0 0 0 0 0 0 0 0 0 0 0 0 0 0 0 0 0 0 0 0 0 0 0 0 0 0 0 0 0 0 0 0 0 0 0 0 0 0 0 0 0 0 0 0 0 0 0 0 0 0 0 0 0 0 0 0 0 0 0 0 0 0 0 0 0 0 0 0 0 0 0 0 0 0 0 0 0 0 0 0 0 0 0 0 0 0 0 0 0 0 0 0 0 0 0 0 0 0 0 0 0 0 0 0 0 0 0 0 0 0 0 0 0 0 0 0 0 0 0 0 0 0 0 0 0 0 0 0 0 0 0 0 0 0 0 0 0 0 0 0 0 0 0 0 0 0 0 0 0 0 0 0 0 0 0 0 0 0 0 0 0 0 0 0 0 0 0 0 0 0 0 0 0 0 0 0 0 0 0 0 0 0 0 0 0 0 0 0 0 0 0 0 0 0 0 0 0 0 0 0 0 0 0 0 0 0 0 0 0 0 0 0 0 0 0 0 0 0 0 0 0 0 0 0 0 0 0 0 0 0 0 0 0 0 0 0 0 0 0 0 0 0 0 0 0 0 0 0 0 0 0 0 0 0 0 0 0 0 0 0 0 0 0 0 0 0 0 0 0 0 0 0 0 0 0 0 0 0 0 0 0 0 0 0 0 0 0 0 0 0 0 0 0 0 0 0 0 0 0 0 0 0 0 0 0 0 0 0 0 0 0 0 0 0 0 0 0 0 0 0 0 0 0 0 0 0 0 0 0 0 0 0 0 0 0 0 0 0 0 0 0 0 0 0 0 0 0 0 0 0 0 0 0 0 0 0 0 0 0 0 0 0 0 0 0 0 0 0 0 0 0 0 0 0 0 0 0 0 0 0 0 0 0 0 0 0 0 0 0 0 0 0 0 0 0 0 0 0 0 0 0 0 0 0 0 0 0 0 0 0 0 0 0 0 0 0 0 0 0 0 0 0 0 0 0 0 0 0 0 0 0 0 0 0 0 0 0 0 0 0 0 0 0 0 0 0 0 0 0 0 0 0 0 0 0 0 0 0 0 0 0 0 0 0 0 0 0 0 0 0 0 0 0 0 0 0 0 0 0 0 0 0 0 0 0 0 0 0 0 0 0 0 0 0 0 0 0 0 0 0 0 0 0 0 0 0 0 0 0 0 0 0 0 0 0 0 0 0 0 0 0 0 0 0 0 0 0 0 0 0 0 0 0 0 0 0 0 0 0 0 0 0 0 0 0 0 0 0 0 0 0 0 0 0 0 0 0 0 0 0 0 0 0 0 0 0 0 0 0 0 0 0 0 0 0 0 0 0 0 0 0 0 0 0 0 0 0 0 0 0 0 0 0 0 0 0 0 0 0 0 0 0 0 0 0 0 0 0 0 0 0 0 0 0 0 0 0 0 0 0 0 0 0 0 0 0 0 0 0 0 0 0 0 0 0 0 0 0 0 0 0 0 0 0 0 0 0 0 0 0 0 0 0 0 0 0 0 0 0 0 0 0 0 0 0 0 0 0 0 0 0 0 0 0 0 0 0 0 0 0 0 0 0 0 0 0 0 0 0 0 0 0 0 0 0 0 0 0 0 0 0 0 0 0 0 0 0 0 0 0 0 0 0 0 0 0 0 0 0 0 0 0 0 0 0 0 0 0 0 0 0 0 0 0 0 0 0 0 0 0 0 0 0 0 0 0 0 0 0 0 0 0 0 0 0 0 0 0 0 0 0 0 0 0 0 0 0 0 0 0 0 0 0 0 0 0 0 0 0 0 0 0 0 0 0 0 0 0 0 0 0 0 0 0 0 0 0 0 0 0 0 0 0 0 0 0 0 0 0 0 0 0 0 0 0 0 0 0 0 0 0 0 0 0 0 0 0 0 0 0 0 0 0 0 0 0 0 0 0 0 0 0 0 0 0 0 0 0 0 0 0 0 0 0 0 0 0 0 0 0 0 0 0 0 0 0 0 0 0 0 0 0 0 0 0 0 0 0 0 0 0 0 0 0 0 0 0 0 0 0 0 0 0 0 0 0 0 0 0 0 0 0 0 0 0 0 0 0 0 0 0 0 0 0 0 0 0 0 0 0 0 0 0 0 0 0 0 0 0 0 0 0 0 0 0 0 0 0 0 0 0 0 0 0 0 0 0 0 0 0 0 0 0 0 0 0 0 0 0 0 0 0 0 0 0 0 0 0 0 0 0 0 0 0 0 0 0 0 0 0 0 0 0 0 0 0 0 0 0 0 0 0 0 0 0 0 0 0 0 0 0 0 0 0 0 0 0 0 0 0 0 0 0 0 0 0 0 0 0 0 0 0 0 0 0 0 0 0 0 0 0 0 0 0 0 0 0 0 0 0 0 0 0 0 0 0 0 0 0 0 0 0 0 0 0 0 0 0 0 0 0 0 0 0 0 0 0 0 0 0 0 0 0 0 0 0 0 0 0 0 0 0 0 0 0 0 0 0 0 0 0 0 0 0 0 0 0 0 0 0 0 0 0 0 0 0 0 0 0 0 0 0 0 0 0 0 0 0 0 0 0 0 0 0 0 0 0 0 0 0 0 0 0 0 0 0 0 0 0 0 0 0 0 0 0 0 0 0 0 0 0 0 0 0 0 0 0 0 0 0 0 0 0 0 0 0 0 0 0 0 0 0 0 0 0 0 0 0 0 0 0 0 0 0 0 0 0 0 0 0 0 0 0 0 0 0 0 0 0 0 0 0 0 0 0 0 0 0 0 0 0 0 0 0 0 0 0 0 0 0 0 0 0 0 0 0 0 0 0 0 0 0 0 0 0 0 0 0 0 0 0 0 0 0 0 0 0 0 0 0 0 0 0 0 0 0 0 0 0 0 0 0 0 0 0 0 0 0 0 0 0 0 0 0 0 0 0 0 0 0 0 0 0 0 0 0 0 0 0 0 0 0 0 0 0 0 0 0 0 0 0 0 0 0 0 0 0 0 0 0 0 0 0 0 0 0 0 0 0 0 0 0 0 0 0 0 0 0 0 0 0 0 0 0 0 0 0 0 0 0 0 0 0 0 0 0 0 0 0 0 0 0 0 0 0 0 0 0 0 0 0 0 0 0 0 0 0 0 0 0 0 0 0 0 0 0 0 0 0 0 0 0 0 0 0 0 0 0 0 0 0 0 0 0 0 0 0 0 0 0 0 0 0 0 0 0 0 0 0 0 0 0 0 0 0 0 0 0 0 0 0 0 0 0 0 0 0 0 0 0 0 0 0 0 0 0 0 0 0 0 0 0 0 0 0 0 0 0 0 0 0 0 0 0 0 0 0 0 0 0 0 0 0 0 0 0 0 0 0 0 0 0 0 0 0 0 0 0 0 0 0 0 0 0 0 0 0 0 0 0 0 0 0 0 0 0 0 0 0 0 0 0 0 0 0 0 0 0 0 0 0 0 0 0 0 0 0 0 0 0 0 0 0 0 0 0 0 0 0 0 0 0 0 0 0 0 0 0 0 0 0 0 0 0 0 0 0 0 0 0 0 0 0 0 0 0 0 0 0 0 0 0 0 0 0 0 0 0 0 0 0 0 0 0 0 0 0 0 0 0 0 0 0 0 0 0 0 0 0 0 0 0 0 0 0 0 0 0 0 0 0 0 0 0 0 0 0 0 0 0 0 0 0 0 0 0 0 0 0 0 0 0 0 0 0 0 0 0 0 0 0 0 0 0 0 0 0 0 0 0 0 0 0 0 0 0 0 0 0 0 0 0 0 0 0 0 0 0 0 0 0 0 0 0 0 0 0 0 0 0 0 0 0 0 0 0 0 0 0 0 0 0 0 0 0 0 0 0 0 0 0 0 0 0 0 0 0 0 0 0 0 0 0 0 0 0 0 0 0 0 0 0 0 0 0 0 0 0 0 0 0 0 0 0 0 0 0 0 0 0 0 0 0 0 0 0 0 0 0 0 0 0 0 0 0 0 0 0 0 0 0 0 0 0 0 0 0 0 0 0 0 0 0 0 0 0 0 0 0 0 0 0 0 0 0 0 0 0 0 0 0 0 0 0 0 0 0 0 0 0 0 0 0 0 0 0 0 0 0 0 0 0 0 0 0 0 0 0 0 0 0 0 0 0 0 0 0 0 0 0 0 0 0 0 0 0 0 0 0 0 0 0 0 0 0 0 0 0 0 0 0 0 0 0 0 0 0 0 0 0 0 0 0 0 0 0 0 0 0 0 0 0 0 0 0 0 0 0 0 0 0 0 0 0 0 0 0 0 0 0 0 0 0 0 0 0 0 0 0 0 0 0 0 0 0 0 0 0 0 0 0 0 0 0 0 0 0 0 0 0 0 0 0 0 0 0 0 0 0 0 0 0 0 0 0 0 0 0 0 0 0 0 0 0 0 0 0 0 0 0 0 0 0 0 0 0 0 0 0 0 0 0 0 0 0 0 0 0 0 0 0 0 0 0 0 0 0 0 0 0 0 0 0 0 0 0 0 0 0 0 0 0 0 0 0 0 0 0 0 0 0 0 0 0 0 0 0 0 0 0 0 0 0 0 0 0 0 0 0 0 0 0 0 0 0 0 0 0 0 0 0 0 0 0 0 0 0 0 0 0 0 0 0 0 0 0 0 0 0 0 0 0 0 0 0 0 0 0 0 0 0 0 0 0 0 0 0 0 0 0 0 0 0 0 0 0 0 0 0 0 0 0 0 0 0 0 0 0 0 0 0 0 0 0 0 0 0 0 0 0 0 0 0 0 0 0 0 0 0 0 0 0 0 0 0 0 0 0 0 0 0 0 0 0 0 0 0 0 0 0 0 0 0 0 0 0 0 0 0 0 0 0 0 0 0 0 0 0 0 0 0 0 0 0 0 0 0 0 0 0 0 0 0 0 0 0 0 0 0 0 0 0 0 0 0 0 0 0 0 0 0 0 0 0 0 0 0 0 0 0 0 0 0 0 0 0 0 0 0 0 0 0 0 0 0 0 0 0 0 0 0 0 0 0 0 0 0 0 0 0 0 0 0 0 0 0 0 0 0 0 0 0 0 0 0 0 0 0 0 0 0 0 0 0 0 0 0 0 0 0 0 0 0 0 0 0 0 0 0 0 0 0 0 0 0 0 0 0 0 0 0 0 0 0 0 0 0 0 0 0 0 0 0 0 0 0 0 0 0 0 0 0 0 0 0 0 0 0 0 0 0 0 0 0 0 0 0 0 0 0 0 0 0 0 0 0 0 0 0 0 0 0 0 0 0 0 0 0 0 0 0 0 0 0 0 0 0 0 0 0 0 0 0 0 0 0 0 0 0 0 0 0 0 0 0 0 0 0 0 0 0 0 0 0 0 0 0 0 0 0 0 0 0 0 0 0 0 0 0 0 0 0 0 0 0 0 0 0 0 0 0 0 0 0 0 0 0 0 0 0 0 0 0 0 0 0 0 0 0 0 0 0 0 0 0 0 0 0 0 0 0 0 0 0 0 0 0 0 0 0 0 0 0 0 0 0 0 0 0 0 0 0 0 0 0 0 0 0 0 0 0 0 0 0 0 0 0 0 0 0 0 0 0 0 0 0 0 0 0 0 0 0 0 0 0 0 0 0 0 0 0 0 0 0 0 0 0 0 0 0 0 0 0 0 0 0 0 0 0 0 0 0 0 0 0 0 0 0 0 0 0 0 0 0 0 0 0 0 0 0 0 0 0 0 0 0 0 0 0 0 0 0 0 0 0 0 0 0 0 0 0 0 0 0 0 0 0 0 0 0 0 0 0 0 0 0 0 0 0 0 0 0 0 0 0 0 0 0 0 0 0 0 0 0 0 0 0 0 0 0 0 0 0 0 0 0 0 0 0 0 0 0 0 0 0 0 0 0 0 0 0 0 0 0 0 0 0 0 0 0 0 0 0 0 0 0 0 0 0 0 0 0 0 0 0 0 0 0 0 0 0 0 0 0 0 0 0 0 0 0 0 0 0 0 0 0 0 0 0 0 0 0 0 0 0 0 0 0 0 0 0 0 0 0 0 0 0 0 0 0 0 0 0 0 0 0 0 0 0 0 0 0 0 0 0 0 0 0 0 0 0 0 0 0 0 0 0 0 0 0 0 0 0 0 0 0 0 0 0 0 0 0 0 0 0 0 0 0 0 0 0 0 0 0 0 0 0 0 0 0 0 0 0 0 0 0 0 0 0 0 0 0 0 0 0 0 0 0 0 0 0 0 0 0 0 0 0 0 0 0 0 0 0 0 0 0 0 0 0 0 0 0 0 0 0 0 0 0 0 0 0 0 0 0 0 0 0 0 0 0 0 0 0 0 0 0 0 0 0 0 0 0 0 0 0 0 0 0 0 0 0 0 0 0 0 0 0 0 0 0 0 0 0 0 0 0 0 0 0 0 0 0 0 0 0 0 0 0 0 0 0 0 0 0 0 0 0 0 0 0 0 0 0 0 0 0 0 0 0 0 0 0 0 0 0 0 0 0 0 0 0 0 0 0 0 0 0 0 0 0 0 0 0 0 0 0 0 0 0 0 0 0 0 0 0 0 0 0 0 0 0 0 0 0 0 0 0 0 0 0 0 0 0 0 0 0 0 0 0 0 0 0 0 0 0 0 0 0 0 0 0 0 0 0 0 0 0 0 0 0 0 0 0 0 0 0 0 0 0 0 0 0 0 0 0 0 0 0 0 0 0 0 0 0 0 0 0 0 0 0 0 0 0 0 0 0 0 0 0 0 0 0 0 0 0 0 0 0 0 0 0 0 0 0 0 0 0 0 0 0 0 0 0 0 0 0 0 0 0 0 0 0 0 0 0 0 0 0 0 0 0 0 0 0 0 0 0 0 0 0 0 0 0 0 0 0 0 0 0 0 0 0 0 0 0 0 0 0 0 0 0 0 0 0 0 0 0 0 0 0 0 0 0 0 0 0 0 0 0 0 0 0 0 0 0 0 0 0 0 0 0 0 0 0 0 0 0 0 0 0 0 0 0 0 0 0 0 0 0 0 0 0 0 0 0 0 0 0 0 0 0 0 0 0 0 0 0 0 0 0 0 0 0 0 0 0 0 0 0 0 0 0 0 0 0 0 0 0 0 0 0 0 0 0 0 0 0 0 0 0 0 0 0 0 0 0 0 0 0 0 0 0 0 0 0 0 0 0 0 0 0 0 0 0 0 0 0 0 0 0 0 0 0 0 0 0 0 0 0 0 0 0 0 0 0 0 0 0 0 0 0 0 0 0 0 0 0 0 0 0 0 0 0 0 0 0 0 0 0 0 0 0 0 0 0 0 0 0 0 0 0 0 0 0 0 0 0 0 0 0 0 0 0 0 0 0 0 0 0 0 0 0 0 0 0 0 0 0 0 0 0 0 0 0 0 0 0 0 0 0 0 0 0 0 0 0 0 0 0 0 0 0 0 0 0 0 0 0 0 0 0 0 0 0 0 0 0 0 0 0 0 0 0 0 0 0 0 0 0 0 0 0 0 0 0 0 0 0 0 0 0 0 0 0 0 0 0 0 0 0 0 0 0 0 0 0 0 0 0 0 0 0 0 0 0 0 0 0 0 0 0 0 0 0 0 0 0 0 0 0 0 0 0 0 0 0 0 0 0 0 0 0 0 0 0 0 0 0 0 0 0 0 0 0 0 0 0 0 0 0 0 0 0 0 0 0 0 0 0 0 0 0 0 0 0 0 0 0 0 0 0 0 0 0 0 0 0 0 0 0 0 0 0 0 0 0 0 0 0 0 0 0 0 0 0 0 0 0 0 0 0 0 0 0 0 0 0 0 0 0 0 0 0 0 0 0 0 0 0 0 0 0 0 0 0 0 0 0 0 0 0 0 0 0 0 0 0 0 0 0 0 0 0 0 0 0 0 0 0 0 0 0 0 0 0 0 0 0 0 0 0 0 0 0 0 0 0 0 0 0 0 0 0 0 0 0 0 0 0 0 0 0 0 0 0 0 0 0 0 0 0 0 0 0 0 0 0 0 0 0 0 0 0 0 0 0 0 0 0 0 0 0 0 0 0 0 0 0 0 0 0 0 0 0 0 0 0 0 0 0 0 0 0 0 0 0 0 0 0 0 0 0 0 0 0 0 0 0 0 0 0 0 0 0 0 0 0 0 0 0 0 0 0 0 0 0 0 0 0 0 0 0 0 0 0 0 0 0 0 0 0 0 0 0 0 0 0 0 0 0 0 0 0 0 0 0 0 0 0 0 0 0 0 0 0 0 0 0 0 0 0 0 0 0 0 0 0 0 0 0 0 0 0 0 0 0 0 0 0 0 0 0 0 0 0 0 0 0 0 0 0 0 0 0 0 0 0 0 0 0 0 0 0 0 0 0 0 0 0 0 0 0 0 0 0 0 0 0 0 0 0 0 0 0 0 0 0 0 0 0 0 0 0 0 0 0 0 0 0 0 0 0 0 0 0 0 0 0 0 0 0 0 0 0 0 0 0 0 0 0 0 0 0 0 0 0 0 0 0 0 0 0 0 0 0 0 0 0 0 0 0 0 0 0 0 0 0 0 0 0 0 0 0 0 0 0 0 0 0 0 0 0 0 0 0 0 0 0 0 0 0 0 0 0 0 0 0 0 0 0 0 0 0 0 0 0 0 0 0 0 0 0 0 0 0 0 0 0 0 0 0 0 0 0 0 0 0 0 0 0 0 0 0 0 0 0 0 0 0 0 0 0 0 0 0 0 0 0 0 0 0 0 0 0 0 0 0 0 0 0 0 0 0 0 0 0 0 0 0 0 0 0 0 0 0 0 0 0 0 0 0 0 0 0 0 0 0 0 0 0 0 0 0 0 0 0 0 0 0 0 0 0 0 0 0 0 0 0 0 0 0 0 0 0 0 0 0 0 0 0 0 0 0 0 0 0 0 0 0 0 0 0 0 0 0 0 0 0 0 0 0 0 0 0 0 0 0 0 0 0 0 0 0 0 0 0 0 0 0 0 0 0 0 0 0 0 0 0 0 0 0 0 0 0 0 0 0 0 0 0 0 0 0 0 0 0 0 0 0 0 0 0 0 0 0 0 0 0 0 0 0 0 0 0 0 0 0 0 0 0 0 0 0 0 0 0 0 0 0 0 0 0 0 0 0 0 0 0 0 0 0 0 0 0 0 0 0 0 0 0 0 0 0 0 0 0 0 0 0 0 0 0 0 0 0 0 0 0 0 0 0 0 0 0 0 0 0 0 0 0 0 0 0 0 0 0 0 0 0 0 0 0 0 0 0 0 0 0 0 0 0 0 0 0 0 0 0 0 0 0 0 0 0 0 0 0 0 0 0 0 0 0 0 0 0 0 0 0 0 0 0 0 0 0 0 0 0 0 0 0 0 0 0 0 0 0 0 0 0 0 0 0 0 0 0 0 0 0 0 0 0 0 0 0 0 0 0 0 0 0 0 0 0 0 0 0 0 0 0 0 0 0 0 0 0 0 0 0 0 0 0 0 0 0 0 0 0 0 0 0 0 0 0 0 0 0 0 0 0 0 0 0 0 0 0 0 0 0 0 0 0 0 0 0 0 0 0 0 0 0 0 0 0 0 0 0 0 0 0 0 0 0 0 0 0 0 0 0 0 0 0 0 0 0 0 0 0 0 0 0 0 0 0 0 0 0 0 0 0 0 0 0 0 0 0 0 0 0 0 0 0 0 0 0 0 0 0 0 0 0 0 0 0 0 0 0 0 0 0 0 0 0 0 0 0 0 0 0 0 0 0 0 0 0 0 0 0 0 0 0 0 0 0 0 0 0 0 0 0 0 0 0 0 0 0 0 0 0 0 0 0 0 0 0 0 0 0 0 0 0 0 0 0 0 0 0 0 0 0 0 0 0 0 0 0 0 0 0 0 0 0 0 0 0 0 0 0 0 0 0 0 0 0 0 0 0 0 0 0 0 0 0 0 0 0 0 0 0 0 0 0 0 0 0 0 0 0 0 0 0 0 0 0 0 0 0 0 0 0 0 0 0 0 0 0 0 0 0 0 0 0 0 0 0 0 0 0 0 0 0 0 0 0 0 0 0 0 0 0 0 0 0 0 0 0 0 0 0 0 0 0 0 0 0 0 0 0 0 0 0 0 0 0 0 0 0 0 0 0 0 0 0 0 0 0 0 0 0 0 0 0 0 0 0 0 0 0 0 0 0 0 0 0 0 0 0 0 0 0 0 0 0 0 0 0 0 0 0 0 0 0 0 0 0 0 0 0 0 0 0 0 0 0 0 0 0 0 0 0 0 0 0 0 0 0 0 0 0 0 0 0 0 0 0 0 0 0 0 0 0 0 0 0 0 0 0 0 0 0 0 0 0 0 0 0 0 0 0 0 0 0 0 0 0 0 0 0 0 0 0 0 0 0 0 0 0 0 0 0 0 0 0 0 0 0 0 0 0 0 0 0 0 0 0 0 0 0 0 0 0 0 0 0 0 0 0 0 0 0 0 0 0 0 0 0 0 0 0 0 0 0 0 0 0 0 0 0 0 0 0 0 0 0 0 0 0 0 0 0 0 0 0 0 0 0 0 0 0 0 0 0 0 0 0 0 0 0 0 0 0 0 0 0 0 0 0 0 0 0 0 0 0 0 0 0 0 0 0 0 0 0 0 0 0 0 0 0 0 0 0 0 0 0 0 0 0 0 0 0 0 0 0 0 0 0 0 0 0 0 0 0 0 0 0 0 0 0 0 0 0 0 0 0 0 0 0 0 0 0 0 0 0 0 0 0 0 0 0 0 0 0 0 0 0 0 0 0 0 0 0 0 0 0 0 0 0 0 0 0 0 0 0 0 0 0 0 0 0 0 0 0 0 0 0 0 0 0 0 0 0 0 0 0 0 0 0 0 0 0 0 0 0 0 0 0 0 0 0 0 0 0 0 0 0 0 0 0 0 0 0 0 0 0 0 0 0 0 0 0 0 0 0 0 0 0 0 0 0 0 0 0 0 0 0 0 0 0 0 0 0 0 0 0 0 0 0 0 0 0 0 0 0 0 0 0 0 0 0 0 0 0 0 0 0 0 0 0 0 0 0 0 0 0 0 0 0 0 0 0 0 0 0 0 0 0 0 0 0 0 0 0 0 0 0 0 0 0 0 0 0 0 0 0 0 0 0 0 0 0 0 0 0 0 0 0 0 0 0 0 0 0 0 0 0 0 0 0 0 0 0 0 0 0 0 0 0 0 0 0 0 0 0 0 0 0 0 0 0 0 0 0 0 0 0 0 0 0 0 0 0 0 0 0 0 0 0 0 0 0 0 0 0 0 0 0 0 0 0 0 0 0 0 0 0 0 0 0 0 0 0 0 0 0 0 0 0 0 0 0 0 0 0 0 0 0 0 0 0 0 0 0 0 0 0 0 0 0 0 0 0 0 0 0 0 0 0 0 0 0 0 0 0 0 0 0 0 0 0 0 0 0 0 0 0 0 0 0 0 0 0 0 0 0 0 0 0 0 0 0 0 0 0 0 0 0 0 0 0 0 0 0 0 0 0 0 0 0 0 0 0 0 0 0 0 0 0 0 0 0 0 0 0 0 0 0 0 0 0 0 0 0 0 0 0 0 0 0 0 0 0 0 0 0 0 0 0 0 0 0 0 0 0 0 0 0 0 0 0 0 0 0 0 0 0 0 0 0 0 0 0 0 0 0 0 0 0 0 0 0 0 0 0 0 0 0 0 0 0 0 0 0 0 0 0 0 0 0 0 0 0 0 0 0 0 0 0 0 0 0 0 0 0 0 0 0 0 0 0 0 0 0 0 0 0 0 0 0 0 0 0 0 0 0 0 0 0 0 0 0 0 0 0 0 0 0 0 0 0 0 0 0 0 0 0 0 0 0 0 0 0 0 0 0 0 0 0 0 0 0 0 0 0 0 0 0 0 0 0 0 0 0 0 0 0 0 0 0 0 0 0 0 0 0 0 0 0 0 0 0 0 0 0 0 0 0 0 0 0 0 0 0 0 0 0 0 0 0 0 0 0 0 0 0 0 0 0 0 0 0 0 0 0 0 0 0 0 0 0 0 0 0 0 0 0 0 0 0 0 0 0 0 0 0 0 0 0 0 0 0 0 0 0 0 0 0 0 0 0 0 0 0 0 0 0 0 0 0 0 0 0 0 0 0 0 0 0 0 0 0 0 0 0 0 0 0 0 0 0 0 0 0 0 0 0 0 0 0 0 0 0 0 0 0 0 0 0 0 0 0 0 0 0 0 0 0 0 0 0 0 0 0 0 0 0 0 0 0 0 0 0 0 0 0 0 0 0 0 0 0 0 0 0 0 0 0 0 0 0 0 0 0 0 0 0 0 0 0 0 0 0 0 0 0 0 0 0 0 0 0 0 0 0 0 0 0 0 0 0 0 0 0 0 0 0 0 0 0 0 0 0 0 0 0 0 0 0 0 0 0 0 0 0 0 0 0 0 0 0 0 0 0 0 0 0 0 0 0 0 0 0 0 0 0 0 0 0 0 0 0 0 0 0 0 0 0 0 0 0 0 0 0 0 0 0 0 0 0 0 0 0 0 0 0 0 0 0 0 0 0 0 0 0 0 0 0 0 0 0 0 0 0 0 0 0 0 0 0 0 0 0 0 0 0 0 0 0 0 0 0 0 0 0 0 0 0 0 0 0 0 0 0 0 0 0 0 0 0 0 0 0 0 0 0 0 0 0 0 0 0 0 0 0 0 0 0 0 0 0 0 0 0 0 0 0 0 0 0 0 0 0 0 0 0 0 0 0 0 0 0 0 0 0 0 0 0 0 0 0 0 0 0 0 0 0 0 0 0 0 0 0 0 0 0 0 0 0 0 0 0 0 0 0 0 0 0 0 0 0 0 0 0 0 0 0 0 0 0 0 0 0 0 0 0 0 0 0 0 0 0 0 0 0 0 0 0 0 0 0 0 0 0 0 0 0 0 0 0 0 0 0 0 0 0 0 0 0 0 0 0 0 0 0 0 0 0 0 0 0 0 0 0 0 0 0 0 0 0 0 0 0 0 0 0 0 0 0 0 0 0 0 0 0 0 0 0 0 0 0 0 0 0 0 0 0 0 0 0 0 0 0 0 0 0 0 0 0 0 0 0 0 0 0 0 0 0 0 0 0 0 0 0 0 0 0 0 0 0 0 0 0 0 0 0 0 0 0 0 0 0 0 0 0 0 0 0 0 0 0 0 0 0 0 0 0 0 0 0 0 0 0 0 0 0 0 0 0 0 0 0 0 0 0 0 0 0 0 0 0 0 0 0 0 0 0 0 0 0 0 0 0 0 0 0 0 0 0 0 0 0 0 0 0 0 0 0 0 0 0 0 0 0 0 0 0 0 0 0 0 0 0 0 0 0 0 0 0 0 0 0 0 0 0 0 0 0 0 0 0 0 0 0 0 0 0 0 0 0 0 0 0 0 0 0 0 0 0 0 0 0 0 0 0 0 0 0 0 0 0 0 0 0 0 0 0 0 0 0 0 0 0 0 0 0 0 0 0 0 0 0 0 0 0 0 0 0 0 0 0 0 0 0 0 0 0 0 0 0 0 0 0 0 0 0 0 0 0 0 0 0 0 0 0 0 0 0 0 0 0 0 0 0 0 0 0 0 0 0 0 0 0 0 0 0 0 0 0 0 0 0 0 0 0 0 0 0 0 0 0 0 0 0 0 0 0 0 0 0 0 0 0 0 0 0 0 0 0 0 0 0 0 0 0 0 0 0 0 0 0 0 0 0 0 0 0 0 0 0 0 0 0 0 0 0 0 0 0 0 0 0 0 0 0 0 0 0 0 0 0 0 0 0 0 0 0 0 0 0 0 0 0 0 0 0 0 0 0 0 0 0 0 0 0 0 0 0 0 0 0 0 0 0 0 0 0 0 0 0 0 0 0 0 0 0 0 0 0 0 0 0 0 0 0 0 0 0 0 0 0 0 0 0 0 0 0 0 0 0 0 0 0 0 0 0 0 0 0 0 0 0 0 0 0 0 0 0 0 0 0 0 0 0 0 0 0 0 0 0 0 0 0 0 0 0 0 0 0 0 0 0 0 0 0 0 0 0 0 0 0 0 0 0 0 0 0 0 0 0 0 0 0 0 0 0 0 0 0 0 0 0 0 0 0 0 0 0 0 0 0 0 0 0 0 0 0 0 0 0 0 0 0 0 0 0 0 0 0 0 0 0 0 0 0 0 0 0 0 0 0 0 0 0 0 0 0 0 0 0 0 0 0 0 0 0 0 0 0 0 0 0 0 0 0 0 0 0 0 0 0 0 0 0 0 0 0 0 0 0 0 0 0 0 0 0 0 0 0 0 0 0 0 0 0 0 0 0 0 0 0 0 0 0 0 0 0 0 0 0 0 0 0 0 0 0 0 0 0 0 0 0 0 0 0 0 0 0 0 0 0 0 0 0 0 0 0 0 0 0 0 0 0 0 0 0 0 0 0 0 0 0 0 0 0 0 0 0 0 0 0 0 0 0 0 0 0 0 0 0 0 0 0 0 0 0 0 0 0 0 0 0 0 0 0 0 0 0 0 0 0 0 0 0 0 0 0 0 0 0 0 0 0 0 0 0 0 0 0 0 0 0 0 0 0 0 0 0 0 0 0 0 0 0 0 0 0 0 0 0 0 0 0 0 0 0 0 0 0 0 0 0 0 0 0 0 0 0 0 0 0 0 0 0 0 0 0 0 0 0 0 0 0 0 0 0 0 0 0 0 0 0 0 0 0 0 0 0 0 0 0 0 0 0 0 0 0 0 0 0 0 0 0 0 0 0 0 0 0 0 0 0 0 0 0 0 0 0 0 0 0 0 0 0 0 0 0 0 0 0 0 0 0 0 0 0 0 0 0 0 0 0 0 0 0 0 0 0 0 0 0 0 0 0 0 0 0 0 0 0 0 0 0 0 0 0 0 0 0 0 0 0 0 0 0 0 0 0 0 0 0 0 0 0 0 0 0 0 0 0 0 0 0 0 0 0 0 0 0 0 0 0 0 0 0 0 0 0 0 0 0 0 0 0 0 0 0 0 0 0 0 0 0 0 0 0 0 0 0 0 0 0 0 0 0 0 0 0 0 0 0 0 0 0 0 0 0 0 0 0 0 0 0 0 0 0 0 0 0 0 0 0 0 0 0 0 0 0 0 0 0 0 0 0 0 0 0 0 0 0 0 0 0 0 0 0 0 0 0 0 0 0 0 0 0 0 0 0 0 0 0 0 0 0 0 0 0 0 0 0 0 0 0 0 0 0 0 0 0 0 0 0 0 0 0 0 0 0 0 0 0 0 0 0 0 0 0 0 0 0 0 0 0 0 0 0 0 0 0 0 0 0 0 0 0 0 0 0 0 0 0 0 0 0 0 0 0 0 0 0 0 0 0 0 0 0 0 0 0 0 0 0 0 0 0 0 0 0 0 0 0 0 0 0 0 0 0 0 0 0 0 0 0 0 0 0 0 0 0 0 0 0 0 0 0 0 0 0 0 0 0 0 0 0 0 0 0 0 0 0 0 0 0 0 0 0 0 0 0 0 0 0 0 0 0 0 0 0 0 0 0 0 0 0 0 0 0 0 0 0 0 0 0 0 0 0 0 0 0 0 0 0 0 0 0 0 0 0 0 0 0 0 0 0 0 0 0 0 0 0 0 0 0 0 0 0 0 0 0 0 0 0 0 0 0 0 0 0 0 0 0 0 0 0 0 0 0 0 0 0 0 0 0 0 0 0 0 0 0 0 0 0 0 0 0 0 0 0 0 0 0 0 0 0 0 0 0 0 0 0 0 0 0 0 0 0 0 0 0 0 0 0 0 0 0 0 0 0 0 0 0 0 0 0 0 0 0 0 0 0 0 0 0 0 0 0 0 0 0 0 0 0 0 0 0 0 0 0 0 0 0 0 0 0 0 0 0 0 0 0 0 0 0 0 0 0 0 0 0 0 0 0 0 0 0 0 0 0 0 0 0 0 0 0 0 0 0 0 0 0 0 0 0 0 0 0 0 0 0 0 0 0 0 0 0 0 0 0 0 0 0 0 0 0 0 0 0 0 0 0 0 0 0 0 0 0 0 0 0 0 0 0 0 0 0 0 0 0 0 0 0 0 0 0 0 0 0 0 0 0 0 0 0 0 0 0 0 0 0 0 0 0 0 0 0 0 0 0 0 0 0 0 0 0 0 0 0 0 0 0 0 0 0 0 0 0 0 0 0 0 0 0 0 0 0 0 0 0 0 0 0 0 0 0 0 0 0 0 0 0 0 0 0 0 0 0 0 0 0 0 0 0 0 0 0 0 0 0 0 0 0 0 0 0 0 0 0 0 0 0 0 0 0 0 0 0 0 0 0 0 0 0 0 0 0 0 0 0 0 0 0 0 0 0 0 0 0 0 0 0 0 0 0 0 0 0 0 0 0 0 0 0 0 0 0 0 0 0 0 0 0 0 0 0 0 0 0 0 0 0 0 0 0 0 0 0 0 0 0 0 0 0 0 0 0 0 0 0 0 0 0 0 0 0 0 0 0 0 0 0 0 0 0 0 0 0 0 0 0 0 0 0 0 0 0 0 0 0 0 0 0 0 0 0 0 0 0 0 0 0 0 0 0 0 0 0 0 0 0 0 0 0 0 0 0 0 0 0 0 0 0 0 0 0 0 0 0 0 0 0 0 0 0 0 0 0 0 0 0 0 0 0 0 0 0 0 0 0 0 0 0 0 0 0 0 0 0 0 0 0 0 0 0 0 0 0 0 0 0 0 0 0 0 0 0 0 0 0 0 0 0 0 0 0 0 0 0 0 0 0 0 0 0 0 0 0 0 0 0 0 0 0 0 0 0 0 0 0 0 0 0 0 0 0 0 0 0 0 0 0 0 0 0 0 0 0 0 0 0 0 0 0 0 0 0 0 0 0 0 0 0 0 0 0 0 0 0 0 0 0 0 0 0 0 0 0 0 0 0 0 0 0 0 0 0 0 0 0 0 0 0 0 0 0 0 0 0 0 0 0 0 0 0 0 0 0 0 0 0 0 0 0 0 0 0 0 0 0 0 0 0 0 0 0 0 0 0 0 0 0 0 0 0 0 0 0 0 0 0 0 0 0 0 0 0 0 0 0 0 0 0 0 0 0 0 0 0 0 0 0 0 0 0 0 0 0 0 0 0 0 0 0 0 0 0 0 0 0 0 0 0 0 0 0 0 0 0 0 0 0 0 0 0 0 0 0 0 0 0 0 0 0 0 0 0 0 0 0 0 0 0 0 0 0 0 0 0 0 0 0 0 0 0 0 0 0 0 0 0 0 0 0 0 0 0 0 0 0 0 0 0 0 0 0 0 0 0 0 0 0 0 0 0 0 0 0 0 0 0 0 0 0 0 0 0 0 0 0 0 0 0 0 0 0 0 0 0 0 0 0 0 0 0 0 0 0 0 0 0 0 0 0 0 0 0 0 0 0 0 0 0 0 0 0 0 0 0 0 0 0 0 0 0 0 0 0 0 0 0 0 0 0 0 0 0 0 0 0 0 0 0 0 0 0 0 0 0 0 0 0 0 0 0 0 0 0 0 0 0 0 0 0 0 0 0 0 0 0 0 0 0 0 0 0 0 0 0 0 0 0 0 0 0 0 0 0 0 0 0 0 0 0 0 0 0 0 0 0 0 0 0 0 0 0 0 0 0 0 0 0 0 0 0 0 0 0 0 0 0 0 0 0 0 0 0 0 0 0 0 0 0 0 0 0 0 0 0 0 0 0 0 0 0 0 0 0 0 0 0 0 0 0 0 0 0 0 0 0 0 0 0 0 0 0 0 0 0 0 0 0 0 0 0 0 0 0 0 0 0 0 0 0 0 0 0 0 0 0 0 0 0 0 0 0 0 0 0 0 0 0 0 0 0 0 0 0 0 0 0 0 0 0 0 0 0 0 0 0 0 0 0 0 0 0 0 0 0 0 0 0 0 0 0 0 0 0 0 0 0 0 0 0 0 0 0 0 0 0 0 0 0 0 0 0 0 0 0 0 0 0 0 0 0 0 0 0 0 0 0 0 0 0 0 0 0 0 0 0 0 0 0 0 0 0 0 0 0 0 0 0 0 0 0 0 0 0 0 0 0 0 0 0 0 0 0 0 0 0 0 0 0 0 0 0 0 0 0 0 0 0 0 0 0 0 0 0 0 0 0 0 0 0 0 0 0 0 0 0 0 0 0 0 0 0 0 0 0 0 0 0 0 0 0 0 0 0 0 0 0 0 0 0 0 0 0 0 0 0 0 0 0 0 0 0 0 0 0 0 0 0 0 0 0 0 0 0 0 0 0 0 0 0 0 0 0 0 0 0 0 0 0 0 0 0 0 0 0 0 0 0 0 0 0 0 0 0 0 0 0 0 0 0 0 0 0 0 0 0 0 0 0 0 0 0 0 0 0 0 0 0 0 0 0 0 0 0 0 0 0 0 0 0 0 0 0 0 0 0 0 0 0 0 0 0 0 0 0 0 0 0 0 0 0 0 0 0 0 0 0 0 0 0 0 0 0 0 0 0 0 0 0 0 0 0 0 0 0 0 0 0 0 0 0 0 0 0 0 0 0 0 0 0 0 0 0 0 0 0 0 0 0 0 0 0 0 0 0 0 0 0 0 0 0 0 0 0 0 0 0 0 0 0 0 0 0 0 0 0 0 0 0 0 0 0 0 0 0 0 0 0 0 0 0 0 0 0 0 0 0 0 0 0 0 0 0 0 0 0 0 0 0 0 0 0 0 0 0 0 0 0 0 0 0 0 0 0 0 0 0 0 0 0 0 0 0 0 0 0 0 0 0 0 0 0 0 0 0 0 0 0 0 0 0 0 0 0 0 0 0 0 0 0 0 0 0 0 0 0 0 0 0 0 0 0 0 0 0 0 0 0 0 0 0 0 0 0 0 0 0 0 0 0 0 0 0 0 0 0 0 0 0 0 0 0 0 0 0 0 0 0 0 0 0 0 0 0 0 0 0 0 0 0 0 0 0 0 0 0 0 0 0 0 0 0 0 0 0 0 0 0 0 0 0 0 0 0 0 0 0 0 0 0 0 0 0 0 0 0 0 0 0 0 0 0 0 0 0 0 0 0 0 0 0 0 0 0 0 0 0 0 0 0 0 0 0 0 0 0 0 0 0 0 0 0 0 0 0 0 0 0 0 0 0 0 0 0 0 0 0 0 0 0 0 0 0 0 0 0 0 0 0 0 0 0 0 0 0 0 0 0 0 0 0 0 0 0 0 0 0 0 0 0 0 0 0 0 0 0 0 0 0 0 0 0 0 0 0 0 0 0 0 0 0 0 0 0 0 0 0 0 0 0 0 0 0 0 0 0 0 0 0 0 0 0 0 0 0 0 0 0 0 0 0 0 0 0 0 0 0 0 0 0 0 0 0 0 0 0 0 0 0 0 0 0 0 0 0 0 0 0 0 0 0 0 0 0 0 0 0 0 0 0 0 0 0 0 0 0 0 0 0 0 0 0 0 0 0 0 0 0 0 0 0 0 0 0 0 0 0 0 0 0 0 0 0 0 0 0 0 0 0 0 0 0 0 0 0 0 0 0 0 0 0 0 0 0 0 0 0 0 0 0 0 0 0 0 0 0 0 0 0 0 0 0 0 0 0 0 0 0 0 0 0 0 0 0 0 0 0 0 0 0 0 0 0 0 0 0 0 0 0 0 0 0 0 0 0 0 0 0 0 0 0 0 0 0 0 0 0 0 0 0 0 0 0 0 0 0 0 0 0 0 0 0 0 0 0 0 0 0 0 0 0 0 0 0 0 0 0 0 0 0 0 0 0 0 0 0 0 0 0 0 0 0 0 0 0 0 0 0 0 0 0 0 0 0 0 0 0 0 0 0 0 0 0 0 0 0 0 0 0 0 0 0 0 0 0 0 0 0 0 0 0 0 0 0 0 0 0 0 0 0 0 0 0 0 0 0 0 0 0 0 0 0 0 0 0 0 0 0 0 0 0 0 0 0 0 0 0 0 0 0 0 0 0 0 0 0 0 0 0 0 0 0 0 0 0 0 0 0 0 0 0 0 0 0 0 0 0 0 0 0 0 0 0 0 0 0 0 0 0 0 0 0 0 0 0 0 0 0 0 0 0 0 0 0 0 0 0 0 0 0 0 0 0 0 0 0 0 0 0 0 0 0 0 0 0 0 0 0 0 0 0 0 0 0 0 0 0 0 0 0 0 0 0 0 0 0 0 0 0 0 0 0 0 0 0 0 0 0 0 0 0 0 0 0 0 0 0 0 0 0 0 0 0 0 0 0 0 0 0 0 0 0 0 0 0 0 0 0 0 0 0 0 0 0 0 0 0 0 0 0 0 0 0 0 0 0 0 0 0 0 0 0 0 0 0 0 0 0 0 0 0 0 0 0 0 0 0 0 0 0 0 0 0 0 0 0 0 0 0 0 0 0 0 0 0 0 0 0 0 0 0 0 0 0 0 0 0 0 0 0 0 0 0 0 0 0 0 0 0 0 0 0 0 0 0 0 0 0 0 0 0 0 0 0 0 0 0 0 0 0 0 0 0 0 0 0 0 0 0 0 0 0 0 0 0 0 0 0 0 0 0 0 0 0 0 0 0 0 0 0 0 0 0 0 0 0 0 0 0 0 0 0 0 0 0 0 0 0 0 0 0 0 0 0 0 0 0 0 0 0 0 0 0 0 0 0 0 0 0 0 0 0 0 0 0 0 0 0 0 0 0 0 0 0 0 0 0 0 0 0 0 0 0 0 0 0 0 0 0 0 0 0 0 0 0 0 0 0 0 0 0 0 0 0 0 0 0 0 0 0 0 0 0 0 0 0 0 0 0 0 0 0 0 0 0 0 0 0 0 0 0 0 0 0 0 0 0 0 0 0 0 0 0 0 0 0 0 0 0 0 0 0 0 0 0 0 0 0 0 0 0 0 0 0 0 0 0 0 0 0 0 0 0 0 0 0 0 0 0 0 0 0 0 0 0 0 0 0 0 0 0 0 0 0 0 0 0 0 0 0 0 0 0 0 0 0 0 0 0 0 0 0 0 0 0 0 0 0 0 0 0 0 0 0 0 0 0 0 0 0 0 0 0 0 0 0 0 0 0 0 0 0 0 0 0 0 0 0 0 0 0 0 0 0 0 0 0 0 0 0 0 0 0 0 0 0 0 0 0 0 0 0 0 0 0 0 0 0 0 0 0 0 0 0 0 0 0 0 0 0 0 0 0 0 0 0 0 0 0 0 0 0 0 0 0 0 0 0 0 0 0 0 0 0 0 0 0 0 0 0 0 0 0 0 0 0 0 0 0 0 0 0 0 0 0 0 0 0 0 0 0 0 0 0 0 0 0 0 0 0 0 0 0 0 0 0 0 0 0 0 0 0 0 0 0 0 0 0 0 0 0 0 0 0 0 0 0 0 0 0 0 0 0 0 0 0 0 0 0 0 0 0 0 0 0 0 0 0 0 0 0 0 0 0 0 0 0 0 0 0 0 0 0 0 0 0 0 0 0 0 0 0 0 0 0 0 0 0 0 0 0 0 0 0 0 0 0 0 0 0 0 0 0 0 0 0 0 0 0 0 0 0 0 0 0 0 0 0 0 0 0 0 0 0 0 0 0 0 0 0 0 0 0 0 0 0 0 0 0 0 0 0 0 0 0 0 0 0 0 0 0 0 0 0 0 0 0 0 0 0 0 0 0 0 0 0 0 0 0 0 0 0 0 0 0 0 0 0 0 0 0 0 0 0 0 0 0 0 0 0 0 0 0 0 0 0 0 0 0 0 0 0 0 0 0 0 0 0 0 0 0 0 0 0 0 0 0 0 0 0 0 0 0 0 0 0 0 0 0 0 0 0 0 0 0 0 0 0 0 0 0 0 0 0 0 0 0 0 0 0 0 0 0 0 0 0 0 0 0 0 0 0 0 0 0 0 0 0 0 0 0 0 0 0 0 0 0 0 0 0 0 0 0 0 0 0 0 0 0 0 0 0 0 0 0 0 0 0 0 0 0 0 0 0 0 0 0 0 0 0 0 0 0 0 0 0 0 0 0 0 0 0 0 0 0 0 0 0 0 0 0 0 0 0 0 0 0 0 0 0 0 0 0 0 0 0 0 0 0 0 0 0 0 0 0 0 0 0 0 0 0 0 0 0 0 0 0 0 0 0 0 0 0 0 0 0 0 0 0 0 0 0 0 0 0 0 0 0 0 0 0 0 0 0 0 0 0 0 0 0 0 0 0 0 0 0 0 0 0 0 0 0 0 0 0 0 0 0 0 0 0 0 0 0 0 0 0 0 0 0 0 0 0 0 0 0 0 0 0 0 0 0 0 0 0 0 0 0 0 0 0 0 0 0 0 0 0 0 0 0 0 0 0 0 0 0 0 0 0 0 0 0 0 0 0 0 0 0 0 0 0 0 0 0 0 0 0 0 0 0 0 0 0 0 0 0 0 0 0 0 0 0 0 0 0 0 0 0 0 0 0 0 0 0 0 0 0 0 0 0 0 0 0 0 0 0 0 0 0 0 0 0 0 0 0 0 0 0 0 0 0 0 0 0 0 0 0 0 0 0 0 0 0 0 0 0 0 0 0 0 0 0 0 0 0 0 0 0 0 0 0 0 0 0 0 0 0 0 0 0 0 0 0 0 0 0 0 0 0 0 0 0 0 0 0 0 0 0 0 0 0 0 0 0 0 0 0 0 0 0 0 0 0 0 0 0 0 0 0 0 0 0 0 0 0 0 0 0 0 0 0 0 0 0 0 0 0 0 0 0 0 0 0 0 0 0 0 0 0 0 0 0 0 0 0 0 0 0 0 0 0 0 0 0 0 0 0 0 0 0 0 0 0 0 0 0 0 0 0 0 0 0 0 0 0 0 0 0 0 0 0 0 0 0 0 0 0 0 0 0 0 0 0 0 0 0 0 0 0 0 0 0 0 0 0 0 0 0 0 0 0 0 0 0 0 0 0 0 0 0 0 0 0 0 0 0 0 0 0 0 0 0 0 0 0 0 0 0 0 0 0 0 0 0 0 0 0 0 0 0 0 0 0 0 0 0 0 0 0 0 0 0 0 0 0 0 0 0 0 0 0 0 0 0 0 0 0 0 0 0 0 0 0 0 0 0 0 0 0 0 0 0 0 0 0 0 0 0 0 0 0 0 0 0 0 0 0 0 0 0 0 0 0 0 0 0 0 0 0 0 0 0 0 0 0 0 0 0 0 0 0 0 0 0 0 0 0 0 0 0 0 0 0 0 0 0 0 0 0 0 0 0 0 0 0 0 0 0 0 0 0 0 0 0 0 0 0 0 0 0 0 0 0 0 0 0 0 0 0 0 0 0 0 0 0 0 0 0 0 0 0 0 0 0 0 0 0 0 0 0 0 0 0 0 0 0 0 0 0 0 0 0 0 0 0 0 0 0 0 0 0 0 0 0 0 0 0 0 0 0 0 0 0 0 0 0 0 0 0 0 0 0 0 0 0 0 0 0 0 0 0 0 0 0 0 0 0 0 0 0 0 0 0 0 0 0 0 0 0 0 0 0 0 0 0 0 0 0 0 0 0 0 0 0 0 0 0 0 0 0 0 0 0 0 0 0 0 0 0 0 0 0 0 0 0 0 0 0 0 0 0 0 0 0 0 0 0 0 0 0 0 0 0 0 0 0 0 0 0 0 0 0 0 0 0 0 0 0 0 0 0 0 0 0 0 0 0 0 0 0 0 0 0 0 0 0 0 0 0 0 0 0 0 0 0 0 0 0 0 0 0 0 0 0 0 0 0 0 0 0 0 0 0 0 0 0 0 0 0 0 0 0 0 0 0 0 0 0 0 0 0 0 0 0 0 0 0 0 0 0 0 0 0 0 0 0 0 0 0 0 0 0 0 0 0 0 0 0 0 0 0 0 0 0 0 0 0 0 0 0 0 0 0 0 0 0 0 0 0 0 0 0 0 0 0 0 0 0 0 0 0 0 0 0 0 0 0 0 0 0 0 0 0 0 0 0 0 0 0 0 0 0 0 0 0 0 0 0 0 0 0 0 0 0 0 0 0 0 0 0 0 0 0 0 0 0 0 0 0 0 0 0 0 0 0 0 0 0 0 0 0 0 0 0 0 0 0 0 0 0 0 0 0 0 0 0 0 0 0 0 0 0 0 0 0 0 0 0 0 0 0 0 0 0 0 0 0 0 0 0 0 0 0 0 0 0 0 0 0 0 0 0 0 0 0 0 0 0 0 0 0 0 0 0 0 0 0 0 0 0 0 0 0 0 0 0 0 0 0 0 0 0 0 0 0 0 0 0 0 0 0 0 0 0 0 0 0 0 0 0 0 0 0 0 0 0 0 0 0 0 0 0 0 0 0 0 0 0 0 0 0 0 0 0 0 0 0 0 0 0 0 0 0 0 0 0 0 0 0 0 0 0 0 0 0 0 0 0 0 0 0 0 0 0 0 0 0 0 0 0 0 0 0 0 0 0 0 0 0 0 0 0 0 0 0 0 0 0 0 0 0 0 0 0 0 0 0 0 0 0 0 0 0 0 0 0 0 0 0 0 0 0 0 0 0 0 0 0 0 0 0 0 0 0 0 0 0 0 0 0 0 0 0 0 0 0 0 0 0 0 0 0 0 0 0 0 0 0 0 0 0 0 0 0 0 0 0 0 0 0 0 0 0 0 0 0 0 0 0 0 0 0 0 0 0 0 0 0 0 0 0 0 0 0 0 0 0 0 0 0 0 0 0 0 0 0 0 0 0 0 0 0 0 0 0 0 0 0 0 0 0 0 0 0 0 0 0 0 0 0 0 0 0 0 0 0 0 0 0 0 0 0 0 0 0 0 0 0 0 0 0 0 0 0 0 0 0 0 0 0 0 0 0 0 0 0 0 0 0 0 0 0 0 0 0 0 0 0 0 0 0 0 0 0 0 0 0 0 0 0 0 0 0 0 0 0 0 0 0 0 0 0 0 0 0 0 0 0 0 0 0 0 0 0 0 0 0 0 0 0 0 0 0 0 0 0 0 0 0 0 0 0 0 0 0 0 0 0 0 0 0 0 0 0 0 0 0 0 0 0 0 0 0 0 0 0 0 0 0 0 0 0 0 0 0 0 0 0 0 0 0 0 0 0 0 0 0 0 0 0 0 0 0 0 0 0 0 0 0 0 0 0 0 0 0 0 0 0 0 0 0 0 0 0 0 0 0 0 0 0 0 0 0 0 0 0 0 0 0 0 0 0 0 0 0 0 0 0 0 0 0 0 0 0 0 0 0 0 0 0 0 0 0 0 0 0 0 0 0 0 0 0 0 0 0 0 0 0 0 0 0 0 0 0 0 0 0 0 0 0 0 0 0 0 0 0 0 0 0 0 0 0 0 0 0 0 0 0 0 0 0 0 0 0 0 0 0 0 0 0 0 0 0 0 0 0 0 0 0 0 0 0 0 0 0 0 0 0 0 0 0 0 0 0 0 0 0 0 0 0 0 0 0 0 0 0 0 0 0 0 0 0 0 0 0 0 0 0 0 0 0 0 0 0 0 0 0 0 0 0 0 0 0 0 0 0 0 0 0 0 0 0 0 0 0 0 0 0 0 0 0 0 0 0 0 0 0 0 0 0 0 0 0 0 0 0 0 0 0 0 0 0 0 0 0 0 0 0 0 0 0 0 0 0 0 0 0 0 0 0 0 0 0 0 0 0 0 0 0 0 0 0 0 0 0 0 0 0 0 0 0 0 0 0 0 0 0 0 0 0 0 0 0 0 0 0 0 0 0 0 0 0 0 0 0 0 0 0 0 0 0 0 0 0 0 0 0 0 0 0 0 0 0 0 0 0 0 0 0 0 0 0 0 0 0 0 0 0 0 0 0 0 0 0 0 0 0 0 0 0 0 0 0 0 0 0 0 0 0 0 0 0 0 0 0 0 0 0 0 0 0 0 0 0 0 0 0 0 0 0 0 0 0 0 0 0 0 0 0 0 0 0 0 0 0 0 0 0 0 0 0 0 0 0 0 0 0 0 0 0 0 0 0 0 0 0 0 0 0 0 0 0 0 0 0 0 0 0 0 0 0 0 0 0 0 0 0 0 0 0 0 0 0 0 0 0 0 0 0 0 0 0 0 0 0 0 0 0 0 0 0 0 0 0 0 0 0 0 0 0 0 0 0 0 0 0 0 0 0 0 0 0 0 0 0 0 0 0 0 0 0 0 0 0 0 0 0 0 0 0 0 0 0 0 0 0 0 0 0 0 0 0 0 0 0 0 0 0 0 0 0 0 0 0 0 0 0 0 0 0 0 0 0 0 0 0 0 0 0 0 0 0 0 0 0 0 0 0 0 0 0 0 0 0 0 0 0 0 0 0 0 0 0 0 0 0 0 0 0 0 0 0 0 0 0 0 0 0 0 0 0 0 0 0 0 0 0 0 0 0 0 0 0 0 0 0 0 0 0 0 0 0 0 0 0 0 0 0 0 0 0 0 0 0 0 0 0 0 0 0 0 0 0 0 0 0 0 0 0 0 0 0 0 0 0 0 0 0 0 0 0 0 0 0 0 0 0 0 0 0 0 0 0 0 0 0 0 0 0 0 0 0 0 0 0 0 0 0 0 0 0 0 0 0 0 0 0 0 0 0 0 0 0 0 0 0 0 0 0 0 0 0 0 0 0 0 0 0 0 0 0 0 0 0 0 0 0 0 0 0 0 0 0 0 0 0 0 0 0 0 0 0 0 0 0 0 0 0 0 0 0 0 0 0 0 0 0 0 0 0 0 0 0 0 0 0 0 0 0 0 0 0 0 0 0 0 0 0 0 0 0 0 0 0 0 0 0 0 0 0 0 0 0 0 0 0 0 0 0 0 0 0 0 0 0 0 0 0 0 0 0 0 0 0 0 0 0 0 0 0 0 0 0 0 0 0 0 0 0 0 0 0 0 0 0 0 0 0 0 0 0 0 0 0 0 0 0 0 0 0 0 0 0 0 0 0 0 0 0 0 0 0 0 0 0 0 0 0 0 0 0 0 0 0 0 0 0 0 0 0 0 0 0 0 0 0 0 0 0 0 0 0 0 0 0 0 0 0 0 0 0 0 0 0 0 0 0 0 0 0 0 0 0 0 0 0 0 0 0 0 0 0 0 0 0 0 0 0 0 0 0 0 0 0 0 0 0 0 0 0 0 0 0 0 0 0 0 0 0 0 0 0 0 0 0 0 0 0 0 0 0 0 0 0 0 0 0 0 0 0 0 0 0 0 0 0 0 0 0 0 0 0 0 0 0 0 0 0 0 0 0 0 0 0 0 0 0 0 0 0 0 0 0 0 0 0 0 0 0 0 0 0 0 0 0 0 0 0 0 0 0 0 0 0 0 0 0 0 0 0 0 0 0 0 0 0 0 0 0 0 0 0 0 0 0 0 0 0 0 0 0 0 0 0 0 0 0 0 0 0 0 0 0 0 0 0 0 0 0 0 0 0 0 0 0 0 0 0 0 0 0 0 0 0 0 0 0 0 0 0 0 0 0 0 0 0 0 0 0 0 0 0 0 0 0 0 0 0 0 0 0 0 0 0 0 0 0 0 0 0 0 0 0 0 0 0 0 0 0 0 0 0 0 0 0 0 0 0 0 0 0 0 0 0 0 0 0 0 0 0 0 0 0 0 0 0 0 0 0 0 0 0 0 0 0 0 0 0 0 0 0 0 0 0 0 0 0 0 0 0 0 0 0 0 0 0 0 0 0 0 0 0 0 0 0 0 0 0 0 0 0 0 0 0 0 0 0 0 0 0 0 0 0 0 0 0 0 0 0 0 0 0 0 0 0 0 0 0 0 0 0 0 0 0 0 0 0 0 0 0 0 0 0 0 0 0 0 0 0 0 0 0 0 0 0 0 0 0 0 0 0 0 0 0 0 0 0 0 0 0 0 0 0 0 0 0 0 0 0 0 0 0 0 0 0 0 0 0 0 0 0 0 0 0 0 0 0 0 0 0 0 0 0 0 0 0 0 0 0 0 0 0 0 0 0 0 0 0 0 0 0 0 0 0 0 0 0 0 0 0 0 0 0 0 0 0 0 0 0 0 0 0 0 0 0 0 0 0 0 0 0 0 0 0 0 0 0 0 0 0 0 0 0 0 0 0 0 0 0 0 0 0 0 0 0 0 0 0 0 0 0 0 0 0 0 0 0 0 0 0 0 0 0 0 0 0 0 0 0 0 0 0 0 0 0 0 0 0 0 0 0 0 0 0 0 0 0 0 0 0 0 0 0 0 0 0 0 0 0 0 0 0 0 0 0 0 0 0 0 0 0 0 0 0 0 0 0 0 0 0 0 0 0 0 0 0 0 0 0 0 0 0 0 0 0 0 0 0 0 0 0 0 0 0 0 0 0 0 0 0 0 0 0 0 0 0 0 0 0 0 0 0 0 0 0 0 0 0 0 0 0 0 0 0 0 0 0 0 0 0 0 0 0 0 0 0 0 0 0 0 0 0 0 0 0 0 0 0 0 0 0 0 0 0 0 0 0 0 0 0 0 0 0 0 0 0 0 0 0 0 0 0 0 0 0 0 0 0 0 0 0 0 0 0 0 0 0 0 0 0 0 0 0 0 0 0 0 0 0 0 0 0 0 0 0 0 0 0 0 0 0 0 0 0 0 0 0 0 0 0 0 0 0 0 0 0 0 0 0 0 0 0 0 0 0 0 0 0 0 0 0 0 0 0 0 0 0 0 0 0 0 0 0 0 0 0 0 0 0 0 0 0 0 0 0 0 0 0 0 0 0 0 0 0 0 0 0 0 0 0 0 0 0 0 0 0 0 0 0 0 0 0 0 0 0 0 0 0 0 0 0 0 0 0 0 0 0 0 0 0 0 0 0 0 0 0 0 0 0 0 0 0 0 0 0 0 0 0 0 0 0 0 0 0 0 0 0 0 0 0 0 0 0 0 0 0 0 0 0 0 0 0 0 0 0 0 0 0 0 0 0 0 0 0 0 0 0 0 0 0 0 0 0 0 0 0 0 0 0 0 0 0 0 0 0 0 0 0 0 0 0 0 0 0 0 0 0 0 0 0 0 0 0 0 0 0 0 0 0 0 0 0 0 0 0 0 0 0 0 0 0 0 0 0 0 0 0 0 0 0 0 0 0 0 0 0 0 0 0 0 0 0 0 0 0 0 0 0 0 0 0 0 0 0 0 0 0 0 0 0 0 0 0 0 0 0 0 0 0 0 0 0 0 0 0 0 0 0 0 0 0 0 0 0 0 0 0 0 0 0 0 0 0 0 0 0 0 0 0 0 0 0 0 0 0 0 0 0 0 0 0 0 0 0 0 0 0 0 0 0 0 0 0 0 0 0 0 0 0 0 0 0 0 0 0 0 0 0 0 0 0 0 0 0 0 0 0 0 0 0 0 0 0 0 0 0 0 0 0 0 0 0 0 0 0 0 0 0 0 0 0 0 0 0 0 0 0 0 0 0 0 0 0 0 0 0 0 0 0 0 0 0 0 0 0 0 0 0 0 0 0 0 0 0 0 0 0 0 0 0 0 0 0 0 0 0 0 0 0 0 0 0 0 0 0 0 0 0 0 0 0 0 0 0 0 0 0 0 0 0 0 0 0 0 0 0 0 0 0 0 0 0 0 0 0 0 0 0 0 0 0 0 0 0 0 0 0 0 0 0 0 0 0 0 0 0 0 0 0 0 0 0 0 0 0 0 0 0 0 0 0 0 0 0 0 0 0 0 0 0 0 0 0 0 0 0 0 0 0 0 0 0 0 0 0 0 0 0 0 0 0 0 0 0 0 0 0 0 0 0 0 0 0 0 0 0 0 0 0 0 0 0 0 0 0 0 0 0 0 0 0 0 0 0 0 0 0 0 0 0 0 0 0 0 0 0 0 0 0 0 0 0 0 0 0 0 0 0 0 0 0 0 0 0 0 0 0 0 0 0 0 0 0 0 0 0 0 0 0 0 0 0 0 0 0 0 0 0 0 0 0 0 0 0 0 0 0 0 0 0 0 0 0 0 0 0 0 0 0 0 0 0 0 0 0 0 0 0 0 0 0 0 0 0 0 0 0 0 0 0 0 0 0 0 0 0 0 0 0 0 0 0 0 0 0 0 0 0 0 0 0 0 0 0 0 0 0 0 0 0 0 0 0 0 0 0 0 0 0 0 0 0 0 0 0 0 0 0 0 0 0 0 0 0 0 0 0 0 0 0 0 0 0 0 0 0 0 0 0 0 0 0 0 0 0 0 0 0 0 0 0 0 0 0 0 0 0 0 0 0 0 0 0 0 0 0 0 0 0 0 0 0 0 0 0 0 0 0 0 0 0 0 0 0 0 0 0 0 0 0 0 0 0 0 0 0 0 0 0 0 0 0 0 0 0 0 0 0 0 0 0 0 0 0 0 0 0 0 0 0 0 0 0 0 0 0 0 0 0 0 0 0 0 0 0 0 0 0 0 0 0 0 0 0 0 0 0 0 0 0 0 0 0 0 0 0 0 0 0 0 0 0 0 0 0 0 0 0 0 0 0 0 0 0 0 0 0 0 0 0 0 0 0 0 0 0 0 0 0 0 0 0 0 0 0 0 0 0 0 0 0 0 0 0 0 0 0 0 0 0 0 0 0 0 0 0 0 0 0 0 0 0 0 0 0 0 0 0 0 0 0 0 0 0 0 0 0 0 0 0 0 0 0 0 0 0 0 0 0 0 0 0 0 0 0 0 0 0 0 0 0 0 0 0 0 0 0 0 0 0 0 0 0 0 0 0 0 0 0 0 0 0 0 0 0 0 0 0 0 0 0 0 0 0 0 0 0 0 0 0 0 0 0 0 0 0 0 0 0 0 0 0 0 0 0 0 0 0 0 0 0 0 0 0 0 0 0 0 0 0 0 0 0 0 0 0 0 0 0 0 0 0 0 0 0 0 0 0 0 0 0 0 0 0 0 0 0 0 0 0 0 0 0 0 0 0 0 0 0 0 0 0 0 0 0 0 0 0 0 0 0 0 0 0 0 0 0 0 0 0 0 0 0 0 0 0 0 0 0 0 0 0 0 0 0 0 0 0 0 0 0 0 0 0 0 0 0 0 0 0 0 0 0 0 0 0 0 0 0 0 0 0 0 0 0 0 0 0 0 0 0 0 0 0 0 0 0 0 0 0 0 0 0 0 0 0 0 0 0 0 0 0 0 0 0 0 0 0 0 0 0 0 0 0 0 0 0 0 0 0 0 0 0 0 0 0 0 0 0 0 0 0 0 0 0 0 0 0 0 0 0 0 0 0 0 0 0 0 0 0 0 0 0 0 0 0 0 0 0 0 0 0 0 0 0 0 0 0 0 0 0 0 0 0 0 0 0 0 0 0 0 0 0 0 0 0 0 0 0 0 0 0 0 0 0 0 0 0 0 0 0 0 0 0 0 0 0 0 0 0 0 0 0 0 0 0 0 0 0 0 0 0 0 0 0 0 0 0 0 0 0 0 0 0 0 0 0 0 0 0 0 0 0 0 0 0 0 0 0 0 0 0 0 0 0 0 0 0 0 0 0 0 0 0 0 0 0 0 0 0 0 0 0 0 0 0 0 0 0 0 0 0 0 0 0 0 0 0 0 0 0 0 0 0 0 0 0 0 0 0 0 0 0 0 0 0 0 0 0 0 0 0 0 0 0 0 0 0 0 0 0 0 0 0 0 0 0 0 0 0 0 0 0 0 0 0 0 0 0 0 0 0 0 0 0 0 0 0 0 0 0 0 0 0 0 0 0 0 0 0 0 0 0 0 0 0 0 0 0 0 0 0 0 0 0 0 0 0 0 0 0 0 0 0 0 0 0 0 0 0 0 0 0 0 0 0 0 0 0 0 0 0 0 0 0 0 0 0 0 0 0 0 0 0 0 0 0 0 0 0 0 0 0 0 0 0 0 0 0 0 0 0 0 0 0 0 0 0 0 0 0 0 0 0 0 0 0 0 0 0 0 0 0 0 0 0 0 0 0 0 0 0 0 0 0 0 0 0 0 0 0 0 0 0 0 0 0 0 0 0 0 0 0 0 0 0 0 0 0 0 0 0 0 0 0 0 0 0 0 0 0 0 0 0 0 0 0 0 0 0 0 0 0 0 0 0 0 0 0 0 0 0 0 0 0 0 0 0 0 0 0 0 0 0 0 0 0 0 0 0 0 0 0 0 0 0 0 0 0 0 0 0 0 0 0 0 0 0 0 0 0 0 0 0 0 0 0 0 0 0 0 0 0 0 0 0 0 0 0 0 0 0 0 0 0 0 0 0 0 0 0 0 0 0 0 0 0 0 0 0 0 0 0 0 0 0 0 0 0 0 0 0 0 0 0 0 0 0 0 0 0 0 0 0 0 0 0 0 0 0 0 0 0 0 0 0 0 0 0 0 0 0 0 0 0 0 0 0 0 0 0 0 0 0 0 0 0 0 0 0 0 0 0 0 0 0 0 0 0 0 0 0 0 0 0 0 0 0 0 0 0 0 0 0 0 0 0 0 0 0 0 0 0 0 0 0 0 0 0 0 0 0 0 0 0 0 0 0 0 0 0 0 0 0 0 0 0 0 0 0 0 0 0 0 0 0 0 0 0 0 0 0 0 0 0 0 0 0 0 0 0 0 0 0 0 0 0 0 0 0 0 0 0 0 0 0 0 0 0 0 0 0 0 0 0 0 0 0 0 0 0 0 0 0 0 0 0 0 0 0 0 0 0 0 0 0 0 0 0 0 0 0 0 0 0 0 0 0 0 0 0 0 0 0 0 0 0 0 0 0 0 0 0 0 0 0 0 0 0 0 0 0 0 0 0 0 0 0 0 0 0 0 0 0 0 0 0 0 0 0 0 0 0 0 0 0 0 0 0 0 0 0 0 0 0 0 0 0 0 0 0 0 0 0 0 0 0 0 0 0 0 0 0 0 0 0 0 0 0 0 0 0 0 0 0 0 0 0 0 0 0 0 0 0 0 0 0 0 0 0 0 0 0 0 0 0 0 0 0 0 0 0 0 0 0 0 0 0 0 0 0 0 0 0 0 0 0 0 0 0 0 0 0 0 0 0 0 0 0 0 0 0 0 0 0 0 0 0 0 0 0 0 0 0 0 0 0 0 0 0 0 0 0 0 0 0 0 0 0 0 0 0 0 0 0 0 0 0 0 0 0 0 0 0 0 0 0 0 0 0 0 0 0 0 0 0 0 0 0 0 0 0 0 0 0 0 0 0 0 0 0 0 0 0 0 0 0 0 0 0 0 0 0 0 0 0 0 0 0 0 0 0 0 0 0 0 0 0 0 0 0 0 0 0 0 0 0 0 0 0 0 0 0 0 0 0 0 0 0 0 0 0 0 0 0 0 0 0 0 0 0 0 0 0 0 0 0 0 0 0 0 0 0 0 0 0 0 0 0 0 0 0 0 0 0 0 0 0 0 0 0 0 0 0 0 0 0 0 0 0 0 0 0 0 0 0 0 0 0 0 0 0 0 0 0 0 0 0 0 0 0 0 0 0 0 0 0 0 0 0 0 0 0 0 0 0 0 0 0 0 0 0 0 0 0 0 0 0 0 0 0 0 0 0 0 0 0 0 0 0 0 0 0 0 0 0 0 0 0 0 0 0 0 0 0 0 0 0 0 0 0 0 0 0 0 0 0 0 0 0 0 0 0 0 0 0 0 0 0 0 0 0 0 0 0 0 0 0 0 0 0 0 0 0 0 0 0 0 0 0 0 0 0 0 0 0 0 0 0 0 0 0 0 0 0 0 0 0 0 0 0 0 0 0 0 0 0 0 0 0 0 0 0 0 0 0 0 0 0 0 0 0 0 0 0 0 0 0 0 0 0 0 0 0 0 0 0 0 0 0 0 0 0 0 0 0 0 0 0 0 0 0 0 0 0 0 0 0 0 0 0 0 0 0 0 0 0 0 0 0 0 0 0 0 0 0 0 0 0 0 0 0 0 0 0 0 0 0 0 0 0 0 0 0 0 0 0 0 0 0 0 0 0 0 0 0 0 0 0 0 0 0 0 0 0 0 0 0 0 0 0 0 0 0 0 0 0 0 0 0 0 0 0 0 0 0 0 0 0 0 0 0 0 0 0 0 0 0 0 0 0 0 0 0 0 0 0 0 0 0 0 0 0 0 0 0 0 0 0 0 0 0 0 0 0 0 0 0 0 0 0 0 0 0 0 0 0 0 0 0 0 0 0 0 0 0 0 0 0 0 0 0 0 0 0 0 0 0 0 0 0 0 0 0 0 0 0 0 0 0 0 0 0 0 0 0 0 0 0 0 0 0 0 0 0 0 0 0 0 0 0 0 0 0 0 0 0 0 0 0 0 0 0 0 0 0 0 0 0 0 0 0 0 0 0 0 0 0 0 0 0 0 0 0 0 0 0 0 0 0 0 0 0 0 0 0 0 0 0 0 0 0 0 0 0 0 0 0 0 0 0 0 0 0 0 0 0 0 0 0 0 0 0 0 0 0 0 0 0 0 0 0 0 0 0 0 0 0 0 0 0 0 0 0 0 0 0 0 0 0 0 0 0 0 0 0 0 0 0 0 0 0 0 0 0 0 0 0 0 0 0 0 0 0 0 0 0 0 0 0 0 0 0 0 0 0 0 0 0 0 0 0 0 0 0 0 0 0 0 0 0 0 0 0 0 0 0 0 0 0 0 0 0 0 0 0 0 0 0 0 0 0 0 0 0 0 0 0 0 0 0 0 0 0 0 0 0 0 0 0 0 0 0 0 0 0 0 0 0 0 0 0 0 0 0 0 0 0 0 0 0 0 0 0 0 0 0 0 0 0 0 0 0 0 0 0 0 0 0 0 0 0 0 0 0 0 0 0 0 0 0 0 0 0 0 0 0 0 0 0 0 0 0 0 0 0 0 0 0 0 0 0 0 0 0 0 0 0 0 0 0 0 0 0 0 0 0 0 0 0 0 0 0 0 0 0 0 0 0 0 0 0 0 0 0 0 0 0 0 0 0 0 0 0 0 0 0 0 0 0 0 0 0 0 0 0 0 0 0 0 0 0 0 0 0 0 0 0 0 0 0 0 0 0 0 0 0 0 0 0 0 0 0 0 0 0 0 0 0 0 0 0 0 0 0 0 0 0 0 0 0 0 0 0 0 0 0 0 0 0 0 0 0 0 0 0 0 0 0 0 0 0 0 0 0 0 0 0 0 0 0 0 0 0 0 0 0 0 0 0 0 0 0 0 0 0 0 0 0 0 0 0 0 0 0 0 0 0 0 0 0 0 0 0 0 0 0 0 0 0 0 0 0 0 0 0 0 0 0 0 0 0 0 0 0 0 0 0 0 0 0 0 0 0 0 0 0 0 0 0 0 0 0 0 0 0 0 0 0 0 0 0 0 0 0 0 0 0 0 0 0 0 0 0 0 0 0 0 0 0 0 0 0 0 0 0 0 0 0 0 0 0 0 0 0 0 0 0 0 0 0 0 0 0 0 0 0 0 0 0 0 0 0 0 0 0 0 0 0 0 0 0 0 0 0 0 0 0 0 0 0 0 0 0 0 0 0 0 0 0 0 0 0 0 0 0 0 0 0 0 0 0 0 0 0 0 0 0 0 0 0 0 0 0 0 0 0 0 0 0 0 0 0 0 0 0 0 0 0 0 0 0 0 0 0 0 0 0 0 0 0 0 0 0 0 0 0 0 0 0 0 0 0 0 0 0 0 0 0 0 0 0 0 0 0 0 0 0 0 0 0 0 0 0 0 0 0 0 0 0 0 0 0 0 0 0 0 0 0 0 0 0 0 0 0 0 0 0 0 0 0 0 0 0 0 0 0 0 0 0 0 0 0 0 0 0 0 0 0 0 0 0 0 0 0 0 0 0 0 0 0 0 0 0 0 0 0 0 0 0 0 0 0 0 0 0 0 0 0 0 0 0 0 0 0 0 0 0 0 0 0 0 0 0 0 0 0 0 0 0 0 0 0 0 0 0 0 0 0 0 0 0 0 0 0 0 0 0 0 0 0 0 0 0 0 0 0 0 0 0 0 0 0 0 0 0 0 0 0 0 0 0 0 0 0 0 0 0 0 0 0 0 0 0 0 0 0 0 0 0 0 0 0 0 0 0 0 0 0 0 0 0 0 0 0 0 0 0 0 0 0 0 0 0 0 0 0 0 0 0 0 0 0 0 0 0 0 0 0 0 0 0 0 0 0 0 0 0 0 0 0 0 0 0 0 0 0 0 0 0 0 0 0 0 0 0 0 0 0 0 0 0 0 0 0 0 0 0 0 0 0 0 0 0 0 0 0 0 0 0 0 0 0 0 0 0 0 0 0 0 0 0 0 0 0 0 0 0 0 0 0 0 0 0 0 0 0 0 0 0 0 0 0 0 0 0 0 0 0 0 0 0 0 0 0 0 0 0 0 0 0 0 0 0 0 0 0 0 0 0 0 0 0 0 0 0 0 0 0 0 0 0 0 0 0 0 0 0 0 0 0 0 0 0 0 0 0 0 0 0 0 0 0 0 0 0 0 0 0 0 0 0 0 0 0 0 0 0 0 0 0 0 0 0 0 0 0 0 0 0 0 0 0 0 0 0 0 0 0 0 0 0 0 0 0 0 0 0 0 0 0 0 0 0 0 0 0 0 0 0 0 0 0 0 0 0 0 0 0 0 0 0 0 0 0 0 0 0 0 0 0 0 0 0 0 0 0 0 0 0 0 0 0 0 0 0 0 0 0 0 0 0 0 0 0 0 0 0 0 0 0 0 0 0 0 0 0 0 0 0 0 0 0 0 0 0 0 0 0 0 0 0 0 0 0 0 0 0 0 0 0 0 0 0 0 0 0 0 0 0 0 0 0 0 0 0 0 0 0 0 0 0 0 0 0 0 0 0 0 0 0 0 0 0 0 0 0 0 0 0 0 0 0 0 0 0 0 0 0 0 0 0 0 0 0 0 0 0 0 0 0 0 0 0 0 0 0 0 0 0 0 0 0 0 0 0 0 0 0 0 0 0 0 0 0 0 0 0 0 0 0 0 0 0 0 0 0 0 0 0 0 0 0 0 0 0 0 0 0 0 0 0 0 0 0 0 0 0 0 0 0 0 0 0 0 0 0 0 0 0 0 0 0 0 0 0 0 0 0 0 0 0 0 0 0 0 0 0 0 0 0 0 0 0 0 0 0 0 0 0 0 0 0 0 0 0 0 0 0 0 0 0 0 0 0 0 0 0 0 0 0 0 0 0 0 0 0 0 0 0 0 0 0 0 0 0 0 0 0 0 0 0 0 0 0 0 0 0 0 0 0 0 0 0 0 0 0 0 0 0 0 0 0 0 0 0 0 0 0 0 0 0 0 0 0 0 0 0 0 0 0 0 0 0 0 0 0 0 0 0 0 0 0 0 0 0 0 0 0 0 0 0 0 0 0 0 0 0 0 0 0 0 0 0 0 0 0 0 0 0 0 0 0 0 0 0 0 0 0 0 0 0 0 0 0 0 0 0 0 0 0 0 0 0 0 0 0 0 0 0 0 0 0 0 0 0 0 0 0 0 0 0 0 0 0 0 0 0 0 0 0 0 0 0 0 0 0 0 0 0 0 0 0 0 0 0 0 0 0 0 0 0 0 0 0 0 0 0 0 0 0 0 0 0 0 0 0 0 0 0 0 0 0 0 0 0 0 0 0 0 0 0 0 0 0 0 0 0 0 0 0 0 0 0 0 0 0 0 0 0 0 0 0 0 0 0 0 0 0 0 0 0 0 0 0 0 0 0 0 0 0 0 0 0 0 0 0 0 0 0 0 0 0 0 0 0 0 0 0 0 0 0 0 0 0 0 0 0 0 0 0 0 0 0 0 0 0 0 0 0 0 0 0 0 0 0 0 0 0 0 0 0 0 0 0 0 0 0 0 0 0 0 0 0 0 0 0 0 0 0 0 0 0 0 0 0 0 0 0 0 0 0 0 0 0 0 0 0 0 0 0 0 0 0 0 0 0 0 0 0 0 0 0 0 0 0 0 0 0 0 0 0 0 0 0 0 0 0 0 0 0 0 0 0 0 0 0 0 0 0 0 0 0 0 0 0 0 0 0 0 0 0 0 0 0 0 0 0 0 0 0 0 0 0 0 0 0 0 0 0 0 0 0 0 0 0 0 0 0 0 0 0 0 0 0 0 0 0 0 0 0 0 0 0 0 0 0 0 0 0 0 0 0 0 0 0 0 0 0 0 0 0 0 0 0 0 0 0 0 0 0 0 0 0 0 0 0 0 0 0 0 0 0 0 0 0 0 0 0 0 0 0 0 0 0 0 0 0 0 0 0 0 0 0 0 0 0 0 0 0 0 0 0 0 0 0 0 0 0 0 0 0 0 0 0 0 0 0 0 0 0 0 0 0 0 0 0 0 0 0 0 0 0 0 0 0 0 0 0 0 0 0 0 0 0 0 0 0 0 0 0 0 0 0 0 0 0 0 0 0 0 0 0 0 0 0 0 0 0 0 0 0 0 0 0 0 0 0 0 0 0 0 0 0 0 0 0 0 0 0 0 0 0 0 0 0 0 0 0 0 0 0 0 0 0 0 0 0 0 0 0 0 0 0 0 0 0 0 0 0 0 0 0 0 0 0 0 0 0 0 0 0 0 0 0 0 0 0 0 0 0 0 0 0 0 0 0 0 0 0 0 0 0 0 0 0 0 0 0 0 0 0 0 0 0 0 0 0 0 0 0 0 0 0 0 0 0 0 0 0 0 0 0 0 0 0 0 0 0 0 0 0 0 0 0 0 0 0 0 0 0 0 0 0 0 0 0 0 0 0 0 0 0 0 0 0 0 0 0 0 0 0 0 0 0 0 0 0 0 0 0 0 0 0 0 0 0 0 0 0 0 0 0 0 0 0 0 0 0 0 0 0 0 0 0 0 0 0 0 0 0 0 0 0 0 0 0 0 0 0 0 0 0 0 0 0 0 0 0 0 0 0 0 0 0 0 0 0 0 0 0 0 0 0 0 0 0 0 0 0 0 0 0 0 0 0 0 0 0 0 0 0 0 0 0 0 0 0 0 0 0 0 0 0 0 0 0 0 0 0 0 0 0 0 0 0 0 0 0 0 0 0 0 0 0 0 0 0 0 0 0 0 0 0 0 0 0 0 0 0 0 0 0 0 0 0 0 0 0 0 0 0 0 0 0 0 0 0 0 0 0 0 0 0 0 0 0 0 0 0 0 0 0 0 0 0 0 0 0 0 0 0 0 0 0 0 0 0 0 0 0 0 0 0 0 0 0 0 0 0 0 0 0 0 0 0 0 0 0 0 0 0 0 0 0 0 0 0 0 0 0 0 0 0 0 0 0 0 0 0 0 0 0 0 0 0 0 0 0 0 0 0 0 0 0 0 0 0 0 0 0 0 0 0 0 0 0 0 0 0 0 0 0 0 0 0 0 0 0 0 0 0 0 0 0 0 0 0 0 0 0 0 0 0 0 0 0 0 0 0 0 0 0 0 0 0 0 0 0 0 0 0 0 0 0 0 0 0 0 0 0 0 0 0 0 0 0 0 0 0 0 0 0 0 0 0 0 0 0 0 0 0 0 0 0 0 0 0 0 0 0 0 0 0 0 0 0 0 0 0 0 0 0 0 0 0 0 0 0 0 0 0 0 0 0 0 0 0 0 0 0 0 0 0 0 0 0 0 0 0 0 0 0 0 0 0 0 0 0 0 0 0 0 0 0 0 0 0 0 0 0 0 0 0 0 0 0 0 0 0 0 0 0 0 0 0 0 0 0 0 0 0 0 0 0 0 0 0 0 0 0 0 0 0 0 0 0 0 0 0 0 0 0 0 0 0 0 0 0 0 0 0 0 0 0 0 0 0 0 0 0 0 0 0 0 0 0 0 0 0 0 0 0 0 0 0 0 0 0 0 0 0 0 0 0 0 0 0 0 0 0 0 0 0 0 0 0 0 0 0 0 0 0 0 0 0 0 0 0 0 0 0 0 0 0 0 0 0 0 0 0 0 0 0 0 0 0 0 0 0 0 0 0 0 0 0 0 0 0 0 0 0 0 0 0 0 0 0 0 0 0 0 0 0 0 0 0 0 0 0 0 0 0 0 0 0 0 0 0 0 0 0 0 0 0 0 0 0 0 0 0 0 0 0 0 0 0 0 0 0 0 0 0 0 0 0 0 0 0 0 0 0 0 0 0 0 0 0 0 0 0 0 0 0 0 0 0 0 0 0 0 0 0 0 0 0 0 0 0 0 0 0 0 0 0 0 0 0 0 0 0 0 0 0 0 0 0 0 0 0 0 0 0 0 0 0 0 0 0 0 0 0 0 0 0 0 0 0 0 0 0 0 0 0 0 0 0 0 0 0 0 0 0 0 0 0 0 0 0 0 0 0 0 0 0 0 0 0 0 0 0 0 0 0 0 0 0 0 0 0 0 0 0 0 0 0 0 0 0 0 0 0 0 0 0 0 0 0 0 0 0 0 0 0 0 0 0 0 0 0 0 0 0 0 0 0 0 0 0 0 0 0 0 0 0 0 0 0 0 0 0 0 0 0 0 0 0 0 0 0 0 0 0 0 0 0 0 0 0 0 0 0 0 0 0 0 0 0 0 0 0 0 0 0 0 0 0 0 0 0 0 0 0 0 0 0 0 0 0 0 0 0 0 0 0 0 0 0 0 0 0 0 0 0 0 0 0 0 0 0 0 0 0 0 0 0 0 0 0 0 0 0 0 0 0 0 0 0 0 0 0 0 0 0 0 0 0 0 0 0 0 0 0 0 0 0 0 0 0 0 0 0 0 0 0 0 0 0 0 0 0 0 0 0 0 0 0 0 0 0 0 0 0 0 0 0 0 0 0 0 0 0 0 0 0 0 0 0 0 0 0 0 0 0 0 0 0 0 0 0 0 0 0 0 0 0 0 0 0 0 0 0 0 0 0 0 0 0 0 0 0 0 0 0 0 0 0 0 0 0 0 0 0 0 0 0 0 0 0 0 0 0 0 0 0 0 0 0 0 0 0 0 0 0 0 0 0 0 0 0 0 0 0 0 0 0 0 0 0 0 0 0 0 0 0 0 0 0 0 0 0 0 0 0 0 0 0 0 0 0 0 0 0 0 0 0 0 0 0 0 0 0 0 0 0 0 0 0 0 0 0 0 0 0 0 0 0 0 0 0 0 0 0 0 0 0 0 0 0 0 0 0 0 0 0 0 0 0 0 0 0 0 0 0 0 0 0 0 0 0 0 0 0 0 0 0 0 0 0 0 0 0 0 0 0 0 0 0 0 0 0 0 0 0 0 0 0 0 0 0 0 0 0 0 0 0 0 0 0 0 0 0 0 0 0 0 0 0 0 0 0 0 0 0 0 0 0 0 0 0 0 0 0 0 0 0 0 0 0 0 0 0 0 0 0 0 0 0 0 0 0 0 0 0 0 0 0 0 0 0 0 0 0 0 0 0 0 0 0 0 0 0 0 0 0 0 0 0 0 0 0 0 0 0 0 0 0 0 0 0 0 0 0 0 0 0 0 0 0 0 0 0 0 0 0 0 0 0 0 0 0 0 0 0 0 0 0 0 0 0 0 0 0 0 0 0 0 0 0 0 0 0 0 0 0 0 0 0 0 0 0 0 0 0 0 0 0 0 0 0 0 0 0 0 0 0 0 0 0 0 0 0 0 0 0 0 0 0 0 0 0 0 0 0 0 0 0 0 0 0 0 0 0 0 0 0 0 0 0 0 0 0 0 0 0 0 0 0 0 0 0 0 0 0 0 0 0 0 0 0 0 0 0 0 0 0 0 0 0 0 0 0 0 0 0 0 0 0 0 0 0 0 0 0 0 0 0 0 0 0 0 0 0 0 0 0 0 0 0 0 0 0 0 0 0 0 0 0 0 0 0 0 0 0 0 0 0 0 0 0 0 0 0 0 0 0 0 0 0 0 0 0 0 0 0 0 0 0 0 0 0 0 0 0 0 0 0 0 0 0 0 0 0 0 0 0 0 0 0 0 0 0 0 0 0 0 0 0 0 0 0 0 0 0 0 0 0 0 0 0 0 0 0 0 0 0 0 0 0 0 0 0 0 0 0 0 0 0 0 0 0 0 0 0 0 0 0 0 0 0 0 0 0 0 0 0 0 0 0 0 0 0 0 0 0 0 0 0 0 0 0 0 0 0 0 0 0 0 0 0 0 0 0 0 0 0 0 0 0 0 0 0 0 0 0 0 0 0 0 0 0 0 0 0 0 0 0 0 0 0 0 0 0 0 0 0 0 0 0 0 0 0 0 0 0 0 0 0 0 0 0 0 0 0 0 0 0 0 0 0 0 0 0 0 0 0 0 0 0 0 0 0 0 0 0 0 0 0 0 0 0 0 0 0 0 0 0 0 0 0 0 0 0 0 0 0 0 0 0 0 0 0 0 0 0 0 0 0 0 0 0 0 0 0 0 0 0 0 0 0 0 0 0 0 0 0 0 0 0 0 0 0 0 0 0 0 0 0 0 0 0 0 0 0 0 0 0 0 0 0 0 0 0 0 0 0 0 0 0 0 0 0 0 0 0 0 0 0 0 0 0 0 0 0 0 0 0 0 0 0 0 0 0 0 0 0 0 0 0 0 0 0 0 0 0 0 0 0 0 0 0 0 0 0 0 0 0 0 0 0 0 0 0 0 0 0 0 0 0 0 0 0 0 0 0 0 0 0 0 0 0 0 0 0 0 0 0 0 0 0 0 0 0 0 0 0 0 0 0 0 0 0 0 0 0 0 0 0 0 0 0 0 0 0 0 0 0 0 0 0 0 0 0 0 0 0 0 0 0 0 0 0 0 0 0 0 0 0 0 0 0 0 0 0 0 0 0 0 0 0 0 0 0 0 0 0 0 0 0 0 0 0 0 0 0 0 0 0 0 0 0 0 0 0 0 0 0 0 0 0 0 0 0 0 0 0 0 0 0 0 0 0 0 0 0 0 0 0 0 0 0 0 0 0 0 0 0 0 0 0 0 0 0 0 0 0 0 0 0 0 0 0 0 0 0 0 0 0 0 0 0 0 0 0 0 0 0 0 0 0 0 0 0 0 0 0 0 0 0 0 0 0 0 0 0 0 0 0 0 0 0 0 0 0 0 0 0 0 0 0 0 0 0 0 0 0 0 0 0 0 0 0 0 0 0 0 0 0 0 0 0 0 0 0 0 0 0 0 0 0 0 0 0 0 0 0 0 0 0 0 0 0 0 0 0 0 0 0 0 0 0 0 0 0 0 0 0 0 0 0 0 0 0 0 0 0 0 0 0 0 0 0 0 0 0 0 0 0 0 0 0 0 0 0 0 0 0 0 0 0 0 0 0 0 0 0 0 0 0 0 0 0 0 0 0 0 0 0 0 0 0 0 0 0 0 0 0 0 0 0 0 0 0 0 0 0 0 0 0 0 0 0 0 0 0 0 0 0 0 0 0 0 0 0 0 0 0 0 0 0 0 0 0 0 0 0 0 0 0 0 0 0 0 0 0 0 0 0 0 0 0 0 0 0 0 0 0 0 0 0 0 0 0 0 0 0 0 0 0 0 0 0 0 0 0 0 0 0 0 0 0 0 0 0 0 0 0 0 0 0 0 0 0 0 0 0 0 0 0 0 0 0 0 0 0 0 0 0 0 0 0 0 0 0 0 0 0 0 0 0 0 0 0 0 0 0 0 0 0 0 0 0 0 0 0 0 0 0 0 0 0 0 0 0 0 0 0 0 0 0 0 0 0 0 0 0 0 0 0 0 0 0 0 0 0 0 0 0 0 0 0 0 0 0 0 0 0 0 0 0 0 0 0 0 0 0 0 0 0 0 0 0 0 0 0 0 0 0 0 0 0 0 0 0 0 0 0 0 0 0 0 0 0 0 0 0 0 0 0 0 0 0 0 0 0 0 0 0 0 0 0 0 0 0 0 0 0 0 0 0 0 0 0 0 0 0 0 0 0 0 0 0 0 0 0 0 0 0 0 0 0 0 0 0 0 0 0 0 0 0 0 0 0 0 0 0 0 0 0 0 0 0 0 0 0 0 0 0 0 0 0 0 0 0 0 0 0 0 0 0 0 0 0 0 0 0 0 0 0 0 0 0 0 0 0 0 0 0 0 0 0 0 0 0 0 0 0 0 0 0 0 0 0 0 0 0 0 0 0 0 0 0 0 0 0 0 0 0 0 0 0 0 0 0 0 0 0 0 0 0 0 0 0 0 0 0 0 0 0 0 0 0 0 0 0 0 0 0 0 0 0 0 0 0 0 0 0 0 0 0 0 0 0 0 0 0 0 0 0 0 0 0 0 0 0 0 0 0 0 0 0 0 0 0 0 0 0 0 0 0 0 0 0 0 0 0 0 0 0 0 0 0 0 0 0 0 0 0 0 0 0 0 0 0 0 0 0 0 0 0 0 0 0 0 0 0 0 0 0 0 0 0 0 0 0 0 0 0 0 0 0 0 0 0 0 0 0 0 0 0 0 0 0 0 0 0 0 0 0 0 0 0 0 0 0 0 0 0 0 0 0 0 0 0 0 0 0 0 0 0 0 0 0 0 0 0 0 0 0 0 0 0 0 0 0 0 0 0 0 0 0 0 0 0 0 0 0 0 0 0 0 0 0 0 0 0 0 0 0 0 0 0 0 0 0 0 0 0 0 0 0 0 0 0 0 0 0 0 0 0 0 0 0 0 0 0 0 0 0 0 0 0 0 0 0 0 0 0 0 0 0 0 0 0 0 0 0 0 0 0 0 0 0 0 0 0 0 0 0 0 0 0 0 0 0 0 0 0 0 0 0 0 0 0 0 0 0 0 0 0 0 0 0 0 0 0 0 0 0 0 0 0 0 0 0 0 0 0 0 0 0 0 0 0 0 0 0 0 0 0 0 0 0 0 0 0 0 0 0 0 0 0 0 0 0 0 0 0 0 0 0 0 0 0 0 0 0 0 0 0 0 0 0 0 0 0 0 0 0 0 0 0 0 0 0 0 0 0 0 0 0 0 0 0 0 0 0 0 0 0 0 0 0 0 0 0 0 0 0 0 0 0 0 0 0 0 0 0 0 0 0 0 0 0 0 0 0 0 0 0 0 0 0 0 0 0 0 0 0 0 0 0 0 0 0 0 0 0 0 0 0 0 0 0 0 0 0 0 0 0 0 0 0 0 0 0 0 0 0 0 0 0 0 0 0 0 0 0 0 0 0 0 0 0 0 0 0 0 0 0 0 0 0 0 0 0 0 0 0 0 0 0 0 0 0 0 0 0 0 0 0 0 0 0 0 0 0 0 0 0 0 0 0 0 0 0 0 0 0 0 0 0 0 0 0 0 0 0 0 0 0 0 0 0 0 0 0 0 0 0 0 0 0 0 0 0 0 0 0 0 0 0 0 0 0 0 0 0 0 0 0 0 0 0 0 0 0 0 0 0 0 0 0 0 0 0 0 0 0 0 0 0 0 0 0 0 0 0 0 0 0 0 0 0 0 0 0 0 0 0 0 0 0 0 0 0 0 0 0 0 0 0 0 0 0 0 0 0 0 0 0 0 0 0 0 0 0 0 0 0 0 0 0 0 0 0 0 0 0 0 0 0 0 0 0 0 0 0 0 0 0 0 0 0 0 0 0 0 0 0 0 0 0 0 0 0 0 0 0 0 0 0 0 0 0 0 0 0 0 0 0 0 0 0 0 0 0 0 0 0 0 0 0 0 0 0 0 0 0 0 0 0 0 0 0 0 0 0 0 0 0 0 0 0 0 0 0 0 0 0 0 0 0 0 0 0 0 0 0 0 0 0 0 0 0 0 0 0 0 0 0 0 0 0 0 0 0 0 0 0 0 0 0 0 0 0 0 0 0 0 0 0 0 0 0 0 0 0 0 0 0 0 0 0 0 0 0 0 0 0 0 0 0 0 0 0 0 0 0 0 0 0 0 0 0 0 0 0 0 0 0 0 0 0 0 0 0 0 0 0 0 0 0 0 0 0 0 0 0 0 0 0 0 0 0 0 0 0 0 0 0 0 0 0 0 0 0 0 0 0 0 0 0 0 0 0 0 0 0 0 0 0 0 0 0 0 0 0 0 0 0 0 0 0 0 0 0 0 0 0 0 0 0 0 0 0 0 0 0 0 0 0 0 0 0 0 0 0 0 0 0 0 0 0 0 0 0 0 0 0 0 0 0 0 0 0 0 0 0 0 0 0 0 0 0 0 0 0 0 0 0 0 0 0 0 0 0 0 0 0 0 0 0 0 0 0 0 0 0 0 0 0 0 0 0 0 0 0 0 0 0 0 0 0 0 0 0 0 0 0 0 0 0 0 0 0 0 0 0 0 0 0 0 0 0 0 0 0 0 0 0 0 0 0 0 0 0 0 0 0 0 0 0 0 0 0 0 0 0 0 0 0 0 0 0 0 0 0 0 0 0 0 0 0 0 0 0 0 0 0 0 0 0 0 0 0 0 0 0 0 0 0 0 0 0 0 0 0 0 0 0 0 0 0 0 0 0 0 0 0 0 0 0 0 0 0 0 0 0 0 0 0 0 0 0 0 0 0 0 0 0 0 0 0 0 0 0 0 0 0 0 0 0 0 0 0 0 0 0 0 0 0 0 0 0 0 0 0 0 0 0 0 0 0 0 0 0 0 0 0 0 0 0 0 0 0 0 0 0 0 0 0 0 0 0 0 0 0 0 0 0 0 0 0 0 0 0 0 0 0 0 0 0 0 0 0 0 0 0 0 0 0 0 0 0 0 0 0 0 0 0 0 0 0 0 0 0 0 0 0 0 0 0 0 0 0 0 0 0 0 0 0 0 0 0 0 0 0 0 0 0 0 0 0 0 0 0 0 0 0 0 0 0 0 0 0 0 0 0 0 0 0 0 0 0 0 0 0 0 0 0 0 0 0 0 0 0 0 0 0 0 0 0 0 0 0 0 0 0 0 0 0 0 0 0 0 0 0 0 0 0 0 0 0 0 0 0 0 0 0 0 0 0 0 0 0 0 0 0 0 0 0 0 0 0 0 0 0 0 0 0 0 0 0 0 0 0 0 0 0 0 0 0 0 0 0 0 0 0 0 0 0 0 0 0 0 0 0 0 0 0 0 0 0 0 0 0 0 0 0 0 0 0 0 0 0 0 0 0 0 0 0 0 0 0 0 0 0 0 0 0 0 0 0 0 0 0 0 0 0 0 0 0 0 0 0 0 0 0 0 0 0 0 0 0 0 0 0 0 0 0 0 0 0 0 0 0 0 0 0 0 0 0 0 0 0 0 0 0 0 0 0 0 0 0 0 0 0 0 0 0 0 0 0 0 0 0 0 0 0 0 0 0 0 0 0 0 0 0 0 0 0 0 0 0 0 0 0 0 0 0 0 0 0 0 0 0 0 0 0 0 0 0 0 0 0 0 0 0 0 0 0 0 0 0 0 0 0 0 0 0 0 0 0 0 0 0 0 0 0 0 0 0 0 0 0 0 0 0 0 0 0 0 0 0 0 0 0 0 0 0 0 0 0 0 0 0 0 0 0 0 0 0 0 0 0 0 0 0 0 0 0 0 0 0 0 0 0 0 0 0 0 0 0 0 0 0 0 0 0 0 0 0 0 0 0 0 0 0 0 0 0 0 0 0 0 0 0 0 0 0 0 0 0 0 0 0 0 0 0 0 0 0 0 0 0 0 0 0 0 0 0 0 0 0 0 0 0 0 0 0 0 0 0 0 0 0 0 0 0 0 0 0 0 0 0 0 0 0 0 0 0 0 0 0 0 0 0 0 0 0 0 0 0 0 0 0 0 0 0 0 0 0 0 0 0 0 0 0 0 0 0 0 0 0 0 0 0 0 0 0 0 0 0 0 0 0 0 0 0 0 0 0 0 0 0 0 0 0 0 0 0 0 0 0 0 0 0 0 0 0 0 0 0 0 0 0 0 0 0 0 0 0 0 0 0 0 0 0 0 0 0 0 0 0 0 0 0 0 0 0 0 0 0 0 0 0 0 0 0 0 0 0 0 0 0 0 0 0 0 0 0 0 0 0 0 0 0 0 0 0 0 0 0 0 0 0 0 0 0 0 0 0 0 0 0 0 0 0 0 0 0 0 0 0 0 0 0 0 0 0 0 0 0 0 0 0 0 0 0 0 0 0 0 0 0 0 0 0 0 0 0 0 0 0 0 0 0 0 0 0 0 0 0 0 0 0 0 0 0 0 0 0 0 0 0 0 0 0 0 0 0 0 0 0 0 0 0 0 0 0 0 0 0 0 0 0 0 0 0 0 0 0 0 0 0 0 0 0 0 0 0 0 0 0 0 0 0 0 0 0 0 0 0 0 0 0 0 0 0 0 0 0 0 0 0 0 0 0 0 0 0 0 0 0 0 0 0 0 0 0 0 0 0 0 0 0 0 0 0 0 0 0 0 0 0 0 0 0 0 0 0 0 0 0 0 0 0 0 0 0 0 0 0 0 0 0 0 0 0 0 0 0 0 0 0 0 0 0 0 0 0 0 0 0 0 0 0 0 0 0 0 0 0 0 0 0 0 0 0 0 0 0 0 0 0 0 0 0 0 0 0 0 0 0 0 0 0 0 0 0 0 0 0 0 0 0 0 0 0 0 0 0 0 0 0 0 0 0 0 0 0 0 0 0 0 0 0 0 0 0 0 0 0 0 0 0 0 0 0 0 0 0 0 0 0 0 0 0 0 0 0 0 0 0 0 0 0 0 0 0 0 0 0 0 0 0 0 0 0 0 0 0 0 0 0 0 0 0 0 0 0 0 0 0 0 0 0 0 0 0 0 0 0 0 0 0 0 0 0 0 0 0 0 0 0 0 0 0 0 0 0 0 0 0 0 0 0 0 0 0 0 0 0 0 0 0 0 0 0 0 0 0 0 0 0 0 0 0 0 0 0 0 0 0 0 0 0 0 0 0 0 0 0 0 0 0 0 0 0 0 0 0 0 0 0 0 0 0 0 0 0 0 0 0 0 0 0 0 0 0 0 0 0 0 0 0 0 0 0 0 0 0 0 0 0 0 0 0 0 0 0 0 0 0 0 0 0 0 0 0 0 0 0 0 0 0 0 0 0 0 0 0 0 0 0 0 0 0 0 0 0 0 0 0 0 0 0 0 0 0 0 0 0 0 0 0 0 0 0 0 0 0 0 0 0 0 0 0 0 0 0 0 0 0 0 0 0 0 0 0 0 0 0 0 0 0 0 0 0 0 0 0 0 0 0 0 0 0 0 0 0 0 0 0 0 0 0 0 0 0 0 0 0 0 0 0 0 0 0 0 0 0 0 0 0 0 0 0 0 0 0 0 0 0 0 0 0 0 0 0 0 0 0 0 0 0 0 0 0 0 0 0 0 0 0 0 0 0 0 0 0 0 0 0 0 0 0 0 0 0 0 0 0 0 0 0 0 0 0 0 0 0 0 0 0 0 0 0 0 0 0 0 0 0 0 0 0 0 0 0 0 0 0 0 0 0 0 0 0 0 0 0 0 0 0 0 0 0 0 0 0 0 0 0 0 0 0 0 0 0 0 0 0 0 0 0 0 0 0 0 0 0 0 0 0 0 0 0 0 0 0 0 0 0 0 0 0 0 0 0 0 0 0 0 0 0 0 0 0 0 0 0 0 0 0 0 0 0 0 0 0 0 0 0 0 0 0 0 0 0 0 0 0 0 0 0 0 0 0 0 0 0 0 0 0 0 0 0 0 0 0 0 0 0 0 0 0 0 0 0 0 0 0 0 0 0 0 0 0 0 0 0 0 0 0 0 0 0 0 0 0 0 0 0 0 0 0 0 0 0 0 0 0 0 0 0 0 0 0 0 0 0 0 0 0 0 0 0 0 0 0 0 0 0 0 0 0 0 0 0 0 0 0 0 0 0 0 0 0 0 0 0 0 0 0 0 0 0 0 0 0 0 0 0 0 0 0 0 0 0 0 0 0 0 0 0 0 0 0 0 0 0 0 0 0 0 0 0 0 0 0 0 0 0 0 0 0 0 0 0 0 0 0 0 0 0 0 0 0 0 0 0 0 0 0 0 0 0 0 0 0 0 0 0 0 0 0 0 0 0 0 0 0 0 0 0 0 0 0 0 0 0 0 0 0 0 0 0 0 0 0 0 0 0 0 0 0 0 0 0 0 0 0 0 0 0 0 0 0 0 0 0 0 0 0 0 0 0 0 0 0 0 0 0 0 0 0 0 0 0 0 0 0 0 0 0 0 0 0 0 0 0 0 0 0 0 0 0 0 0 0 0 0 0 0 0 0 0 0 0 0 0 0 0 0 0 0 0 0 0 0 0 0 0 0 0 0 0 0 0 0 0 0 0 0 0 0 0 0 0 0 0 0 0 0 0 0 0 0 0 0 0 0 0 0 0 0 0 0 0 0 0 0 0 0 0 0 0 0 0 0 0 0 0 0 0 0 0 0 0 0 0 0 0 0 0 0 0 0 0 0 0 0 0 0 0 0 0 0 0 0 0 0 0 0 0 0 0 0 0 0 0 0 0 0 0 0 0 0 0 0 0 0 0 0 0 0 0 0 0 0 0 0 0 0 0 0 0 0 0 0 0 0 0 0 0 0 0 0 0 0 0 0 0 0 0 0 0 0 0 0 0 0 0 0 0 0 0 0 0 0 0 0 0 0 0 0 0 0 0 0 0 0 0 0 0 0 0 0 0 0 0 0 0 0 0 0 0 0 0 0 0 0 0 0 0 0 0 0 0 0 0 0 0 0 0 0 0 0 0 0 0 0 0 0 0 0 0 0 0 0 0 0 0 0 0 0 0 0 0 0 0 0 0 0 0 0 0 0 0 0 0 0 0 0 0 0 0 0 0 0 0 0 0 0 0 0 0 0 0 0 0 0 0 0 0 0 0 0 0 0 0 0 0 0 0 0 0 0 0 0 0 0 0 0 0 0 0 0 0 0 0 0 0 0 0 0 0 0 0 0 0 0 0 0 0 0 0 0 0 0 0 0 0 0 0 0 0 0 0 0 0 0 0 0 0 0 0 0 0 0 0 0 0 0 0 0 0 0 0 0 0 0 0 0 0 0 0 0 0 0 0 0 0 0 0 0 0 0 0 0 0 0 0 0 0 0 0 0 0 0 0 0 0 0 0 0 0 0 0 0 0 0 0 0 0 0 0 0 0 0 0 0 0 0 0 0 0 0 0 0 0 0 0 0 0 0 0 0 0 0 0 0 0 0 0 0 0 0 0 0 0 0 0 0 0 0 0 0 0 0 0 0 0 0 0 0 0 0 0 0 0 0 0 0 0 0 0 0 0 0 0 0 0 0 0 0 0 0 0 0 0 0 0 0 0 0 0 0 0 0 0 0 0 0 0 0 0 0 0 0 0 0 0 0 0 0 0 0 0 0 0 0 0 0 0 0 0 0 0 0 0 0 0 0 0 0 0 0 0 0 0 0 0 0 0 0 0 0 0 0 0 0 0 0 0 0 0 0 0 0 0 0 0 0 0 0 0 0 0 0 0 0 0 0 0 0 0 0 0 0 0 0 0 0 0 0 0 0 0 0 0 0 0 0 0 0 0 0 0 0 0 0 0 0 0 0 0 0 0 0 0 0 0 0 0 0 0 0 0 0 0 0 0 0 0 0 0 0 0 0 0 0 0 0 0 0 0 0 0 0 0 0 0 0 0 0 0 0 0 0 0 0 0 0 0 0 0 0 0 0 0 0 0 0 0 0 0 0 0 0 0 0 0 0 0 0 0 0 0 0 0 0 0 0 0 0 0 0 0 0 0 0 0 0 0 0 0 0 0 0 0 0 0 0 0 0 0 0 0 0 0 0 0 0 0 0 0 0 0 0 0 0 0 0 0 0 0 0 0 0 0 0 0 0 0 0 0 0 0 0 0 0 0 0 0 0 0 0 0 0 0 0 0 0 0 0 0 0 0 0 0 0 0 0 0 0 0 0 0 0 0 0 0 0 0 0 0 0 0 0 0 0 0 0 0 0 0 0 0 0 0 0 0 0 0 0 0 0 0 0 0 0 0 0 0 0 0 0 0 0 0 0 0 0 0 0 0 0 0 0 0 0 0 0 0 0 0 0 0 0 0 0 0 0 0 0 0 0 0 0 0 0 0 0 0 0 0 0 0 0 0 0 0 0 0 0 0 0 0 0 0 0 0 0 0 0 0 0 0 0 0 0 0 0 0 0 0 0 0 0 0 0 0 0 0 0 0 0 0 0 0 0 0 0 0 0 0 0 0 0 0 0 0 0 0 0 0 0 0 0 0 0 0 0 0 0 0 0 0 0 0 0 0 0 0 0 0 0 0 0 0 0 0 0 0 0 0 0 0 0 0 0 0 0 0 0 0 0 0 0 0 0 0 0 0 0 0 0 0 0 0 0 0 0 0 0 0 0 0 0 0 0 0 0 0 0 0 0 0 0 0 0 0 0 0 0 0 0 0 0 0 0 0 0 0 0 0 0 0 0 0 0 0 0 0 0 0 0 0 0 0 0 0 0 0 0 0 0 0 0 0 0 0 0 0 0 0 0 0 0 0 0 0 0 0 0 0 0 0 0 0 0 0 0 0 0 0 0 0 0 0 0 0 0 0 0 0 0 0 0 0 0 0 0 0 0 0 0 0 0 0 0 0 0 0 0 0 0 0 0 0 0 0 0 0 0 0 0 0 0 0 0 0 0 0 0 0 0 0 0 0 0 0 0 0 0 0 0 0 0 0 0 0 0 0 0 0 0 0 0 0 0 0 0 0 0 0 0 0 0 0 0 0 0 0 0 0 0 0 0 0 0 0 0 0 0 0 0 0 0 0 0 0 0 0 0 0 0 0 0 0 0 0 0 0 0 0 0 0 0 0 0 0 0 0 0 0 0 0 0 0 0 0 0 0 0 0 0 0 0 0 0 0 0 0 0 0 0 0 0 0 0 0 0 0 0 0 0 0 0 0 0 0 0 0 0 0 0 0 0 0 0 0 0 0 0 0 0 0 0 0 0 0 0 0 0 0 0 0 0 0 0 0 0 0 0 0 0 0 0 0 0 0 0 0 0 0 0 0 0 0 0 0 0 0 0 0 0 0 0 0 0 0 0 0 0 0 0 0 0 0 0 0 0 0 0 0 0 0 0 0 0 0 0 0 0 0 0 0 0 0 0 0 0 0 0 0 0 0 0 0 0 0 0 0 0 0 0 0 0 0 0 0 0 0 0 0 0 0 0 0 0 0 0 0 0 0 0 0 0 0 0 0 0 0 0 0 0 0 0 0 0 0 0 0 0 0 0 0 0 0 0 0 0 0 0 0 0 0 0 0 0 0 0 0 0 0 0 0 0 0 0 0 0 0 0 0 0 0 0 0 0 0 0 0 0 0 0 0 0 0 0 0 0 0 0 0 0 0 0 0 0 0 0 0 0 0 0 0 0 0 0 0 0 0 0 0 0 0 0 0 0 0 0 0 0 0 0 0 0 0 0 0 0 0 0 0 0 0 0 0 0 0 0 0 0 0 0 0 0 0 0 0 0 0 0 0 0 0 0 0 0 0 0 0 0 0 0 0 0 0 0 0 0 0 0 0 0 0 0 0 0 0 0 0 0 0 0 0 0 0 0 0 0 0 0 0 0 0 0 0 0 0 0 0 0 0 0 0 0 0 0 0 0 0 0 0 0 0 0 0 0 0 0 0 0 0 0 0 0 0 0 0 0 0 0 0 0 0 0 0 0 0 0 0 0 0 0 0 0 0 0 0 0 0 0 0 0 0 0 0 0 0 0 0 0 0 0 0 0 0 0 0 0 0 0 0 0 0 0 0 0 0 0 0 0 0 0 0 0 0 0 0 0 0 0 0 0 0 0 0 0 0 0 0 0 0 0 0 0 0 0 0 0 0 0 0 0 0 0 0 0 0 0 0 0 0 0 0 0 0 0 0 0 0 0 0 0 0 0 0 0 0 0 0 0 0 0 0 0 0 0 0 0 0 0 0 0 0 0 0 0 0 0 0 0 0 0 0 0 0 0 0 0 0 0 0 0 0 0 0 0 0 0 0 0 0 0 0 0 0 0 0 0 0 0 0 0 0 0 0 0 0 0 0 0 0 0 0 0 0 0 0 0 0 0 0 0 0 0 0 0 0 0 0 0 0 0 0 0 0 0 0 0 0 0 0 0 0 0 0 0 0 0 0 0 0 0 0 0 0 0 0 0 0 0 0 0 0 0 0 0 0 0 0 0 0 0 0 0 0 0 0 0 0 0 0 0 0 0 0 0 0 0 0 0 0 0 0 0 0 0 0 0 0 0 0 0 0 0 0 0 0 0 0 0 0 0 0 0 0 0 0 0 0 0 0 0 0 0 0 0 0 0 0 0 0 0 0 0 0 0 0 0 0 0 0 0 0 0 0 0 0 0 0 0 0 0 0 0 0 0 0 0 0 0 0 0 0 0 0 0 0 0 0 0 0 0 0 0 0 0 0 0 0 0 0 0 0 0 0 0 0 0 0 0 0 0 0 0 0 0 0 0 0 0 0 0 0 0 0 0 0 0 0 0 0 0 0 0 0 0 0 0 0 0 0 0 0 0 0 0 0 0 0 0 0 0 0 0 0 0 0 0 0 0 0 0 0 0 0 0 0 0 0 0 0 0 0 0 0 0 0 0 0 0 0 0 0 0 0 0 0 0 0 0 0 0 0 0 0 0 0 0 0 0 0 0 0 0 0 0 0 0 0 0 0 0 0 0 0 0 0 0 0 0 0 0 0 0 0 0 0 0 0 0 0 0 0 0 0 0 0 0 0 0 0 0 0 0 0 0 0 0 0 0 0 0 0 0 0 0 0 0 0 0 0 0 0 0 0 0 0 0 0 0 0 0 0 0 0 0 0 0 0 0 0 0 0 0 0 0 0 0 0 0 0 0 0 0 0 0 0 0 0 0 0 0 0 0 0 0 0 0 0 0 0 0 0 0 0 0 0 0 0 0 0 0 0 0 0 0 0 0 0 0 0 0 0 0 0 0 0 0 0 0 0 0 0 0 0 0 0 0 0 0 0 0 0 0 0 0 0 0 0 0 0 0 0 0 0 0 0 0 0 0 0 0 0 0 0 0 0 0 0 0 0 0 0 0 0 0 0 0 0 0 0 0 0 0 0 0 0 0 0 0 0 0 0 0 0 0 0 0 0 0 0 0 0 0 0 0 0 0 0 0 0 0 0 0 0 0 0 0 0 0 0 0 0 0 0 0 0 0 0 0 0 0 0 0 0 0 0 0 0 0 0 0 0 0 0 0 0 0 0 0 0 0 0 0 0 0 0 0 0 0 0 0 0 0 0 0 0 0 0 0 0 0 0 0 0 0 0 0 0 0 0 0 0 0 0 0 0 0 0 0 0 0 0 0 0 0 0 0 0 0 0 0 0 0 0 0 0 0 0 0 0 0 0 0 0 0 0 0 0 0 0 0 0 0 0 0 0 0 0 0 0 0 0 0 0 0 0 0 0 0 0 0 0 0 0 0 0 0 0 0 0 0 0 0 0 0 0 0 0 0 0 0 0 0 0 0 0 0 0 0 0 0 0 0 0 0 0 0 0 0 0 0 0 0 0 0 0 0 0 0 0 0 0 0 0 0 0 0 0 0 0 0 0 0 0 0 0 0 0 0 0 0 0 0 0 0 0 0 0 0 0 0 0 0 0 0 0 0 0 0 0 0 0 0 0 0 0 0 0 0 0 0 0 0 0 0 0 0 0 0 0 0 0 0 0 0 0 0 0 0 0 0 0 0 0 0 0 0 0 0 0 0 0 0 0 0 0 0 0 0 0 0 0 0 0 0 0 0 0 0 0 0 0 0 0 0 0 0 0 0 0 0 0 0 0 0 0 0 0 0 0 0 0 0 0 0 0 0 0 0 0 0 0 0 0 0 0 0 0 0 0 0 0 0 0 0 0 0 0 0 0 0 0 0 0 0 0 0 0 0 0 0 0 0 0 0 0 0 0 0 0 0 0 0 0 0 0 0 0 0 0 0 0 0 0 0 0 0 0 0 0 0 0 0 0 0 0 0 0 0 0 0 0 0 0 0 0 0 0 0 0 0 0 0 0 0 0 0 0 0 0 0 0 0 0 0 0 0 0 0 0 0 0 0 0 0 0 0 0 0 0 0 0 0 0 0 0 0 0 0 0 0 0 0 0 0 0 0 0 0 0 0 0 0 0 0 0 0 0 0 0 0 0 0 0 0 0 0 0 0 0 0 0 0 0 0 0 0 0 0 0 0 0 0 0 0 0 0 0 0 0 0 0 0 0 0 0 0 0 0 0 0 0 0 0 0 0 0 0 0 0 0 0 0 0 0 0 0 0 0 0 0 0 0 0 0 0 0 0 0 0 0 0 0 0 0 0 0 0 0 0 0 0 0 0 0 0 0 0 0 0 0 0 0 0 0 0 0 0 0 0 0 0 0 0 0 0 0 0 0 0 0 0 0 0 0 0 0 0 0 0 0 0 0 0 0 0 0 0 0 0 0 0 0 0 0 0 0 0 0 0 0 0 0 0 0 0 0 0 0 0 0 0 0 0 0 0 0 0 0 0 0 0 0 0 0 0 0 0 0 0 0 0 0 0 0 0 0 0 0 0 0 0 0 0 0 0 0 0 0 0 0 0 0 0 0 0 0 0 0 0 0 0 0 0 0 0 0 0 0 0 0 0 0 0 0 0 0 0 0 0 0 0 0 0 0 0 0 0 0 0 0 0 0 0 0 0 0 0 0 0 0 0 0 0 0 0 0 0 0 0 0 0 0 0 0 0 0 0 0 0 0 0 0 0 0 0 0 0 0 0 0 0 0 0 0 0 0 0 0 0 0 0 0 0 0 0 0 0 0 0 0 0 0 0 0 0 0 0 0 0 0 0 0 0 0 0 0 0 0 0 0 0 0 0 0 0 0 0 0 0 0 0 0 0 0 0 0 0 0 0 0 0 0 0 0 0 0 0 0 0 0 0 0 0 0 0 0 0 0 0 0 0 0 0 0 0 0 0 0 0 0 0 0 0 0 0 0 0 0 0 0 0 0 0 0 0 0 0 0 0 0 0 0 0 0 0 0 0 0 0 0 0 0 0 0 0 0 0 0 0 0 0 0 0 0 0 0 0 0 0 0 0 0 0 0 0 0 0 0 0 0 0 0 0 0 0 0 0 0 0 0 0 0 0 0 0 0 0 0 0 0 0 0 0 0 0 0 0 0 0 0 0 0 0 0 0 0 0 0 0 0 0 0 0 0 0 0 0 0 0 0 0 0 0 0 0 0 0 0 0 0 0 0 0 0 0 0 0 0 0 0 0 0 0 0 0 0 0 0 0 0 0 0 0 0 0 0 0 0 0 0 0 0 0 0 0 0 0 0 0 0 0 0 0 0 0 0 0 0 0 0 0 0 0 0 0 0 0 0 0 0 0 0 0 0 0 0 0 0 0 0 0 0 0 0 0 0 0 0 0 0 0 0 0 0 0 0 0 0 0 0 0 0 0 0 0 0 0 0 0 0 0 0 0 0 0 0 0 0 0 0 0 0 0 0 0 0 0 0 0 0 0 0 0 0 0 0 0 0 0 0 0 0 0 0 0 0 0 0 0 0 0 0 0 0 0 0 0 0 0 0 0 0 0 0 0 0 0 0 0 0 0 0 0 0 0 0 0 0 0 0 0 0 0 0 0 0 0 0 0 0 0 0 0 0 0 0 0 0 0 0 0 0 0 0 0 0 0 0 0 0 0 0 0 0 0 0 0 0 0 0 0 0 0 0 0 0 0 0 0 0 0 0 0 0 0 0</float_array>
          <technique_common>
            <accessor source="#Plane_006-mesh-map-0-array" count="20160" stride="2">
              <param name="S" type="float"/>
              <param name="T" type="float"/>
            </accessor>
          </technique_common>
        </source>
        <vertices id="Plane_006-mesh-vertices">
          <input semantic="POSITION" source="#Plane_006-mesh-positions"/>
        </vertices>
        <triangles count="6720">
          <input semantic="VERTEX" source="#Plane_006-mesh-vertices" offset="0"/>
          <input semantic="NORMAL" source="#Plane_006-mesh-normals" offset="1"/>
          <input semantic="TEXCOORD" source="#Plane_006-mesh-map-0" offset="2" set="0"/>
          <p>24 0 0 343 0 1 25 0 2 342 1 3 345 1 4 343 1 5 346 2 6 345 2 7 344 2 8 346 3 9 23 3 10 347 3 11 22 4 12 355 4 13 23 4 14 354 5 15 357 5 16 355 5 17 356 6 18 359 6 19 357 6 20 0 7 21 359 7 22 358 7 23 360 8 24 9 8 25 8 8 26 362 9 27 361 9 28 360 9 29 364 10 30 363 10 31 362 10 32 364 11 33 5 11 34 365 11 35 182 12 36 367 12 37 183 12 38 368 13 39 367 13 40 366 13 41 370 14 42 369 14 43 368 14 44 5 15 45 371 15 46 370 15 47 384 16 48 11 16 49 10 16 50 386 17 51 385 17 52 384 17 53 386 18 54 389 18 55 387 18 56 8 19 57 389 19 58 388 19 59 6 20 60 391 20 61 7 20 62 392 21 63 391 21 64 390 21 65 394 22 66 393 22 67 392 22 68 34 23 69 395 23 70 394 23 71 396 24 72 13 24 73 12 24 74 398 25 75 397 25 76 396 25 77 398 26 78 401 26 79 399 26 80 400 27 81 11 27 82 401 27 83 402 28 84 35 28 85 34 28 86 402 29 87 405 29 88 403 29 89 406 30 90 405 30 91 404 30 92 32 31 93 407 31 94 406 31 95 408 32 96 15 32 97 14 32 98 410 33 99 409 33 100 408 33 101 410 34 102 413 34 103 411 34 104 412 35 105 13 35 106 413 35 107 32 36 108 415 36 109 33 36 110 414 37 111 417 37 112 415 37 113 418 38 114 417 38 115 416 38 116 30 39 117 419 39 118 418 39 119 420 40 120 17 40 121 16 40 122 422 41 123 421 41 124 420 41 125 422 42 126 425 42 127 423 42 128 424 43 129 15 43 130 425 43 131 30 44 132 427 44 133 31 44 134 426 45 135 429 45 136 427 45 137 430 46 138 429 46 139 428 46 140 28 47 141 431 47 142 430 47 143 432 48 144 19 48 145 18 48 146 434 49 147 433 49 148 432 49 149 434 50 150 437 50 151 435 50 152 436 51 153 17 51 154 437 51 155 28 52 156 439 52 157 29 52 158 438 53 159 441 53 160 439 53 161 442 54 162 441 54 163 440 54 164 27 55 165 443 55 166 442 55 167 20 56 168 445 56 169 21 56 170 446 57 171 445 57 172 444 57 173 446 58 174 449 58 175 447 58 176 448 59 177 19 59 178 449 59 179 27 60 180 451 60 181 26 60 182 450 61 183 453 61 184 451 61 185 454 62 186 453 62 187 452 62 188 24 63 189 455 63 190 454 63 191 456 64 192 2 64 193 3 64 194 456 65 195 459 65 196 457 65 197 458 66 198 461 66 199 459 66 200 460 67 201 21 67 202 461 67 203 498 68 204 61 68 205 60 68 206 500 69 207 499 69 208 498 69 209 500 70 210 503 70 211 501 70 212 58 71 213 503 71 214 502 71 215 504 72 216 311 72 217 310 72 218 504 73 219 507 73 220 505 73 221 508 74 222 507 74 223 506 74 224 508 75 225 2 75 226 509 75 227 516 76 228 59 76 229 58 76 230 518 77 231 517 77 232 516 77 233 520 78 234 519 78 235 518 78 236 520 79 237 37 79 238 521 79 239 44 80 240 523 80 241 45 80 242 522 81 243 525 81 244 523 81 245 524 82 246 527 82 247 525 82 248 40 83 249 527 83 250 526 83 251 46 84 252 541 84 253 47 84 254 540 85 255 543 85 256 541 85 257 544 86 258 543 86 259 542 86 260 544 87 261 45 87 262 545 87 263 546 88 264 43 88 265 42 88 266 546 89 267 549 89 268 547 89 269 548 90 270 551 90 271 549 90 272 550 91 273 71 91 274 551 91 275 48 92 276 553 92 277 49 92 278 552 93 279 555 93 280 553 93 281 556 94 282 555 94 283 554 94 284 46 95 285 557 95 286 556 95 287 70 96 288 559 96 289 71 96 290 560 97 291 559 97 292 558 97 293 560 98 294 563 98 295 561 98 296 562 99 297 69 99 298 563 99 299 50 100 300 565 100 301 51 100 302 564 101 303 567 101 304 565 101 305 568 102 306 567 102 307 566 102 308 48 103 309 569 103 310 568 103 311 570 104 312 69 104 313 68 104 314 572 105 315 571 105 316 570 105 317 572 106 318 575 106 319 573 106 320 574 107 321 67 107 322 575 107 323 52 108 324 577 108 325 53 108 326 576 109 327 579 109 328 577 109 329 580 110 330 579 110 331 578 110 332 50 111 333 581 111 334 580 111 335 582 112 336 67 112 337 66 112 338 584 113 339 583 113 340 582 113 341 584 114 342 587 114 343 585 114 344 586 115 345 65 115 346 587 115 347 54 116 348 589 116 349 55 116 350 588 117 351 591 117 352 589 117 353 592 118 354 591 118 355 590 118 356 52 119 357 593 119 358 592 119 359 594 120 360 65 120 361 64 120 362 596 121 363 595 121 364 594 121 365 596 122 366 599 122 367 597 122 368 598 123 369 62 123 370 599 123 371 600 124 372 57 124 373 56 124 374 600 125 375 603 125 376 601 125 377 604 126 378 603 126 379 602 126 380 54 127 381 605 127 382 604 127 383 606 128 384 62 128 385 63 128 386 608 129 387 607 129 388 606 129 389 608 130 390 611 130 391 609 130 392 610 131 393 61 131 394 611 131 395 39 132 396 613 132 397 38 132 398 614 133 399 613 133 400 612 133 401 616 134 402 615 134 403 614 134 404 56 135 405 617 135 406 616 135 407 80 136 408 649 136 409 81 136 410 648 137 411 651 137 412 649 137 413 650 138 414 653 138 415 651 138 416 76 139 417 653 139 418 652 139 419 660 140 420 97 140 421 96 140 422 662 141 423 661 141 424 660 141 425 662 142 426 665 142 427 663 142 428 94 143 429 665 143 430 664 143 431 326 144 432 667 144 433 327 144 434 668 145 435 667 145 436 666 145 437 668 146 438 671 146 439 669 146 440 112 147 441 671 147 442 670 147 443 678 148 444 95 148 445 94 148 446 680 149 447 679 149 448 678 149 449 682 150 450 681 150 451 680 150 452 682 151 453 73 151 454 683 151 455 684 152 456 263 152 457 262 152 458 684 153 459 687 153 460 685 153 461 688 154 462 687 154 463 686 154 464 688 155 465 109 155 466 689 155 467 82 156 468 703 156 469 83 156 470 702 157 471 705 157 472 703 157 473 706 158 474 705 158 475 704 158 476 706 159 477 81 159 478 707 159 479 708 160 480 79 160 481 78 160 482 708 161 483 711 161 484 709 161 485 710 162 486 713 162 487 711 162 488 712 163 489 107 163 490 713 163 491 84 164 492 715 164 493 85 164 494 714 165 495 717 165 496 715 165 497 718 166 498 717 166 499 716 166 500 82 167 501 719 167 502 718 167 503 106 168 504 721 168 505 107 168 506 722 169 507 721 169 508 720 169 509 722 170 510 725 170 511 723 170 512 724 171 513 105 171 514 725 171 515 86 172 516 727 172 517 87 172 518 726 173 519 729 173 520 727 173 521 730 174 522 729 174 523 728 174 524 84 175 525 731 175 526 730 175 527 732 176 528 105 176 529 104 176 530 734 105 531 733 105 532 732 105 533 734 177 534 737 177 535 735 177 536 736 178 537 103 178 538 737 178 539 88 179 540 739 179 541 89 179 542 738 180 543 741 180 544 739 180 545 742 181 546 741 181 547 740 181 548 86 182 549 743 182 550 742 182 551 744 183 552 103 183 553 102 183 554 746 184 555 745 184 556 744 184 557 746 185 558 749 185 559 747 185 560 748 186 561 101 186 562 749 186 563 90 187 564 751 187 565 91 187 566 750 188 567 753 188 568 751 188 569 754 189 570 753 189 571 752 189 572 88 190 573 755 190 574 754 190 575 756 191 576 101 191 577 100 191 578 758 192 579 757 192 580 756 192 581 758 193 582 761 193 583 759 193 584 760 194 585 98 194 586 761 194 587 762 195 588 93 195 589 92 195 590 762 196 591 765 196 592 763 196 593 766 197 594 765 197 595 764 197 596 90 198 597 767 198 598 766 198 599 768 199 600 98 199 601 99 199 602 770 200 603 769 200 604 768 200 605 770 201 606 773 201 607 771 201 608 772 202 609 97 202 610 773 202 611 75 203 612 775 203 613 74 203 614 776 204 615 775 204 616 774 204 617 778 205 618 777 205 619 776 205 620 92 206 621 779 206 622 778 206 623 302 207 624 805 207 625 303 207 626 806 208 627 805 208 628 804 208 629 808 209 630 807 209 631 806 209 632 114 210 633 809 210 634 808 210 635 132 211 636 817 211 637 133 211 638 816 212 639 819 212 640 817 212 641 820 213 642 819 213 643 818 213 644 820 214 645 131 214 646 821 214 647 130 215 648 823 215 649 131 215 650 822 216 651 825 216 652 823 216 653 824 217 654 827 217 655 825 217 656 109 218 657 827 218 658 826 218 659 828 219 660 117 219 661 116 219 662 830 220 663 829 220 664 828 220 665 832 221 666 831 221 667 830 221 668 832 222 669 114 222 670 833 222 671 318 223 672 835 223 673 319 223 674 836 224 675 835 224 676 834 224 677 836 225 678 839 225 679 837 225 680 6 226 681 839 226 682 838 226 683 852 227 684 119 227 685 118 227 686 854 228 687 853 228 688 852 228 689 854 229 690 857 229 691 855 229 692 116 230 693 857 230 694 856 230 695 858 231 696 335 231 697 334 231 698 858 232 699 861 232 700 859 232 701 862 233 702 861 233 703 860 233 704 862 234 705 111 234 706 863 234 707 864 235 708 121 235 709 120 235 710 866 236 711 865 236 712 864 236 713 866 237 714 869 237 715 867 237 716 868 238 717 119 238 718 869 238 719 870 239 720 143 239 721 142 239 722 870 240 723 873 240 724 871 240 725 874 241 726 873 241 727 872 241 728 140 242 729 875 242 730 874 242 731 876 243 732 123 243 733 122 243 734 878 244 735 877 244 736 876 244 737 878 245 738 881 245 739 879 245 740 880 246 741 121 246 742 881 246 743 140 247 744 883 247 745 141 247 746 882 248 747 885 248 748 883 248 749 886 249 750 885 249 751 884 249 752 138 250 753 887 250 754 886 250 755 888 251 756 125 251 757 124 251 758 890 252 759 889 252 760 888 252 761 890 253 762 893 253 763 891 253 764 892 254 765 123 254 766 893 254 767 138 255 768 895 255 769 139 255 770 894 256 771 897 256 772 895 256 773 898 257 774 897 257 775 896 257 776 136 258 777 899 258 778 898 258 779 900 259 780 127 259 781 126 259 782 902 260 783 901 260 784 900 260 785 902 261 786 905 261 787 903 261 788 904 262 789 125 262 790 905 262 791 136 263 792 907 263 793 137 263 794 906 264 795 909 264 796 907 264 797 910 265 798 909 265 799 908 265 800 135 266 801 911 266 802 910 266 803 128 267 804 913 267 805 129 267 806 914 268 807 913 268 808 912 268 809 914 269 810 917 269 811 915 269 812 916 270 813 127 270 814 917 270 815 135 271 816 919 271 817 134 271 818 918 272 819 921 272 820 919 272 821 922 273 822 921 273 823 920 273 824 132 274 825 923 274 826 922 274 827 924 275 828 111 275 829 110 275 830 924 276 831 927 276 832 925 276 833 926 277 834 929 277 835 927 277 836 928 278 837 129 278 838 929 278 839 960 279 840 223 279 841 222 279 842 960 280 843 963 280 844 961 280 845 964 281 846 963 281 847 962 281 848 964 282 849 0 282 850 965 282 851 112 283 852 979 283 853 113 283 854 980 284 855 979 284 856 978 284 857 982 285 858 981 285 859 980 285 860 142 286 861 983 286 862 982 286 863 76 287 864 985 287 865 77 287 866 986 288 867 985 288 868 984 288 869 986 289 870 989 289 871 987 289 872 144 290 873 989 290 874 988 290 875 144 291 876 991 291 877 145 291 878 992 292 879 991 292 880 990 292 881 992 293 882 995 293 883 993 293 884 146 294 885 995 294 886 994 294 887 146 295 888 997 295 889 147 295 890 998 296 891 997 296 892 996 296 893 998 297 894 1001 297 895 999 297 896 148 298 897 1001 298 898 1000 298 899 148 299 900 1003 299 901 149 299 902 1004 300 903 1003 300 904 1002 300 905 1004 301 906 1007 301 907 1005 301 908 150 302 909 1007 302 910 1006 302 911 150 303 912 1009 303 913 151 303 914 1010 304 915 1009 304 916 1008 304 917 1010 305 918 1013 305 919 1011 305 920 152 306 921 1013 306 922 1012 306 923 152 307 924 1015 307 925 153 307 926 1016 308 927 1015 308 928 1014 308 929 1016 309 930 1019 309 931 1017 309 932 154 310 933 1019 310 934 1018 310 935 154 311 936 1021 311 937 155 311 938 1022 312 939 1021 312 940 1020 312 941 1022 313 942 1025 313 943 1023 313 944 156 314 945 1025 314 946 1024 314 947 156 315 948 1027 315 949 157 315 950 1028 316 951 1027 316 952 1026 316 953 1028 317 954 1031 317 955 1029 317 956 158 318 957 1031 318 958 1030 318 959 158 319 960 1033 319 961 159 319 962 1034 320 963 1033 320 964 1032 320 965 1034 321 966 1037 321 967 1035 321 968 160 322 969 1037 322 970 1036 322 971 160 323 972 1039 323 973 161 323 974 1040 324 975 1039 324 976 1038 324 977 1040 325 978 1043 325 979 1041 325 980 162 326 981 1043 326 982 1042 326 983 162 327 984 1045 327 985 163 327 986 1046 328 987 1045 328 988 1044 328 989 1046 329 990 1049 329 991 1047 329 992 164 330 993 1049 330 994 1048 330 995 164 331 996 1051 331 997 165 331 998 1052 332 999 1051 332 1000 1050 332 1001 1052 333 1002 1055 333 1003 1053 333 1004 166 334 1005 1055 334 1006 1054 334 1007 166 335 1008 1057 335 1009 167 335 1010 1058 336 1011 1057 336 1012 1056 336 1013 1058 337 1014 1061 337 1015 1059 337 1016 168 338 1017 1061 338 1018 1060 338 1019 168 339 1020 1063 339 1021 169 339 1022 1064 340 1023 1063 340 1024 1062 340 1025 1064 341 1026 1067 341 1027 1065 341 1028 170 342 1029 1067 342 1030 1066 342 1031 170 343 1032 1069 343 1033 171 343 1034 1070 344 1035 1069 344 1036 1068 344 1037 1070 345 1038 1073 345 1039 1071 345 1040 172 346 1041 1073 346 1042 1072 346 1043 172 347 1044 1075 347 1045 173 347 1046 1076 348 1047 1075 348 1048 1074 348 1049 1076 349 1050 1079 349 1051 1077 349 1052 174 350 1053 1079 350 1054 1078 350 1055 174 351 1056 1081 351 1057 175 351 1058 1082 352 1059 1081 352 1060 1080 352 1061 1082 353 1062 1085 353 1063 1083 353 1064 176 354 1065 1085 354 1066 1084 354 1067 176 355 1068 1087 355 1069 177 355 1070 1088 356 1071 1087 356 1072 1086 356 1073 1088 357 1074 1091 357 1075 1089 357 1076 178 358 1077 1091 358 1078 1090 358 1079 178 359 1080 1093 359 1081 179 359 1082 1094 360 1083 1093 360 1084 1092 360 1085 1094 361 1086 1097 361 1087 1095 361 1088 180 362 1089 1097 362 1090 1096 362 1091 180 363 1092 1099 363 1093 181 363 1094 1100 352 1095 1099 352 1096 1098 352 1097 1100 364 1098 1103 364 1099 1101 364 1100 182 365 1101 1103 365 1102 1102 365 1103 1104 366 1104 73 366 1105 72 366 1106 1106 367 1107 1105 367 1108 1104 367 1109 1108 368 1110 1107 368 1111 1106 368 1112 1108 369 1113 185 369 1114 1109 369 1115 1110 370 1116 185 370 1117 184 370 1118 1110 371 1119 1113 371 1120 1111 371 1121 1114 367 1122 1113 367 1123 1112 367 1124 1114 372 1125 187 372 1126 1115 372 1127 1116 373 1128 187 373 1129 186 373 1130 1116 374 1131 1119 374 1132 1117 374 1133 1120 367 1134 1119 367 1135 1118 367 1136 1120 375 1137 189 375 1138 1121 375 1139 1122 376 1140 189 376 1141 188 376 1142 1122 377 1143 1125 377 1144 1123 377 1145 1126 378 1146 1125 378 1147 1124 378 1148 1126 379 1149 191 379 1150 1127 379 1151 1128 376 1152 191 376 1153 190 376 1154 1128 380 1155 1131 380 1156 1129 380 1157 1132 378 1158 1131 378 1159 1130 378 1160 1132 381 1161 193 381 1162 1133 381 1163 1134 373 1164 193 373 1165 192 373 1166 1134 382 1167 1137 382 1168 1135 382 1169 1138 378 1170 1137 378 1171 1136 378 1172 1138 383 1173 195 383 1174 1139 383 1175 1140 384 1176 195 384 1177 194 384 1178 1140 385 1179 1143 385 1180 1141 385 1181 1144 386 1182 1143 386 1183 1142 386 1184 1144 387 1185 197 387 1186 1145 387 1187 1146 376 1188 197 376 1189 196 376 1190 1146 388 1191 1149 388 1192 1147 388 1193 1150 389 1194 1149 389 1195 1148 389 1196 1150 390 1197 199 390 1198 1151 390 1199 1152 376 1200 199 376 1201 198 376 1202 1152 391 1203 1155 391 1204 1153 391 1205 1156 378 1206 1155 378 1207 1154 378 1208 1156 372 1209 201 372 1210 1157 372 1211 1158 376 1212 201 376 1213 200 376 1214 1158 392 1215 1161 392 1216 1159 392 1217 1162 393 1218 1161 393 1219 1160 393 1220 1162 394 1221 203 394 1222 1163 394 1223 1164 376 1224 203 376 1225 202 376 1226 1164 395 1227 1167 395 1228 1165 395 1229 1168 396 1230 1167 396 1231 1166 396 1232 1168 397 1233 205 397 1234 1169 397 1235 1170 398 1236 205 398 1237 204 398 1238 1170 399 1239 1173 399 1240 1171 399 1241 1174 393 1242 1173 393 1243 1172 393 1244 1174 400 1245 207 400 1246 1175 400 1247 1176 401 1248 207 401 1249 206 401 1250 1176 402 1251 1179 402 1252 1177 402 1253 1180 378 1254 1179 378 1255 1178 378 1256 1180 403 1257 209 403 1258 1181 403 1259 1182 404 1260 209 404 1261 208 404 1262 1182 385 1263 1185 385 1264 1183 385 1265 1186 378 1266 1185 378 1267 1184 378 1268 1186 387 1269 211 387 1270 1187 387 1271 1188 404 1272 211 404 1273 210 404 1274 1188 405 1275 1191 405 1276 1189 405 1277 1192 389 1278 1191 389 1279 1190 389 1280 1192 406 1281 213 406 1282 1193 406 1283 1194 404 1284 213 404 1285 212 404 1286 1194 371 1287 1197 371 1288 1195 371 1289 1198 407 1290 1197 407 1291 1196 407 1292 1198 372 1293 215 372 1294 1199 372 1295 1200 408 1296 215 408 1297 214 408 1298 1200 374 1299 1203 374 1300 1201 374 1301 1204 378 1302 1203 378 1303 1202 378 1304 1204 375 1305 217 375 1306 1205 375 1307 1206 408 1308 217 408 1309 216 408 1310 1206 409 1311 1209 409 1312 1207 409 1313 1210 407 1314 1209 407 1315 1208 407 1316 1210 410 1317 219 410 1318 1211 410 1319 1212 408 1320 219 408 1321 218 408 1322 1212 411 1323 1215 411 1324 1213 411 1325 1216 378 1326 1215 378 1327 1214 378 1328 1216 412 1329 221 412 1330 1217 412 1331 1218 408 1332 221 408 1333 220 408 1334 1218 413 1335 1221 413 1336 1219 413 1337 1222 407 1338 1221 407 1339 1220 407 1340 1222 414 1341 223 414 1342 1223 414 1343 1344 415 1344 37 415 1345 36 415 1346 1346 416 1347 1345 416 1348 1344 416 1349 1348 417 1350 1347 417 1351 1346 417 1352 1348 407 1353 225 407 1354 1349 407 1355 1350 418 1356 225 418 1357 224 418 1358 1350 419 1359 1353 419 1360 1351 419 1361 1354 416 1362 1353 416 1363 1352 416 1364 1354 420 1365 227 420 1366 1355 420 1367 1356 421 1368 227 421 1369 226 421 1370 1356 422 1371 1359 422 1372 1357 422 1373 1360 416 1374 1359 416 1375 1358 416 1376 1360 423 1377 229 423 1378 1361 423 1379 1362 424 1380 229 424 1381 228 424 1382 1362 425 1383 1365 425 1384 1363 425 1385 1366 426 1386 1365 426 1387 1364 426 1388 1366 427 1389 231 427 1390 1367 427 1391 1368 424 1392 231 424 1393 230 424 1394 1368 428 1395 1371 428 1396 1369 428 1397 1372 426 1398 1371 426 1399 1370 426 1400 1372 429 1401 233 429 1402 1373 429 1403 1374 421 1404 233 421 1405 232 421 1406 1374 430 1407 1377 430 1408 1375 430 1409 1378 426 1410 1377 426 1411 1376 426 1412 1378 431 1413 235 431 1414 1379 431 1415 1380 432 1416 235 432 1417 234 432 1418 1380 433 1419 1383 433 1420 1381 433 1421 1384 434 1422 1383 434 1423 1382 434 1424 1384 435 1425 237 435 1426 1385 435 1427 1386 424 1428 237 424 1429 236 424 1430 1386 436 1431 1389 436 1432 1387 436 1433 1390 437 1434 1389 437 1435 1388 437 1436 1390 438 1437 239 438 1438 1391 438 1439 1392 424 1440 239 424 1441 238 424 1442 1392 439 1443 1395 439 1444 1393 439 1445 1396 426 1446 1395 426 1447 1394 426 1448 1396 420 1449 241 420 1450 1397 420 1451 1398 424 1452 241 424 1453 240 424 1454 1398 440 1455 1401 440 1456 1399 440 1457 1402 441 1458 1401 441 1459 1400 441 1460 1402 442 1461 243 442 1462 1403 442 1463 1404 424 1464 243 424 1465 242 424 1466 1404 443 1467 1407 443 1468 1405 443 1469 1408 444 1470 1407 444 1471 1406 444 1472 1408 445 1473 245 445 1474 1409 445 1475 1410 446 1476 245 446 1477 244 446 1478 1410 447 1479 1413 447 1480 1411 447 1481 1414 441 1482 1413 441 1483 1412 441 1484 1414 448 1485 247 448 1486 1415 448 1487 1416 449 1488 247 449 1489 246 449 1490 1416 450 1491 1419 450 1492 1417 450 1493 1420 426 1494 1419 426 1495 1418 426 1496 1420 451 1497 249 451 1498 1421 451 1499 1422 452 1500 249 452 1501 248 452 1502 1422 433 1503 1425 433 1504 1423 433 1505 1426 426 1506 1425 426 1507 1424 426 1508 1426 435 1509 251 435 1510 1427 435 1511 1428 452 1512 251 452 1513 250 452 1514 1428 453 1515 1431 453 1516 1429 453 1517 1432 437 1518 1431 437 1519 1430 437 1520 1432 454 1521 253 454 1522 1433 454 1523 1434 452 1524 253 452 1525 252 452 1526 1434 419 1527 1437 419 1528 1435 419 1529 1438 369 1530 1437 369 1531 1436 369 1532 1438 420 1533 255 420 1534 1439 420 1535 1440 455 1536 255 455 1537 254 455 1538 1440 422 1539 1443 422 1540 1441 422 1541 1444 426 1542 1443 426 1543 1442 426 1544 1444 423 1545 257 423 1546 1445 423 1547 1446 455 1548 257 455 1549 256 455 1550 1446 456 1551 1449 456 1552 1447 456 1553 1450 369 1554 1449 369 1555 1448 369 1556 1450 457 1557 259 457 1558 1451 457 1559 1452 455 1560 259 455 1561 258 455 1562 1452 458 1563 1455 458 1564 1453 458 1565 1456 426 1566 1455 426 1567 1454 426 1568 1456 459 1569 261 459 1570 1457 459 1571 1458 455 1572 261 455 1573 260 455 1574 1458 460 1575 1461 460 1576 1459 460 1577 1462 369 1578 1461 369 1579 1460 369 1580 1462 461 1581 263 461 1582 1463 461 1583 40 462 1584 1465 462 1585 41 462 1586 1466 463 1587 1465 463 1588 1464 463 1589 1466 464 1590 1469 464 1591 1467 464 1592 264 465 1593 1469 465 1594 1468 465 1595 264 466 1596 1471 466 1597 265 466 1598 1472 467 1599 1471 467 1600 1470 467 1601 1472 468 1602 1475 468 1603 1473 468 1604 266 469 1605 1475 469 1606 1474 469 1607 266 470 1608 1477 470 1609 267 470 1610 1478 471 1611 1477 471 1612 1476 471 1613 1478 472 1614 1481 472 1615 1479 472 1616 268 473 1617 1481 473 1618 1480 473 1619 268 474 1620 1483 474 1621 269 474 1622 1484 475 1623 1483 475 1624 1482 475 1625 1484 476 1626 1487 476 1627 1485 476 1628 270 477 1629 1487 477 1630 1486 477 1631 270 478 1632 1489 478 1633 271 478 1634 1490 479 1635 1489 479 1636 1488 479 1637 1490 480 1638 1493 480 1639 1491 480 1640 272 481 1641 1493 481 1642 1492 481 1643 272 482 1644 1495 482 1645 273 482 1646 1496 483 1647 1495 483 1648 1494 483 1649 1496 484 1650 1499 484 1651 1497 484 1652 274 485 1653 1499 485 1654 1498 485 1655 274 486 1656 1501 486 1657 275 486 1658 1502 487 1659 1501 487 1660 1500 487 1661 1502 488 1662 1505 488 1663 1503 488 1664 276 489 1665 1505 489 1666 1504 489 1667 276 490 1668 1507 490 1669 277 490 1670 1508 491 1671 1507 491 1672 1506 491 1673 1508 492 1674 1511 492 1675 1509 492 1676 278 493 1677 1511 493 1678 1510 493 1679 278 494 1680 1513 494 1681 279 494 1682 1514 495 1683 1513 495 1684 1512 495 1685 1514 496 1686 1517 496 1687 1515 496 1688 280 497 1689 1517 497 1690 1516 497 1691 280 498 1692 1519 498 1693 281 498 1694 1520 499 1695 1519 499 1696 1518 499 1697 1520 500 1698 1523 500 1699 1521 500 1700 282 501 1701 1523 501 1702 1522 501 1703 282 502 1704 1525 502 1705 283 502 1706 1526 503 1707 1525 503 1708 1524 503 1709 1526 504 1710 1529 504 1711 1527 504 1712 284 505 1713 1529 505 1714 1528 505 1715 284 506 1716 1531 506 1717 285 506 1718 1532 507 1719 1531 507 1720 1530 507 1721 1532 508 1722 1535 508 1723 1533 508 1724 286 509 1725 1535 509 1726 1534 509 1727 286 510 1728 1537 510 1729 287 510 1730 1538 511 1731 1537 511 1732 1536 511 1733 1538 512 1734 1541 512 1735 1539 512 1736 288 513 1737 1541 513 1738 1540 513 1739 288 514 1740 1543 514 1741 289 514 1742 1544 515 1743 1543 515 1744 1542 515 1745 1544 516 1746 1547 516 1747 1545 516 1748 290 517 1749 1547 517 1750 1546 517 1751 290 518 1752 1549 518 1753 291 518 1754 1550 519 1755 1549 519 1756 1548 519 1757 1550 520 1758 1553 520 1759 1551 520 1760 292 521 1761 1553 521 1762 1552 521 1763 292 522 1764 1555 522 1765 293 522 1766 1556 523 1767 1555 523 1768 1554 523 1769 1556 524 1770 1559 524 1771 1557 524 1772 294 525 1773 1559 525 1774 1558 525 1775 294 526 1776 1561 526 1777 295 526 1778 1562 527 1779 1561 527 1780 1560 527 1781 1562 528 1782 1565 528 1783 1563 528 1784 296 529 1785 1565 529 1786 1564 529 1787 296 530 1788 1567 530 1789 297 530 1790 1568 531 1791 1567 531 1792 1566 531 1793 1568 532 1794 1571 532 1795 1569 532 1796 298 533 1797 1571 533 1798 1570 533 1799 298 534 1800 1573 534 1801 299 534 1802 1574 535 1803 1573 535 1804 1572 535 1805 1574 536 1806 1577 536 1807 1575 536 1808 300 537 1809 1577 537 1810 1576 537 1811 300 538 1812 1579 538 1813 301 538 1814 1580 527 1815 1579 527 1816 1578 527 1817 1580 539 1818 1583 539 1819 1581 539 1820 302 540 1821 1583 540 1822 1582 540 1823 1704 541 1824 39 541 1825 38 541 1826 1704 542 1827 1707 542 1828 1705 542 1829 1708 543 1830 1707 543 1831 1706 543 1832 1708 544 1833 305 544 1834 1709 544 1835 1710 545 1836 305 545 1837 304 545 1838 1712 546 1839 1711 546 1840 1710 546 1841 1714 547 1842 1713 547 1843 1712 547 1844 1714 548 1845 307 548 1846 1715 548 1847 1716 549 1848 307 549 1849 306 549 1850 1716 550 1851 1719 550 1852 1717 550 1853 1720 551 1854 1719 551 1855 1718 551 1856 1720 552 1857 309 552 1858 1721 552 1859 1722 553 1860 309 553 1861 308 553 1862 1722 554 1863 1725 554 1864 1723 554 1865 1726 555 1866 1725 555 1867 1724 555 1868 1726 556 1869 311 556 1870 1727 556 1871 43 557 1872 1729 557 1873 42 557 1874 1730 558 1875 1729 558 1876 1728 558 1877 1730 559 1878 1733 559 1879 1731 559 1880 312 560 1881 1733 560 1882 1732 560 1883 312 561 1884 1735 561 1885 313 561 1886 1736 562 1887 1735 562 1888 1734 562 1889 1736 563 1890 1739 563 1891 1737 563 1892 314 564 1893 1739 564 1894 1738 564 1895 314 565 1896 1741 565 1897 315 565 1898 1740 566 1899 1743 566 1900 1741 566 1901 1742 567 1902 1745 567 1903 1743 567 1904 316 568 1905 1745 568 1906 1744 568 1907 316 569 1908 1747 569 1909 317 569 1910 1746 570 1911 1749 570 1912 1747 570 1913 1748 571 1914 1751 571 1915 1749 571 1916 318 572 1917 1751 572 1918 1750 572 1919 79 573 1920 1777 573 1921 78 573 1922 1778 574 1923 1777 574 1924 1776 574 1925 1778 575 1926 1781 575 1927 1779 575 1928 320 576 1929 1781 576 1930 1780 576 1931 320 577 1932 1783 577 1933 321 577 1934 1784 578 1935 1783 578 1936 1782 578 1937 1784 579 1938 1787 579 1939 1785 579 1940 322 580 1941 1787 580 1942 1786 580 1943 322 581 1944 1789 581 1945 323 581 1946 1788 582 1947 1791 582 1948 1789 582 1949 1790 583 1950 1793 583 1951 1791 583 1952 324 584 1953 1793 584 1954 1792 584 1955 324 585 1956 1795 585 1957 325 585 1958 1794 586 1959 1797 586 1960 1795 586 1961 1796 587 1962 1799 587 1963 1797 587 1964 326 588 1965 1799 588 1966 1798 588 1967 1800 589 1968 75 589 1969 74 589 1970 1800 590 1971 1803 590 1972 1801 590 1973 1804 591 1974 1803 591 1975 1802 591 1976 1804 592 1977 329 592 1978 1805 592 1979 1806 593 1980 329 593 1981 328 593 1982 1808 594 1983 1807 594 1984 1806 594 1985 1810 595 1986 1809 595 1987 1808 595 1988 1810 596 1989 331 596 1990 1811 596 1991 1812 597 1992 331 597 1993 330 597 1994 1812 598 1995 1815 598 1996 1813 598 1997 1816 599 1998 1815 599 1999 1814 599 2000 1816 600 2001 333 600 2002 1817 600 2003 1818 601 2004 333 601 2005 332 601 2006 1818 602 2007 1821 602 2008 1819 602 2009 1822 603 2010 1821 603 2011 1820 603 2012 1822 604 2013 335 604 2014 1823 604 2015 1855 605 2016 1850 605 2017 1856 605 2018 1854 606 2019 1851 606 2020 1849 606 2021 1856 607 2022 1852 607 2023 1858 607 2024 1857 608 2025 1853 608 2026 1851 608 2027 1861 609 2028 1856 609 2029 1862 609 2030 1860 610 2031 1857 610 2032 1854 610 2033 1856 611 2034 1864 611 2035 1862 611 2036 1865 612 2037 1857 612 2038 1863 612 2039 396 613 2040 336 613 2041 1848 613 2042 397 614 2043 337 614 2044 13 614 2045 336 615 2046 1850 615 2047 1848 615 2048 1851 616 2049 337 616 2050 1849 616 2051 1850 617 2052 340 617 2053 1852 617 2054 1851 618 2055 341 618 2056 339 618 2057 340 619 2058 451 619 2059 1852 619 2060 450 620 2061 341 620 2062 1853 620 2063 1852 621 2064 453 621 2065 1858 621 2066 452 622 2067 1853 622 2068 1859 622 2069 1864 623 2070 453 623 2071 455 623 2072 1865 624 2073 452 624 2074 1859 624 2075 372 625 2076 455 625 2077 25 625 2078 373 626 2079 454 626 2080 1865 626 2081 1862 627 2082 372 627 2083 374 627 2084 373 628 2085 1863 628 2086 375 628 2087 1861 629 2088 374 629 2089 376 629 2090 375 630 2091 1860 630 2092 377 630 2093 10 631 2094 1861 631 2095 376 631 2096 11 632 2097 1860 632 2098 401 632 2099 398 633 2100 1861 633 2101 400 633 2102 1860 634 2103 399 634 2104 401 634 2105 396 635 2106 1855 635 2107 398 635 2108 1854 636 2109 397 636 2110 399 636 2111 1866 637 2112 1874 637 2113 1873 637 2114 1875 638 2115 1867 638 2116 1872 638 2117 1868 639 2118 1876 639 2119 1874 639 2120 1875 640 2121 1871 640 2122 1869 640 2123 1879 641 2124 1874 641 2125 1880 641 2126 1878 642 2127 1875 642 2128 1872 642 2129 1874 643 2130 1882 643 2131 1880 643 2132 1883 644 2133 1875 644 2134 1881 644 2135 420 645 2136 474 645 2137 1866 645 2138 421 646 2139 475 646 2140 17 646 2141 474 647 2142 1868 647 2143 1866 647 2144 1869 648 2145 475 648 2146 1867 648 2147 1868 649 2148 478 649 2149 1870 649 2150 1869 650 2151 479 650 2152 477 650 2153 478 651 2154 427 651 2155 1870 651 2156 426 652 2157 479 652 2158 1871 652 2159 1876 653 2160 427 653 2161 429 653 2162 428 654 2163 1871 654 2164 1877 654 2165 1882 655 2166 429 655 2167 431 655 2168 1883 656 2169 428 656 2170 1877 656 2171 462 657 2172 431 657 2173 29 657 2174 463 658 2175 430 658 2176 1883 658 2177 1880 659 2178 462 659 2179 464 659 2180 463 660 2181 1881 660 2182 465 660 2183 1879 661 2184 464 661 2185 466 661 2186 465 662 2187 1878 662 2188 467 662 2189 14 663 2190 1879 663 2191 466 663 2192 15 664 2193 1878 664 2194 425 664 2195 422 665 2196 1879 665 2197 424 665 2198 1878 666 2199 423 666 2200 425 666 2201 420 667 2202 1873 667 2203 422 667 2204 423 668 2205 1867 668 2206 421 668 2207 1884 669 2208 1892 669 2209 1891 669 2210 1890 670 2211 1887 670 2212 1885 670 2213 1886 671 2214 1894 671 2215 1892 671 2216 1895 672 2217 1887 672 2218 1893 672 2219 1891 673 2220 1898 673 2221 1897 673 2222 1899 674 2223 1890 674 2224 1896 674 2225 1892 675 2226 1900 675 2227 1898 675 2228 1901 676 2229 1893 676 2230 1899 676 2231 20 677 2232 1884 677 2233 444 677 2234 1885 678 2235 21 678 2236 445 678 2237 1884 679 2238 488 679 2239 1886 679 2240 1885 680 2241 489 680 2242 487 680 2243 488 681 2244 1888 681 2245 1886 681 2246 1889 682 2247 489 682 2248 1887 682 2249 1888 683 2250 35 683 2251 403 683 2252 402 684 2253 491 684 2254 1889 684 2255 1894 671 2256 403 671 2257 405 671 2258 1895 685 2259 402 685 2260 1889 685 2261 1900 686 2262 405 686 2263 407 686 2264 1901 687 2265 404 687 2266 1895 687 2267 1900 688 2268 33 688 2269 480 688 2270 481 689 2271 406 689 2272 1901 689 2273 482 690 2274 1900 690 2275 480 690 2276 483 691 2277 1901 691 2278 1899 691 2279 1897 692 2280 482 692 2281 484 692 2282 483 693 2283 1896 693 2284 485 693 2285 18 694 2286 1897 694 2287 484 694 2288 485 695 2289 449 695 2290 19 695 2291 446 696 2292 1897 696 2293 448 696 2294 449 697 2295 1890 697 2296 447 697 2297 444 698 2298 1891 698 2299 446 698 2300 1890 699 2301 445 699 2302 447 699 2303 1909 700 2304 1904 700 2305 1910 700 2306 1908 701 2307 1905 701 2308 1903 701 2309 1904 702 2310 1912 702 2311 1910 702 2312 1911 703 2313 1907 703 2314 1905 703 2315 1915 704 2316 1910 704 2317 1916 704 2318 1914 705 2319 1911 705 2320 1908 705 2321 1910 704 2322 1918 704 2323 1916 704 2324 1917 706 2325 1913 706 2326 1911 706 2327 366 707 2328 1343 707 2329 1902 707 2330 367 708 2331 1342 708 2332 183 708 2333 1343 709 2334 1904 709 2335 1902 709 2336 1905 710 2337 1342 710 2338 1903 710 2339 1341 711 2340 1906 711 2341 1904 711 2342 1907 712 2343 1340 712 2344 1905 712 2345 1339 713 2346 961 713 2347 1906 713 2348 960 714 2349 1338 714 2350 1907 714 2351 1906 704 2352 963 704 2353 1912 704 2354 1913 715 2355 960 715 2356 1907 715 2357 1918 704 2358 963 704 2359 965 704 2360 1919 706 2361 962 706 2362 1913 706 2363 473 716 2364 965 716 2365 0 716 2366 472 706 2367 964 706 2368 1919 706 2369 1916 704 2370 473 704 2371 471 704 2372 470 706 2373 1919 706 2374 1917 706 2375 469 704 2376 1916 704 2377 471 704 2378 470 717 2379 1914 717 2380 468 717 2381 370 718 2382 469 718 2383 5 718 2384 468 719 2385 371 719 2386 4 719 2387 368 704 2388 1915 704 2389 370 704 2390 1914 720 2391 369 720 2392 371 720 2393 366 721 2394 1909 721 2395 368 721 2396 1908 722 2397 367 722 2398 369 722 2399 1920 723 2400 1928 723 2401 1927 723 2402 1926 724 2403 1923 724 2404 1921 724 2405 1928 725 2406 1924 725 2407 1930 725 2408 1931 726 2409 1923 726 2410 1929 726 2411 1933 727 2412 1928 727 2413 1934 727 2414 1932 728 2415 1929 728 2416 1926 728 2417 1928 729 2418 1936 729 2419 1934 729 2420 1937 730 2421 1929 730 2422 1935 730 2423 456 731 2424 353 731 2425 1920 731 2426 1921 732 2427 2 732 2428 457 732 2429 1920 733 2430 351 733 2431 1922 733 2432 1923 734 2433 352 734 2434 1921 734 2435 351 735 2436 1924 735 2437 1922 735 2438 1923 736 2439 348 736 2440 350 736 2441 349 737 2442 391 737 2443 1924 737 2444 1925 738 2445 6 738 2446 348 738 2447 1930 739 2448 391 739 2449 393 739 2450 392 740 2451 1925 740 2452 1931 740 2453 1936 741 2454 393 741 2455 395 741 2456 394 742 2457 1931 742 2458 1937 742 2459 490 743 2460 395 743 2461 35 743 2462 34 744 2463 1937 744 2464 491 744 2465 1934 745 2466 490 745 2467 488 745 2468 491 746 2469 1935 746 2470 489 746 2471 486 747 2472 1934 747 2473 488 747 2474 487 748 2475 1935 748 2476 1932 748 2477 460 749 2478 486 749 2479 20 749 2480 487 750 2481 461 750 2482 21 750 2483 458 751 2484 1933 751 2485 460 751 2486 1932 752 2487 459 752 2488 461 752 2489 456 753 2490 1927 753 2491 458 753 2492 459 754 2493 1921 754 2494 457 754 2495 1945 755 2496 1940 755 2497 1946 755 2498 1944 756 2499 1941 756 2500 1939 756 2501 1940 757 2502 1948 757 2503 1946 757 2504 1949 758 2505 1941 758 2506 1947 758 2507 1945 759 2508 1952 759 2509 1951 759 2510 1950 760 2511 1947 760 2512 1944 760 2513 1952 761 2514 1948 761 2515 1954 761 2516 1953 762 2517 1949 762 2518 1947 762 2519 18 763 2520 1938 763 2521 432 763 2522 1939 764 2523 19 764 2524 433 764 2525 1938 765 2526 482 765 2527 1940 765 2528 1941 766 2529 485 766 2530 1939 766 2531 482 767 2532 1942 767 2533 1940 767 2534 1941 768 2535 481 768 2536 483 768 2537 480 769 2538 415 769 2539 1942 769 2540 1943 770 2541 32 770 2542 481 770 2543 1948 771 2544 415 771 2545 417 771 2546 1949 772 2547 414 772 2548 1943 772 2549 1948 773 2550 419 773 2551 1954 773 2552 418 774 2553 1949 774 2554 1955 774 2555 478 775 2556 419 775 2557 31 775 2558 479 776 2559 418 776 2560 1955 776 2561 476 777 2562 1954 777 2563 478 777 2564 477 778 2565 1955 778 2566 1953 778 2567 1951 779 2568 476 779 2569 474 779 2570 477 780 2571 1950 780 2572 475 780 2573 16 781 2574 1951 781 2575 474 781 2576 17 782 2577 1950 782 2578 437 782 2579 436 783 2580 1945 783 2581 1951 783 2582 437 784 2583 1944 784 2584 435 784 2585 432 785 2586 1945 785 2587 434 785 2588 1944 786 2589 433 786 2590 435 786 2591 1956 787 2592 1964 787 2593 1963 787 2594 1965 788 2595 1957 788 2596 1962 788 2597 1964 789 2598 1960 789 2599 1966 789 2600 1965 790 2601 1961 790 2602 1959 790 2603 1969 791 2604 1964 791 2605 1970 791 2606 1968 792 2607 1965 792 2608 1962 792 2609 1964 793 2610 1972 793 2611 1970 793 2612 1973 794 2613 1965 794 2614 1971 794 2615 360 795 2616 378 795 2617 1956 795 2618 1957 796 2619 9 796 2620 361 796 2621 1956 797 2622 380 797 2623 1958 797 2624 1957 798 2625 381 798 2626 379 798 2627 1958 799 2628 382 799 2629 1960 799 2630 1959 800 2631 383 800 2632 381 800 2633 382 801 2634 355 801 2635 1960 801 2636 354 802 2637 383 802 2638 1961 802 2639 1960 803 2640 357 803 2641 1966 803 2642 356 804 2643 1961 804 2644 1967 804 2645 1966 805 2646 359 805 2647 1972 805 2648 358 806 2649 1967 806 2650 1973 806 2651 472 807 2652 359 807 2653 1 807 2654 0 808 2655 1973 808 2656 473 808 2657 1970 809 2658 472 809 2659 470 809 2660 473 810 2661 1971 810 2662 471 810 2663 1969 811 2664 470 811 2665 468 811 2666 469 812 2667 1971 812 2668 1968 812 2669 364 813 2670 468 813 2671 4 813 2672 5 814 2673 1968 814 2674 365 814 2675 364 815 2676 1963 815 2677 1969 815 2678 365 816 2679 1962 816 2680 363 816 2681 362 817 2682 1956 817 2683 1963 817 2684 363 818 2685 1957 818 2686 361 818 2687 1974 819 2688 1982 819 2689 1981 819 2690 1983 820 2691 1975 820 2692 1980 820 2693 1982 821 2694 1978 821 2695 1984 821 2696 1983 822 2697 1979 822 2698 1977 822 2699 1981 823 2700 1988 823 2701 1987 823 2702 1989 824 2703 1980 824 2704 1986 824 2705 1988 825 2706 1984 825 2707 1990 825 2708 1989 826 2709 1985 826 2710 1983 826 2711 408 827 2712 466 827 2713 1974 827 2714 409 828 2715 467 828 2716 15 828 2717 466 829 2718 1976 829 2719 1974 829 2720 1977 830 2721 467 830 2722 1975 830 2723 1976 831 2724 462 831 2725 1978 831 2726 1977 832 2727 463 832 2728 465 832 2729 462 833 2730 439 833 2731 1978 833 2732 438 834 2733 463 834 2734 1979 834 2735 1978 835 2736 441 835 2737 1984 835 2738 440 836 2739 1979 836 2740 1985 836 2741 1984 837 2742 443 837 2743 1990 837 2744 442 838 2745 1985 838 2746 1991 838 2747 340 839 2748 443 839 2749 26 839 2750 341 840 2751 442 840 2752 1991 840 2753 338 841 2754 1990 841 2755 340 841 2756 339 842 2757 1991 842 2758 1989 842 2759 1987 843 2760 338 843 2761 336 843 2762 339 844 2763 1986 844 2764 337 844 2765 412 845 2766 336 845 2767 12 845 2768 337 846 2769 413 846 2770 13 846 2771 410 847 2772 1987 847 2773 412 847 2774 1986 848 2775 411 848 2776 413 848 2777 410 849 2778 1974 849 2779 1981 849 2780 411 850 2781 1975 850 2782 409 850 2783 1999 851 2784 1994 851 2785 2000 851 2786 1998 852 2787 1995 852 2788 1993 852 2789 2000 853 2790 1996 853 2791 2002 853 2792 2001 854 2793 1997 854 2794 1995 854 2795 2005 855 2796 2000 855 2797 2006 855 2798 2004 856 2799 2001 856 2800 1998 856 2801 2006 857 2802 2002 857 2803 2008 857 2804 2007 858 2805 2003 858 2806 2001 858 2807 10 859 2808 1992 859 2809 384 859 2810 385 860 2811 377 860 2812 11 860 2813 376 861 2814 1994 861 2815 1992 861 2816 1995 862 2817 377 862 2818 1993 862 2819 1994 863 2820 372 863 2821 1996 863 2822 1995 864 2823 373 864 2824 375 864 2825 1996 865 2826 25 865 2827 343 865 2828 1997 866 2829 24 866 2830 373 866 2831 2002 867 2832 343 867 2833 345 867 2834 2003 868 2835 342 868 2836 1997 868 2837 2008 869 2838 345 869 2839 347 869 2840 2009 870 2841 344 870 2842 2003 870 2843 2008 871 2844 23 871 2845 382 871 2846 22 872 2847 2009 872 2848 383 872 2849 2006 873 2850 382 873 2851 380 873 2852 383 874 2853 2007 874 2854 381 874 2855 378 875 2856 2006 875 2857 380 875 2858 379 876 2859 2007 876 2860 2004 876 2861 388 877 2862 378 877 2863 8 877 2864 379 878 2865 389 878 2866 9 878 2867 386 879 2868 2005 879 2869 388 879 2870 2004 880 2871 387 880 2872 389 880 2873 384 881 2874 1999 881 2875 386 881 2876 1998 882 2877 385 882 2878 387 882 2879 2017 883 2880 2012 883 2881 2018 883 2882 2016 884 2883 2013 884 2884 2011 884 2885 2018 885 2886 2014 885 2887 2020 885 2888 2019 886 2889 2015 886 2890 2013 886 2891 2017 887 2892 2024 887 2893 2023 887 2894 2025 888 2895 2016 888 2896 2022 888 2897 2018 889 2898 2026 889 2899 2024 889 2900 2027 890 2901 2019 890 2902 2025 890 2903 493 891 2904 553 891 2905 2010 891 2906 492 892 2907 552 892 2908 48 892 2909 553 893 2910 2012 893 2911 2010 893 2912 2013 894 2913 552 894 2914 2011 894 2915 555 895 2916 2014 895 2917 2012 895 2918 2015 896 2919 554 896 2920 2013 896 2921 2014 897 2922 47 897 2923 533 897 2924 2015 898 2925 46 898 2926 556 898 2927 2014 899 2928 531 899 2929 2020 899 2930 530 900 2931 2015 900 2932 2021 900 2933 2026 901 2934 531 901 2935 529 901 2936 2027 902 2937 530 902 2938 2021 902 2939 2026 903 2940 60 903 2941 610 903 2942 61 904 2943 2027 904 2944 611 904 2945 608 905 2946 2026 905 2947 610 905 2948 609 906 2949 2027 906 2950 2025 906 2951 606 907 2952 2024 907 2953 608 907 2954 607 908 2955 2025 908 2956 2022 908 2957 497 909 2958 606 909 2959 63 909 2960 607 910 2961 496 910 2962 62 910 2963 497 911 2964 2017 911 2965 2023 911 2966 496 912 2967 2016 912 2968 494 912 2969 493 913 2970 2017 913 2971 495 913 2972 494 914 2973 2011 914 2974 492 914 2975 2028 915 2976 2036 915 2977 2035 915 2978 2037 916 2979 2029 916 2980 2034 916 2981 2036 917 2982 2032 917 2983 2038 917 2984 2037 918 2985 2033 918 2986 2031 918 2987 2041 919 2988 2036 919 2989 2042 919 2990 2040 920 2991 2037 920 2992 2034 920 2993 2036 921 2994 2044 921 2995 2042 921 2996 2045 922 2997 2037 922 2998 2043 922 2999 631 923 3000 577 923 3001 2028 923 3002 630 924 3003 576 924 3004 52 924 3005 577 925 3006 2030 925 3007 2028 925 3008 2031 926 3009 576 926 3010 2029 926 3011 579 927 3012 2032 927 3013 2030 927 3014 2033 928 3015 578 928 3016 2031 928 3017 581 929 3018 623 929 3019 2032 929 3020 622 930 3021 580 930 3022 2033 930 3023 2038 931 3024 623 931 3025 621 931 3026 620 932 3027 2033 932 3028 2039 932 3029 2044 933 3030 621 933 3031 619 933 3032 2045 934 3033 620 934 3034 2039 934 3035 2044 935 3036 64 935 3037 586 935 3038 587 936 3039 618 936 3040 2045 936 3041 584 937 3042 2044 937 3043 586 937 3044 585 938 3045 2045 938 3046 2043 938 3047 582 939 3048 2042 939 3049 584 939 3050 583 940 3051 2043 940 3052 2040 940 3053 635 941 3054 582 941 3055 66 941 3056 583 942 3057 634 942 3058 67 942 3059 635 943 3060 2035 943 3061 2041 943 3062 634 944 3063 2034 944 3064 632 944 3065 631 945 3066 2035 945 3067 633 945 3068 2034 946 3069 630 946 3070 632 946 3071 2053 947 3072 2048 947 3073 2054 947 3074 2052 948 3075 2049 948 3076 2047 948 3077 2048 949 3078 2056 949 3079 2054 949 3080 2055 950 3081 2051 950 3082 2049 950 3083 2053 951 3084 2060 951 3085 2059 951 3086 2061 952 3087 2052 952 3088 2058 952 3089 2060 953 3090 2056 953 3091 2062 953 3092 2061 954 3093 2057 954 3094 2055 954 3095 57 955 3096 2046 955 3097 643 955 3098 642 956 3099 600 956 3100 56 956 3101 601 957 3102 2048 957 3103 2046 957 3104 2049 958 3105 600 958 3106 2047 958 3107 603 959 3108 2050 959 3109 2048 959 3110 2051 960 3111 602 960 3112 2049 960 3113 605 961 3114 641 961 3115 2050 961 3116 640 962 3117 604 962 3118 2051 962 3119 2050 963 3120 639 963 3121 2056 963 3122 638 964 3123 2051 964 3124 2057 964 3125 2062 965 3126 639 965 3127 637 965 3128 2063 966 3129 638 966 3130 2057 966 3131 2062 967 3132 68 967 3133 562 967 3134 563 968 3135 636 968 3136 2063 968 3137 560 969 3138 2062 969 3139 562 969 3140 561 970 3141 2063 970 3142 2061 970 3143 558 971 3144 2060 971 3145 560 971 3146 559 972 3147 2061 972 3148 2058 972 3149 70 973 3150 2059 973 3151 558 973 3152 559 974 3153 646 974 3154 71 974 3155 645 975 3156 2059 975 3157 647 975 3158 2058 976 3159 644 976 3160 646 976 3161 645 977 3162 2046 977 3163 2053 977 3164 644 978 3165 2047 978 3166 642 978 3167 2064 979 3168 2072 979 3169 2071 979 3170 2073 980 3171 2065 980 3172 2070 980 3173 2066 981 3174 2074 981 3175 2072 981 3176 2075 982 3177 2067 982 3178 2073 982 3179 2077 983 3180 2072 983 3181 2078 983 3182 2079 984 3183 2070 984 3184 2076 984 3185 2078 985 3186 2074 985 3187 2080 985 3188 2081 986 3189 2073 986 3190 2079 986 3191 514 987 3192 613 987 3193 2064 987 3194 2065 988 3195 39 988 3196 515 988 3197 2064 989 3198 615 989 3199 2066 989 3200 2065 990 3201 614 990 3202 612 990 3203 615 991 3204 2068 991 3205 2066 991 3206 2067 992 3207 616 992 3208 614 992 3209 617 993 3210 643 993 3211 2068 993 3212 2069 994 3213 56 994 3214 616 994 3215 2068 995 3216 645 995 3217 2074 995 3218 644 996 3219 2069 996 3220 2075 996 3221 2080 997 3222 645 997 3223 647 997 3224 646 998 3225 2075 998 3226 2081 998 3227 550 999 3228 647 999 3229 70 999 3230 71 1000 3231 2081 1000 3232 551 1000 3233 548 1001 3234 2080 1001 3235 550 1001 3236 551 1002 3237 2079 1002 3238 549 1002 3239 546 1003 3240 2078 1003 3241 548 1003 3242 549 1004 3243 2076 1004 3244 547 1004 3245 510 1005 3246 546 1005 3247 42 1005 3248 43 1006 3249 2076 1006 3250 511 1006 3251 512 1007 3252 2077 1007 3253 510 1007 3254 511 1008 3255 2070 1008 3256 513 1008 3257 512 1009 3258 2064 1009 3259 2071 1009 3260 2070 1010 3261 515 1010 3262 513 1010 3263 2089 1011 3264 2084 1011 3265 2090 1011 3266 2088 1012 3267 2085 1012 3268 2083 1012 3269 2090 1013 3270 2086 1013 3271 2092 1013 3272 2091 1014 3273 2087 1014 3274 2085 1014 3275 2089 1015 3276 2096 1015 3277 2095 1015 3278 2094 1016 3279 2091 1016 3280 2088 1016 3281 2096 1017 3282 2092 1017 3283 2098 1017 3284 2099 1018 3285 2091 1018 3286 2097 1018 3287 55 1019 3288 2082 1019 3289 641 1019 3290 2083 1020 3291 54 1020 3292 640 1020 3293 589 1021 3294 2084 1021 3295 2082 1021 3296 2085 1022 3297 588 1022 3298 2083 1022 3299 591 1023 3300 2086 1023 3301 2084 1023 3302 2085 1024 3303 592 1024 3304 590 1024 3305 593 1025 3306 631 1025 3307 2086 1025 3308 630 1026 3309 592 1026 3310 2087 1026 3311 2086 1027 3312 633 1027 3313 2092 1027 3314 2093 1028 3315 630 1028 3316 2087 1028 3317 2098 1029 3318 633 1029 3319 635 1029 3320 634 1030 3321 2093 1030 3322 2099 1030 3323 574 1031 3324 635 1031 3325 66 1031 3326 575 1032 3327 634 1032 3328 2099 1032 3329 2096 1033 3330 574 1033 3331 572 1033 3332 575 1034 3333 2097 1034 3334 573 1034 3335 2095 1035 3336 572 1035 3337 570 1035 3338 573 1036 3339 2094 1036 3340 571 1036 3341 68 1037 3342 2095 1037 3343 570 1037 3344 69 1038 3345 2094 1038 3346 636 1038 3347 637 1039 3348 2089 1039 3349 2095 1039 3350 636 1040 3351 2088 1040 3352 638 1040 3353 639 1041 3354 2082 1041 3355 2089 1041 3356 2088 1042 3357 640 1042 3358 638 1042 3359 2100 1043 3360 2108 1043 3361 2107 1043 3362 2109 1044 3363 2101 1044 3364 2106 1044 3365 2102 1045 3366 2110 1045 3367 2108 1045 3368 2111 1046 3369 2103 1046 3370 2109 1046 3371 2113 1047 3372 2108 1047 3373 2114 1047 3374 2112 1048 3375 2109 1048 3376 2106 1048 3377 2114 1049 3378 2110 1049 3379 2116 1049 3380 2115 1050 3381 2111 1050 3382 2109 1050 3383 535 1051 3384 523 1051 3385 2100 1051 3386 534 1052 3387 522 1052 3388 44 1052 3389 2100 1053 3390 525 1053 3391 2102 1053 3392 2101 1054 3393 524 1054 3394 522 1054 3395 525 1055 3396 2104 1055 3397 2102 1055 3398 2105 1056 3399 524 1056 3400 2103 1056 3401 527 1057 3402 624 1057 3403 2104 1057 3404 625 1058 3405 526 1058 3406 2105 1058 3407 2104 1059 3408 626 1059 3409 2110 1059 3410 2111 1060 3411 625 1060 3412 2105 1060 3413 2116 1061 3414 626 1061 3415 628 1061 3416 629 1062 3417 2111 1062 3418 2117 1062 3419 520 1063 3420 628 1063 3421 36 1063 3422 37 1064 3423 2117 1064 3424 521 1064 3425 518 1065 3426 2116 1065 3427 520 1065 3428 521 1066 3429 2115 1066 3430 519 1066 3431 516 1067 3432 2114 1067 3433 518 1067 3434 517 1068 3435 2115 1068 3436 2112 1068 3437 539 1069 3438 516 1069 3439 58 1069 3440 59 1070 3441 2112 1070 3442 538 1070 3443 537 1071 3444 2113 1071 3445 539 1071 3446 2112 1072 3447 536 1072 3448 538 1072 3449 535 1073 3450 2107 1073 3451 537 1073 3452 2106 1074 3453 534 1074 3454 536 1074 3455 2118 1075 3456 2126 1075 3457 2125 1075 3458 2127 1076 3459 2119 1076 3460 2124 1076 3461 2126 1077 3462 2122 1077 3463 2128 1077 3464 2127 1078 3465 2123 1078 3466 2121 1078 3467 2125 1079 3468 2132 1079 3469 2131 1079 3470 2130 1080 3471 2127 1080 3472 2124 1080 3473 2132 1081 3474 2128 1081 3475 2134 1081 3476 2133 1082 3477 2129 1082 3478 2127 1082 3479 623 1083 3480 565 1083 3481 2118 1083 3482 622 1084 3483 564 1084 3484 50 1084 3485 2118 1085 3486 567 1085 3487 2120 1085 3488 2119 1086 3489 566 1086 3490 564 1086 3491 567 1087 3492 2122 1087 3493 2120 1087 3494 2123 1088 3495 566 1088 3496 2121 1088 3497 569 1089 3498 493 1089 3499 2122 1089 3500 492 1090 3501 568 1090 3502 2123 1090 3503 2122 1091 3504 495 1091 3505 2128 1091 3506 494 1092 3507 2123 1092 3508 2129 1092 3509 2134 1093 3510 495 1093 3511 497 1093 3512 2135 1094 3513 494 1094 3514 2129 1094 3515 2134 1095 3516 63 1095 3517 598 1095 3518 62 1096 3519 2135 1096 3520 599 1096 3521 2132 1097 3522 598 1097 3523 596 1097 3524 599 1098 3525 2133 1098 3526 597 1098 3527 594 1099 3528 2132 1099 3529 596 1099 3530 597 1100 3531 2130 1100 3532 595 1100 3533 619 1101 3534 594 1101 3535 64 1101 3536 595 1102 3537 618 1102 3538 65 1102 3539 619 1103 3540 2125 1103 3541 2131 1103 3542 618 1104 3543 2124 1104 3544 620 1104 3545 623 1105 3546 2125 1105 3547 621 1105 3548 2124 1106 3549 622 1106 3550 620 1106 3551 2136 1107 3552 2144 1107 3553 2143 1107 3554 2142 1108 3555 2139 1108 3556 2137 1108 3557 2138 1109 3558 2146 1109 3559 2144 1109 3560 2145 1110 3561 2141 1110 3562 2139 1110 3563 2149 1111 3564 2144 1111 3565 2150 1111 3566 2151 1112 3567 2142 1112 3568 2148 1112 3569 2150 1113 3570 2146 1113 3571 2152 1113 3572 2153 1114 3573 2145 1114 3574 2151 1114 3575 1771 1115 3576 505 1115 3577 2136 1115 3578 2137 1116 3579 310 1116 3580 1770 1116 3581 2136 1117 3582 507 1117 3583 2138 1117 3584 2139 1118 3585 504 1118 3586 2137 1118 3587 507 1109 3588 2140 1109 3589 2138 1109 3590 2141 1119 3591 506 1119 3592 2139 1119 3593 509 1109 3594 352 1109 3595 2140 1109 3596 2141 1120 3597 3 1120 3598 508 1120 3599 2140 1109 3600 350 1109 3601 2146 1109 3602 2147 1121 3603 353 1121 3604 2141 1121 3605 2152 1122 3606 350 1122 3607 348 1122 3608 349 1123 3609 2147 1123 3610 2153 1123 3611 838 1109 3612 348 1109 3613 6 1109 3614 7 1120 3615 2153 1120 3616 839 1120 3617 836 1109 3618 2152 1109 3619 838 1109 3620 837 1124 3621 2153 1124 3622 2151 1124 3623 2149 1125 3624 836 1125 3625 834 1125 3626 835 1126 3627 2151 1126 3628 2148 1126 3629 318 1127 3630 2149 1127 3631 834 1127 3632 835 1128 3633 1774 1128 3634 319 1128 3635 1773 1129 3636 2149 1129 3637 1775 1129 3638 2148 1130 3639 1772 1130 3640 1774 1130 3641 1771 1131 3642 2143 1131 3643 1773 1131 3644 1772 1132 3645 2137 1132 3646 1770 1132 3647 2161 1133 3648 2156 1133 3649 2162 1133 3650 2160 1134 3651 2157 1134 3652 2155 1134 3653 2162 1135 3654 2158 1135 3655 2164 1135 3656 2163 1136 3657 2159 1136 3658 2157 1136 3659 2167 1137 3660 2162 1137 3661 2168 1137 3662 2166 1138 3663 2163 1138 3664 2160 1138 3665 2168 1139 3666 2164 1139 3667 2170 1139 3668 2169 1140 3669 2165 1140 3670 2163 1140 3671 533 1141 3672 541 1141 3673 2154 1141 3674 532 1142 3675 540 1142 3676 46 1142 3677 541 1143 3678 2156 1143 3679 2154 1143 3680 2157 1144 3681 540 1144 3682 2155 1144 3683 543 1145 3684 2158 1145 3685 2156 1145 3686 2159 1146 3687 542 1146 3688 2157 1146 3689 545 1147 3690 535 1147 3691 2158 1147 3692 534 1148 3693 544 1148 3694 2159 1148 3695 2164 1149 3696 535 1149 3697 537 1149 3698 2165 1150 3699 534 1150 3700 2159 1150 3701 2164 1151 3702 539 1151 3703 2170 1151 3704 538 1152 3705 2165 1152 3706 2171 1152 3707 2170 1153 3708 58 1153 3709 502 1153 3710 503 1154 3711 538 1154 3712 2171 1154 3713 500 1155 3714 2170 1155 3715 502 1155 3716 503 1156 3717 2169 1156 3718 501 1156 3719 498 1157 3720 2168 1157 3721 500 1157 3722 499 1158 3723 2169 1158 3724 2166 1158 3725 529 1159 3726 498 1159 3727 60 1159 3728 499 1160 3729 528 1160 3730 61 1160 3731 529 1161 3732 2161 1161 3733 2167 1161 3734 528 1162 3735 2160 1162 3736 530 1162 3737 533 1163 3738 2161 1163 3739 531 1163 3740 2160 1164 3741 532 1164 3742 530 1164 3743 2179 1165 3744 2174 1165 3745 2180 1165 3746 2178 1166 3747 2175 1166 3748 2173 1166 3749 2180 1167 3750 2176 1167 3751 2182 1167 3752 2181 1168 3753 2177 1168 3754 2175 1168 3755 2179 1169 3756 2186 1169 3757 2185 1169 3758 2187 1170 3759 2178 1170 3760 2184 1170 3761 2180 1171 3762 2188 1171 3763 2186 1171 3764 2189 1172 3765 2181 1172 3766 2187 1172 3767 655 1173 3768 715 1173 3769 2172 1173 3770 654 1174 3771 714 1174 3772 84 1174 3773 715 1175 3774 2174 1175 3775 2172 1175 3776 2175 1176 3777 714 1176 3778 2173 1176 3779 717 1177 3780 2176 1177 3781 2174 1177 3782 2177 1178 3783 716 1178 3784 2175 1178 3785 2176 1179 3786 83 1179 3787 695 1179 3788 2177 1180 3789 82 1180 3790 718 1180 3791 2176 1181 3792 693 1181 3793 2182 1181 3794 692 1182 3795 2177 1182 3796 2183 1182 3797 2188 1183 3798 693 1183 3799 691 1183 3800 2189 1184 3801 692 1184 3802 2183 1184 3803 2188 1185 3804 96 1185 3805 772 1185 3806 97 1186 3807 2189 1186 3808 773 1186 3809 770 1187 3810 2188 1187 3811 772 1187 3812 771 1188 3813 2189 1188 3814 2187 1188 3815 768 1189 3816 2186 1189 3817 770 1189 3818 769 1190 3819 2187 1190 3820 2184 1190 3821 659 1191 3822 768 1191 3823 99 1191 3824 769 1192 3825 658 1192 3826 98 1192 3827 659 1193 3828 2179 1193 3829 2185 1193 3830 658 1194 3831 2178 1194 3832 656 1194 3833 655 1195 3834 2179 1195 3835 657 1195 3836 656 1196 3837 2173 1196 3838 654 1196 3839 2190 1197 3840 2198 1197 3841 2197 1197 3842 2199 1198 3843 2191 1198 3844 2196 1198 3845 2198 1199 3846 2194 1199 3847 2200 1199 3848 2199 1200 3849 2195 1200 3850 2193 1200 3851 2203 1201 3852 2198 1201 3853 2204 1201 3854 2202 1202 3855 2199 1202 3856 2196 1202 3857 2198 1203 3858 2206 1203 3859 2204 1203 3860 2207 1204 3861 2199 1204 3862 2205 1204 3863 787 1205 3864 739 1205 3865 2190 1205 3866 786 1206 3867 738 1206 3868 88 1206 3869 739 1207 3870 2192 1207 3871 2190 1207 3872 2193 1208 3873 738 1208 3874 2191 1208 3875 741 1209 3876 2194 1209 3877 2192 1209 3878 2195 1210 3879 740 1210 3880 2193 1210 3881 743 1211 3882 785 1211 3883 2194 1211 3884 784 1212 3885 742 1212 3886 2195 1212 3887 2200 1213 3888 785 1213 3889 783 1213 3890 782 1214 3891 2195 1214 3892 2201 1214 3893 2206 1215 3894 783 1215 3895 781 1215 3896 2207 1216 3897 782 1216 3898 2201 1216 3899 2206 1217 3900 100 1217 3901 748 1217 3902 749 1218 3903 780 1218 3904 2207 1218 3905 746 1219 3906 2206 1219 3907 748 1219 3908 747 1220 3909 2207 1220 3910 2205 1220 3911 744 1221 3912 2204 1221 3913 746 1221 3914 745 1222 3915 2205 1222 3916 2202 1222 3917 791 1223 3918 744 1223 3919 102 1223 3920 745 1224 3921 790 1224 3922 103 1224 3923 791 1225 3924 2197 1225 3925 2203 1225 3926 790 1226 3927 2196 1226 3928 788 1226 3929 787 1227 3930 2197 1227 3931 789 1227 3932 2196 1228 3933 786 1228 3934 788 1228 3935 2215 1229 3936 2210 1229 3937 2216 1229 3938 2214 1230 3939 2211 1230 3940 2209 1230 3941 2210 1231 3942 2218 1231 3943 2216 1231 3944 2217 1232 3945 2213 1232 3946 2211 1232 3947 2215 1233 3948 2222 1233 3949 2221 1233 3950 2223 1234 3951 2214 1234 3952 2220 1234 3953 2222 1235 3954 2218 1235 3955 2224 1235 3956 2223 1236 3957 2219 1236 3958 2217 1236 3959 93 1237 3960 2208 1237 3961 799 1237 3962 798 1238 3963 762 1238 3964 92 1238 3965 763 1239 3966 2210 1239 3967 2208 1239 3968 2211 1240 3969 762 1240 3970 2209 1240 3971 765 1241 3972 2212 1241 3973 2210 1241 3974 2213 1242 3975 764 1242 3976 2211 1242 3977 767 1243 3978 797 1243 3979 2212 1243 3980 796 1244 3981 766 1244 3982 2213 1244 3983 2212 1245 3984 795 1245 3985 2218 1245 3986 794 1246 3987 2213 1246 3988 2219 1246 3989 2224 1247 3990 795 1247 3991 793 1247 3992 2225 1248 3993 794 1248 3994 2219 1248 3995 2224 1249 3996 104 1249 3997 724 1249 3998 725 1250 3999 792 1250 4000 2225 1250 4001 722 1251 4002 2224 1251 4003 724 1251 4004 723 1252 4005 2225 1252 4006 2223 1252 4007 720 1253 4008 2222 1253 4009 722 1253 4010 721 1254 4011 2223 1254 4012 2220 1254 4013 106 1255 4014 2221 1255 4015 720 1255 4016 721 1256 4017 802 1256 4018 107 1256 4019 801 1257 4020 2221 1257 4021 803 1257 4022 2220 1258 4023 800 1258 4024 802 1258 4025 801 1259 4026 2208 1259 4027 2215 1259 4028 800 1260 4029 2209 1260 4030 798 1260 4031 2226 1261 4032 2234 1261 4033 2233 1261 4034 2235 1262 4035 2227 1262 4036 2232 1262 4037 2228 1263 4038 2236 1263 4039 2234 1263 4040 2237 1264 4041 2229 1264 4042 2235 1264 4043 2239 1265 4044 2234 1265 4045 2240 1265 4046 2241 1266 4047 2232 1266 4048 2238 1266 4049 2240 1267 4050 2236 1267 4051 2242 1267 4052 2243 1268 4053 2235 1268 4054 2241 1268 4055 676 1269 4056 775 1269 4057 2226 1269 4058 2227 1270 4059 75 1270 4060 677 1270 4061 2226 1271 4062 777 1271 4063 2228 1271 4064 2227 1272 4065 776 1272 4066 774 1272 4067 777 1273 4068 2230 1273 4069 2228 1273 4070 2229 1274 4071 778 1274 4072 776 1274 4073 779 1275 4074 799 1275 4075 2230 1275 4076 2231 1276 4077 92 1276 4078 778 1276 4079 2230 1277 4080 801 1277 4081 2236 1277 4082 800 1278 4083 2231 1278 4084 2237 1278 4085 2242 1279 4086 801 1279 4087 803 1279 4088 802 1280 4089 2237 1280 4090 2243 1280 4091 712 1281 4092 803 1281 4093 106 1281 4094 107 1282 4095 2243 1282 4096 713 1282 4097 710 1283 4098 2242 1283 4099 712 1283 4100 713 1284 4101 2241 1284 4102 711 1284 4103 708 1285 4104 2240 1285 4105 710 1285 4106 711 1286 4107 2238 1286 4108 709 1286 4109 672 1287 4110 708 1287 4111 78 1287 4112 79 1288 4113 2238 1288 4114 673 1288 4115 674 1289 4116 2239 1289 4117 672 1289 4118 673 1290 4119 2232 1290 4120 675 1290 4121 674 1291 4122 2226 1291 4123 2233 1291 4124 2232 1292 4125 677 1292 4126 675 1292 4127 2251 1293 4128 2246 1293 4129 2252 1293 4130 2250 1294 4131 2247 1294 4132 2245 1294 4133 2252 1295 4134 2248 1295 4135 2254 1295 4136 2253 1296 4137 2249 1296 4138 2247 1296 4139 2251 1297 4140 2258 1297 4141 2257 1297 4142 2256 1298 4143 2253 1298 4144 2250 1298 4145 2258 1299 4146 2254 1299 4147 2260 1299 4148 2261 1300 4149 2253 1300 4150 2259 1300 4151 91 1301 4152 2244 1301 4153 797 1301 4154 2245 1302 4155 90 1302 4156 796 1302 4157 751 1303 4158 2246 1303 4159 2244 1303 4160 2247 1304 4161 750 1304 4162 2245 1304 4163 753 1305 4164 2248 1305 4165 2246 1305 4166 2247 1306 4167 754 1306 4168 752 1306 4169 755 1307 4170 787 1307 4171 2248 1307 4172 786 1308 4173 754 1308 4174 2249 1308 4175 2248 1309 4176 789 1309 4177 2254 1309 4178 2255 1310 4179 786 1310 4180 2249 1310 4181 2260 1311 4182 789 1311 4183 791 1311 4184 790 1312 4185 2255 1312 4186 2261 1312 4187 736 1313 4188 791 1313 4189 102 1313 4190 737 1314 4191 790 1314 4192 2261 1314 4193 2258 1315 4194 736 1315 4195 734 1315 4196 737 1316 4197 2259 1316 4198 735 1316 4199 2257 1317 4200 734 1317 4201 732 1317 4202 735 1318 4203 2256 1318 4204 733 1318 4205 104 1319 4206 2257 1319 4207 732 1319 4208 105 1320 4209 2256 1320 4210 792 1320 4211 793 1321 4212 2251 1321 4213 2257 1321 4214 792 1322 4215 2250 1322 4216 794 1322 4217 795 1323 4218 2244 1323 4219 2251 1323 4220 2250 1324 4221 796 1324 4222 794 1324 4223 2262 1325 4224 2270 1325 4225 2269 1325 4226 2271 1326 4227 2263 1326 4228 2268 1326 4229 2264 1327 4230 2272 1327 4231 2270 1327 4232 2273 1328 4233 2265 1328 4234 2271 1328 4235 2275 1329 4236 2270 1329 4237 2276 1329 4238 2274 1330 4239 2271 1330 4240 2268 1330 4241 2276 1331 4242 2272 1331 4243 2278 1331 4244 2277 1332 4245 2273 1332 4246 2271 1332 4247 697 1333 4248 649 1333 4249 2262 1333 4250 696 1334 4251 648 1334 4252 80 1334 4253 2262 1335 4254 651 1335 4255 2264 1335 4256 2263 1336 4257 650 1336 4258 648 1336 4259 651 1337 4260 2266 1337 4261 2264 1337 4262 2267 1338 4263 650 1338 4264 2265 1338 4265 653 1339 4266 971 1339 4267 2266 1339 4268 970 1340 4269 652 1340 4270 2267 1340 4271 2266 1341 4272 969 1341 4273 2272 1341 4274 2273 1342 4275 970 1342 4276 2267 1342 4277 2278 1343 4278 969 1343 4279 967 1343 4280 966 1344 4281 2273 1344 4282 2279 1344 4283 682 1345 4284 967 1345 4285 72 1345 4286 73 1346 4287 2279 1346 4288 683 1346 4289 680 1347 4290 2278 1347 4291 682 1347 4292 683 1348 4293 2277 1348 4294 681 1348 4295 678 1349 4296 2276 1349 4297 680 1349 4298 679 1350 4299 2277 1350 4300 2274 1350 4301 701 1351 4302 678 1351 4303 94 1351 4304 95 1352 4305 2274 1352 4306 700 1352 4307 699 1353 4308 2275 1353 4309 701 1353 4310 2274 1354 4311 698 1354 4312 700 1354 4313 697 1355 4314 2269 1355 4315 699 1355 4316 2268 1356 4317 696 1356 4318 698 1356 4319 2280 1357 4320 2288 1357 4321 2287 1357 4322 2289 1358 4323 2281 1358 4324 2286 1358 4325 2288 1359 4326 2284 1359 4327 2290 1359 4328 2289 1360 4329 2285 1360 4330 2283 1360 4331 2287 1361 4332 2294 1361 4333 2293 1361 4334 2292 1362 4335 2289 1362 4336 2286 1362 4337 2294 1363 4338 2290 1363 4339 2296 1363 4340 2295 1364 4341 2291 1364 4342 2289 1364 4343 785 1365 4344 727 1365 4345 2280 1365 4346 784 1366 4347 726 1366 4348 86 1366 4349 2280 1367 4350 729 1367 4351 2282 1367 4352 2281 1368 4353 728 1368 4354 726 1368 4355 729 1369 4356 2284 1369 4357 2282 1369 4358 2285 1370 4359 728 1370 4360 2283 1370 4361 731 1371 4362 655 1371 4363 2284 1371 4364 654 1372 4365 730 1372 4366 2285 1372 4367 2284 1373 4368 657 1373 4369 2290 1373 4370 656 1374 4371 2285 1374 4372 2291 1374 4373 2296 1375 4374 657 1375 4375 659 1375 4376 2297 1376 4377 656 1376 4378 2291 1376 4379 2296 1377 4380 99 1377 4381 760 1377 4382 98 1378 4383 2297 1378 4384 761 1378 4385 2294 1379 4386 760 1379 4387 758 1379 4388 761 1380 4389 2295 1380 4390 759 1380 4391 756 1381 4392 2294 1381 4393 758 1381 4394 759 1382 4395 2292 1382 4396 757 1382 4397 781 1383 4398 756 1383 4399 100 1383 4400 757 1384 4401 780 1384 4402 101 1384 4403 781 1385 4404 2287 1385 4405 2293 1385 4406 780 1386 4407 2286 1386 4408 782 1386 4409 785 1387 4410 2287 1387 4411 783 1387 4412 2286 1388 4413 784 1388 4414 782 1388 4415 2298 1389 4416 2306 1389 4417 2305 1389 4418 2304 1390 4419 2301 1390 4420 2299 1390 4421 2300 1120 4422 2308 1120 4423 2306 1120 4424 2307 1391 4425 2303 1391 4426 2301 1391 4427 2311 1392 4428 2306 1392 4429 2312 1392 4430 2313 1393 4431 2304 1393 4432 2310 1393 4433 2312 1394 4434 2308 1394 4435 2314 1394 4436 2315 1395 4437 2307 1395 4438 2313 1395 4439 1843 1396 4440 859 1396 4441 2298 1396 4442 2299 1397 4443 334 1397 4444 1842 1397 4445 2298 1398 4446 861 1398 4447 2300 1398 4448 2301 1399 4449 858 1399 4450 2299 1399 4451 861 1120 4452 2302 1120 4453 2300 1120 4454 2303 1400 4455 860 1400 4456 2301 1400 4457 863 1120 4458 977 1120 4459 2302 1120 4460 2303 1109 4461 110 1109 4462 862 1109 4463 2302 1120 4464 975 1120 4465 2308 1120 4466 2309 1401 4467 976 1401 4468 2303 1401 4469 2314 1402 4470 975 1402 4471 973 1402 4472 972 1403 4473 2309 1403 4474 2315 1403 4475 670 1120 4476 973 1120 4477 112 1120 4478 113 1109 4479 2315 1109 4480 671 1109 4481 668 1120 4482 2314 1120 4483 670 1120 4484 669 1404 4485 2315 1404 4486 2313 1404 4487 2311 1405 4488 668 1405 4489 666 1405 4490 667 1406 4491 2313 1406 4492 2310 1406 4493 326 1407 4494 2311 1407 4495 666 1407 4496 667 1408 4497 1846 1408 4498 327 1408 4499 1845 1409 4500 2311 1409 4501 1847 1409 4502 2310 1410 4503 1844 1410 4504 1846 1410 4505 1843 1411 4506 2305 1411 4507 1845 1411 4508 1844 1412 4509 2299 1412 4510 1842 1412 4511 2323 1413 4512 2318 1413 4513 2324 1413 4514 2322 1414 4515 2319 1414 4516 2317 1414 4517 2324 1415 4518 2320 1415 4519 2326 1415 4520 2325 1416 4521 2321 1416 4522 2319 1416 4523 2329 1417 4524 2324 1417 4525 2330 1417 4526 2328 1418 4527 2325 1418 4528 2322 1418 4529 2330 1419 4530 2326 1419 4531 2332 1419 4532 2331 1420 4533 2327 1420 4534 2325 1420 4535 695 1421 4536 703 1421 4537 2316 1421 4538 694 1422 4539 702 1422 4540 82 1422 4541 703 1423 4542 2318 1423 4543 2316 1423 4544 2319 1424 4545 702 1424 4546 2317 1424 4547 705 1425 4548 2320 1425 4549 2318 1425 4550 2321 1426 4551 704 1426 4552 2319 1426 4553 707 1427 4554 697 1427 4555 2320 1427 4556 696 1428 4557 706 1428 4558 2321 1428 4559 2326 1429 4560 697 1429 4561 699 1429 4562 2327 1430 4563 696 1430 4564 2321 1430 4565 2326 1431 4566 701 1431 4567 2332 1431 4568 700 1432 4569 2327 1432 4570 2333 1432 4571 2332 1433 4572 94 1433 4573 664 1433 4574 665 1434 4575 700 1434 4576 2333 1434 4577 662 1435 4578 2332 1435 4579 664 1435 4580 665 1436 4581 2331 1436 4582 663 1436 4583 660 1437 4584 2330 1437 4585 662 1437 4586 661 1438 4587 2331 1438 4588 2328 1438 4589 691 1439 4590 660 1439 4591 96 1439 4592 661 1440 4593 690 1440 4594 97 1440 4595 691 1441 4596 2323 1441 4597 2329 1441 4598 690 1442 4599 2322 1442 4600 692 1442 4601 695 1443 4602 2323 1443 4603 693 1443 4604 2322 1444 4605 694 1444 4606 692 1444 4607 2341 1445 4608 2336 1445 4609 2342 1445 4610 2340 1446 4611 2337 1446 4612 2335 1446 4613 2342 1447 4614 2338 1447 4615 2344 1447 4616 2343 1448 4617 2339 1448 4618 2337 1448 4619 2347 1449 4620 2342 1449 4621 2348 1449 4622 2346 1450 4623 2343 1450 4624 2340 1450 4625 2342 1451 4626 2350 1451 4627 2348 1451 4628 2351 1452 4629 2343 1452 4630 2349 1452 4631 864 1453 4632 810 1453 4633 2334 1453 4634 865 1454 4635 811 1454 4636 121 1454 4637 810 1455 4638 2336 1455 4639 2334 1455 4640 2337 1456 4641 811 1456 4642 2335 1456 4643 2336 1457 4644 814 1457 4645 2338 1457 4646 2337 1458 4647 815 1458 4648 813 1458 4649 814 1459 4650 919 1459 4651 2338 1459 4652 918 1460 4653 815 1460 4654 2339 1460 4655 2338 1461 4656 921 1461 4657 2344 1461 4658 920 1462 4659 2339 1462 4660 2345 1462 4661 2350 1463 4662 921 1463 4663 923 1463 4664 2351 1464 4665 920 1464 4666 2345 1464 4667 840 1465 4668 923 1465 4669 133 1465 4670 841 1466 4671 922 1466 4672 2351 1466 4673 2348 1467 4674 840 1467 4675 842 1467 4676 841 1468 4677 2349 1468 4678 843 1468 4679 2347 1469 4680 842 1469 4681 844 1469 4682 843 1470 4683 2346 1470 4684 845 1470 4685 118 1471 4686 2347 1471 4687 844 1471 4688 119 1472 4689 2346 1472 4690 869 1472 4691 866 1473 4692 2347 1473 4693 868 1473 4694 2346 1474 4695 867 1474 4696 869 1474 4697 864 1475 4698 2341 1475 4699 866 1475 4700 2340 1476 4701 865 1476 4702 867 1476 4703 2352 1477 4704 2360 1477 4705 2359 1477 4706 2361 1478 4707 2353 1478 4708 2358 1478 4709 2354 1479 4710 2362 1479 4711 2360 1479 4712 2361 1480 4713 2357 1480 4714 2355 1480 4715 2365 1481 4716 2360 1481 4717 2366 1481 4718 2364 1482 4719 2361 1482 4720 2358 1482 4721 2360 1483 4722 2368 1483 4723 2366 1483 4724 2369 1484 4725 2361 1484 4726 2367 1484 4727 888 1485 4728 942 1485 4729 2352 1485 4730 889 1486 4731 943 1486 4732 125 1486 4733 942 1487 4734 2354 1487 4735 2352 1487 4736 2355 1488 4737 943 1488 4738 2353 1488 4739 2354 1489 4740 946 1489 4741 2356 1489 4742 2355 1490 4743 947 1490 4744 945 1490 4745 946 1491 4746 895 1491 4747 2356 1491 4748 894 1492 4749 947 1492 4750 2357 1492 4751 2362 1493 4752 895 1493 4753 897 1493 4754 896 1494 4755 2357 1494 4756 2363 1494 4757 2368 1495 4758 897 1495 4759 899 1495 4760 2369 1496 4761 896 1496 4762 2363 1496 4763 930 1497 4764 899 1497 4765 137 1497 4766 931 1498 4767 898 1498 4768 2369 1498 4769 2366 1499 4770 930 1499 4771 932 1499 4772 931 1500 4773 2367 1500 4774 933 1500 4775 2365 1501 4776 932 1501 4777 934 1501 4778 933 1502 4779 2364 1502 4780 935 1502 4781 122 1503 4782 2365 1503 4783 934 1503 4784 123 1504 4785 2364 1504 4786 893 1504 4787 890 1505 4788 2365 1505 4789 892 1505 4790 2364 1506 4791 891 1506 4792 893 1506 4793 888 1507 4794 2359 1507 4795 890 1507 4796 891 1508 4797 2353 1508 4798 889 1508 4799 2370 1509 4800 2378 1509 4801 2377 1509 4802 2376 1510 4803 2373 1510 4804 2371 1510 4805 2372 1511 4806 2380 1511 4807 2378 1511 4808 2381 1512 4809 2373 1512 4810 2379 1512 4811 2377 1513 4812 2384 1513 4813 2383 1513 4814 2385 1514 4815 2376 1514 4816 2382 1514 4817 2378 1515 4818 2386 1515 4819 2384 1515 4820 2387 1516 4821 2379 1516 4822 2385 1516 4823 128 1517 4824 2370 1517 4825 912 1517 4826 2371 1518 4827 129 1518 4828 913 1518 4829 2370 1519 4830 956 1519 4831 2372 1519 4832 2371 1520 4833 957 1520 4834 955 1520 4835 956 1521 4836 2374 1521 4837 2372 1521 4838 2375 1522 4839 957 1522 4840 2373 1522 4841 2374 1523 4842 143 1523 4843 871 1523 4844 870 1524 4845 959 1524 4846 2375 1524 4847 2380 1511 4848 871 1511 4849 873 1511 4850 2381 1525 4851 870 1525 4852 2375 1525 4853 2386 1526 4854 873 1526 4855 875 1526 4856 2387 1527 4857 872 1527 4858 2381 1527 4859 2386 1528 4860 141 1528 4861 948 1528 4862 949 1529 4863 874 1529 4864 2387 1529 4865 950 1530 4866 2386 1530 4867 948 1530 4868 951 1531 4869 2387 1531 4870 2385 1531 4871 2383 1532 4872 950 1532 4873 952 1532 4874 951 1533 4875 2382 1533 4876 953 1533 4877 126 1534 4878 2383 1534 4879 952 1534 4880 953 1535 4881 917 1535 4882 127 1535 4883 914 1536 4884 2383 1536 4885 916 1536 4886 917 1537 4887 2376 1537 4888 915 1537 4889 912 1538 4890 2377 1538 4891 914 1538 4892 2376 1539 4893 913 1539 4894 915 1539 4895 2395 1540 4896 2390 1540 4897 2396 1540 4898 2394 1541 4899 2391 1541 4900 2389 1541 4901 2390 1542 4902 2398 1542 4903 2396 1542 4904 2397 1543 4905 2393 1543 4906 2391 1543 4907 2401 706 4908 2396 706 4909 2402 706 4910 2400 1544 4911 2397 1544 4912 2394 1544 4913 2396 706 4914 2404 706 4915 2402 706 4916 2403 704 4917 2399 704 4918 2397 704 4919 804 1545 4920 1703 1545 4921 2388 1545 4922 805 1546 4923 1702 1546 4924 303 1546 4925 1703 1547 4926 2390 1547 4927 2388 1547 4928 2391 1548 4929 1702 1548 4930 2389 1548 4931 1701 1549 4932 2392 1549 4933 2390 1549 4934 2393 1550 4935 1700 1550 4936 2391 1550 4937 1699 1551 4938 685 1551 4939 2392 1551 4940 684 1552 4941 1698 1552 4942 2393 1552 4943 2392 706 4944 687 706 4945 2398 706 4946 2399 1553 4947 684 1553 4948 2393 1553 4949 2404 706 4950 687 706 4951 689 706 4952 2405 704 4953 686 704 4954 2399 704 4955 941 1554 4956 689 1554 4957 109 1554 4958 940 704 4959 688 704 4960 2405 704 4961 2402 706 4962 941 706 4963 939 706 4964 938 704 4965 2405 704 4966 2403 704 4967 937 706 4968 2402 706 4969 939 706 4970 938 1555 4971 2400 1555 4972 936 1555 4973 808 1556 4974 937 1556 4975 114 1556 4976 936 1557 4977 809 1557 4978 115 1557 4979 806 706 4980 2401 706 4981 808 706 4982 2400 1558 4983 807 1558 4984 809 1558 4985 804 1559 4986 2395 1559 4987 806 1559 4988 2394 1560 4989 805 1560 4990 807 1560 4991 2406 1561 4992 2414 1561 4993 2413 1561 4994 2412 1562 4995 2409 1562 4996 2407 1562 4997 2414 1563 4998 2410 1563 4999 2416 1563 5000 2417 1564 5001 2409 1564 5002 2415 1564 5003 2419 1565 5004 2414 1565 5005 2420 1565 5006 2418 1566 5007 2415 1566 5008 2412 1566 5009 2414 1567 5010 2422 1567 5011 2420 1567 5012 2423 1568 5013 2415 1568 5014 2421 1568 5015 924 1569 5016 976 1569 5017 2406 1569 5018 2407 1570 5019 111 1570 5020 925 1570 5021 2406 1571 5022 974 1571 5023 2408 1571 5024 2409 1572 5025 977 1572 5026 2407 1572 5027 974 1573 5028 2410 1573 5029 2408 1573 5030 2409 1574 5031 973 1574 5032 975 1574 5033 972 1575 5034 979 1575 5035 2410 1575 5036 2411 1576 5037 112 1576 5038 973 1576 5039 2416 1577 5040 979 1577 5041 981 1577 5042 980 1578 5043 2411 1578 5044 2417 1578 5045 2422 1579 5046 981 1579 5047 983 1579 5048 982 1580 5049 2417 1580 5050 2423 1580 5051 958 1581 5052 983 1581 5053 143 1581 5054 142 1582 5055 2423 1582 5056 959 1582 5057 2420 1583 5058 958 1583 5059 956 1583 5060 959 1584 5061 2421 1584 5062 957 1584 5063 954 1585 5064 2420 1585 5065 956 1585 5066 955 1586 5067 2421 1586 5068 2418 1586 5069 928 1587 5070 954 1587 5071 128 1587 5072 955 1588 5073 929 1588 5074 129 1588 5075 926 1589 5076 2419 1589 5077 928 1589 5078 2418 1590 5079 927 1590 5080 929 1590 5081 924 1591 5082 2413 1591 5083 926 1591 5084 927 1592 5085 2407 1592 5086 925 1592 5087 2431 1593 5088 2426 1593 5089 2432 1593 5090 2430 1594 5091 2427 1594 5092 2425 1594 5093 2426 1595 5094 2434 1595 5095 2432 1595 5096 2435 1596 5097 2427 1596 5098 2433 1596 5099 2431 1597 5100 2438 1597 5101 2437 1597 5102 2436 1598 5103 2433 1598 5104 2430 1598 5105 2438 1599 5106 2434 1599 5107 2440 1599 5108 2439 1600 5109 2435 1600 5110 2433 1600 5111 126 1601 5112 2424 1601 5113 900 1601 5114 2425 1602 5115 127 1602 5116 901 1602 5117 2424 1603 5118 950 1603 5119 2426 1603 5120 2427 1604 5121 953 1604 5122 2425 1604 5123 950 1605 5124 2428 1605 5125 2426 1605 5126 2427 1606 5127 949 1606 5128 951 1606 5129 948 1607 5130 883 1607 5131 2428 1607 5132 2429 1608 5133 140 1608 5134 949 1608 5135 2434 1609 5136 883 1609 5137 885 1609 5138 2435 1610 5139 882 1610 5140 2429 1610 5141 2434 1611 5142 887 1611 5143 2440 1611 5144 886 1612 5145 2435 1612 5146 2441 1612 5147 946 1613 5148 887 1613 5149 139 1613 5150 947 1614 5151 886 1614 5152 2441 1614 5153 944 1615 5154 2440 1615 5155 946 1615 5156 945 1616 5157 2441 1616 5158 2439 1616 5159 2437 1617 5160 944 1617 5161 942 1617 5162 945 1618 5163 2436 1618 5164 943 1618 5165 124 1619 5166 2437 1619 5167 942 1619 5168 125 1620 5169 2436 1620 5170 905 1620 5171 904 1621 5172 2431 1621 5173 2437 1621 5174 905 1622 5175 2430 1622 5176 903 1622 5177 900 1623 5178 2431 1623 5179 902 1623 5180 2430 1624 5181 901 1624 5182 903 1624 5183 2442 1625 5184 2450 1625 5185 2449 1625 5186 2451 1626 5187 2443 1626 5188 2448 1626 5189 2450 1627 5190 2446 1627 5191 2452 1627 5192 2451 1628 5193 2447 1628 5194 2445 1628 5195 2455 1629 5196 2450 1629 5197 2456 1629 5198 2454 1630 5199 2451 1630 5200 2448 1630 5201 2450 1631 5202 2458 1631 5203 2456 1631 5204 2459 1632 5205 2451 1632 5206 2457 1632 5207 828 1633 5208 846 1633 5209 2442 1633 5210 2443 1634 5211 117 1634 5212 829 1634 5213 2442 1635 5214 848 1635 5215 2444 1635 5216 2443 1636 5217 849 1636 5218 847 1636 5219 2444 1637 5220 850 1637 5221 2446 1637 5222 2445 1638 5223 851 1638 5224 849 1638 5225 850 1639 5226 823 1639 5227 2446 1639 5228 822 1640 5229 851 1640 5230 2447 1640 5231 2446 1641 5232 825 1641 5233 2452 1641 5234 824 1642 5235 2447 1642 5236 2453 1642 5237 2452 1643 5238 827 1643 5239 2458 1643 5240 826 1644 5241 2453 1644 5242 2459 1644 5243 940 1645 5244 827 1645 5245 108 1645 5246 109 1646 5247 2459 1646 5248 941 1646 5249 2456 1647 5250 940 1647 5251 938 1647 5252 941 1648 5253 2457 1648 5254 939 1648 5255 2455 1649 5256 938 1649 5257 936 1649 5258 937 1650 5259 2457 1650 5260 2454 1650 5261 832 1651 5262 936 1651 5263 115 1651 5264 114 1652 5265 2454 1652 5266 833 1652 5267 832 1653 5268 2449 1653 5269 2455 1653 5270 833 1654 5271 2448 1654 5272 831 1654 5273 830 1655 5274 2442 1655 5275 2449 1655 5276 831 1656 5277 2443 1656 5278 829 1656 5279 2460 1657 5280 2468 1657 5281 2467 1657 5282 2469 1658 5283 2461 1658 5284 2466 1658 5285 2468 1659 5286 2464 1659 5287 2470 1659 5288 2469 1660 5289 2465 1660 5290 2463 1660 5291 2467 1661 5292 2474 1661 5293 2473 1661 5294 2475 1662 5295 2466 1662 5296 2472 1662 5297 2474 1663 5298 2470 1663 5299 2476 1663 5300 2475 1664 5301 2471 1664 5302 2469 1664 5303 876 1665 5304 934 1665 5305 2460 1665 5306 877 1666 5307 935 1666 5308 123 1666 5309 934 1667 5310 2462 1667 5311 2460 1667 5312 2463 1668 5313 935 1668 5314 2461 1668 5315 2462 1669 5316 930 1669 5317 2464 1669 5318 2463 1670 5319 931 1670 5320 933 1670 5321 930 1671 5322 907 1671 5323 2464 1671 5324 906 1672 5325 931 1672 5326 2465 1672 5327 2464 1673 5328 909 1673 5329 2470 1673 5330 908 1674 5331 2465 1674 5332 2471 1674 5333 2470 1675 5334 911 1675 5335 2476 1675 5336 910 1676 5337 2471 1676 5338 2477 1676 5339 814 1677 5340 911 1677 5341 134 1677 5342 815 1678 5343 910 1678 5344 2477 1678 5345 812 1679 5346 2476 1679 5347 814 1679 5348 813 1680 5349 2477 1680 5350 2475 1680 5351 2473 1681 5352 812 1681 5353 810 1681 5354 813 1682 5355 2472 1682 5356 811 1682 5357 880 1683 5358 810 1683 5359 120 1683 5360 811 1684 5361 881 1684 5362 121 1684 5363 878 1685 5364 2473 1685 5365 880 1685 5366 2472 1686 5367 879 1686 5368 881 1686 5369 878 1687 5370 2460 1687 5371 2467 1687 5372 879 1688 5373 2461 1688 5374 877 1688 5375 2485 1689 5376 2480 1689 5377 2486 1689 5378 2484 1690 5379 2481 1690 5380 2479 1690 5381 2486 1691 5382 2482 1691 5383 2488 1691 5384 2487 1692 5385 2483 1692 5386 2481 1692 5387 2491 1693 5388 2486 1693 5389 2492 1693 5390 2490 1694 5391 2487 1694 5392 2484 1694 5393 2492 1695 5394 2488 1695 5395 2494 1695 5396 2493 1696 5397 2489 1696 5398 2487 1696 5399 118 1697 5400 2478 1697 5401 852 1697 5402 853 1698 5403 845 1698 5404 119 1698 5405 844 1699 5406 2480 1699 5407 2478 1699 5408 2481 1700 5409 845 1700 5410 2479 1700 5411 2480 1701 5412 840 1701 5413 2482 1701 5414 2481 1702 5415 841 1702 5416 843 1702 5417 2482 1703 5418 133 1703 5419 817 1703 5420 2483 1704 5421 132 1704 5422 841 1704 5423 2488 1705 5424 817 1705 5425 819 1705 5426 2489 1706 5427 816 1706 5428 2483 1706 5429 2494 1707 5430 819 1707 5431 821 1707 5432 2495 1708 5433 818 1708 5434 2489 1708 5435 2494 1709 5436 131 1709 5437 850 1709 5438 130 1710 5439 2495 1710 5440 851 1710 5441 2492 1711 5442 850 1711 5443 848 1711 5444 851 1712 5445 2493 1712 5446 849 1712 5447 846 1713 5448 2492 1713 5449 848 1713 5450 847 1714 5451 2493 1714 5452 2490 1714 5453 856 1715 5454 846 1715 5455 116 1715 5456 847 1716 5457 857 1716 5458 117 1716 5459 854 1717 5460 2491 1717 5461 856 1717 5462 2490 1718 5463 855 1718 5464 857 1718 5465 852 1719 5466 2485 1719 5467 854 1719 5468 2484 1720 5469 853 1720 5470 855 1720 5471 2496 1721 5472 2504 1721 5473 2503 1721 5474 2502 706 5475 2499 706 5476 2497 706 5477 2504 1722 5478 2500 1722 5479 2506 1722 5480 2505 706 5481 2501 706 5482 2499 706 5483 2503 1723 5484 2510 1723 5485 2509 1723 5486 2511 1724 5487 2502 1724 5488 2508 1724 5489 2504 711 5490 2512 711 5491 2510 711 5492 2513 712 5493 2505 712 5494 2511 712 5495 76 704 5496 2496 704 5497 984 704 5498 985 1725 5499 971 1725 5500 77 1725 5501 970 704 5502 2498 704 5503 2496 704 5504 2497 706 5505 969 706 5506 971 706 5507 968 704 5508 2500 704 5509 2498 704 5510 2499 706 5511 967 706 5512 969 706 5513 966 704 5514 1105 704 5515 2500 704 5516 1104 706 5517 967 706 5518 2501 706 5519 2500 1726 5520 1107 1726 5521 2506 1726 5522 1106 1727 5523 2501 1727 5524 2507 1727 5525 2512 1728 5526 1107 1728 5527 1109 1728 5528 2513 1729 5529 1106 1729 5530 2507 1729 5531 1224 1730 5532 1109 1730 5533 185 1730 5534 1225 1731 5535 1108 1731 5536 2513 1731 5537 2510 1732 5538 1224 1732 5539 1226 1732 5540 1227 703 5541 2513 703 5542 2511 703 5543 1228 1733 5544 2510 1733 5545 1226 1733 5546 1227 1734 5547 2508 1734 5548 1229 1734 5549 988 1735 5550 1228 1735 5551 144 1735 5552 1229 1736 5553 989 1736 5554 145 1736 5555 986 1737 5556 2509 1737 5557 988 1737 5558 2508 1738 5559 987 1738 5560 989 1738 5561 984 1739 5562 2503 1739 5563 986 1739 5564 987 706 5565 2497 706 5566 985 706 5567 2514 1740 5568 2522 1740 5569 2521 1740 5570 2523 1741 5571 2515 1741 5572 2520 1741 5573 2522 1742 5574 2518 1742 5575 2524 1742 5576 2525 1743 5577 2517 1743 5578 2523 1743 5579 2527 1744 5580 2522 1744 5581 2528 1744 5582 2529 1745 5583 2520 1745 5584 2526 1745 5585 2522 1746 5586 2530 1746 5587 2528 1746 5588 2531 1747 5589 2523 1747 5590 2529 1747 5591 990 1748 5592 1228 1748 5593 2514 1748 5594 991 1749 5595 1229 1749 5596 145 1749 5597 1228 1750 5598 2516 1750 5599 2514 1750 5600 2517 1751 5601 1229 1751 5602 2515 1751 5603 2516 1752 5604 1224 1752 5605 2518 1752 5606 2517 1753 5607 1225 1753 5608 1227 1753 5609 1224 704 5610 1111 704 5611 2518 704 5612 1110 1754 5613 1225 1754 5614 2519 1754 5615 2518 1755 5616 1113 1755 5617 2524 1755 5618 1112 1756 5619 2519 1756 5620 2525 1756 5621 2530 1757 5622 1113 1757 5623 1115 1757 5624 2531 1758 5625 1112 1758 5626 2525 1758 5627 1230 1759 5628 1115 1759 5629 187 1759 5630 186 1760 5631 2531 1760 5632 1231 1760 5633 1232 1761 5634 2530 1761 5635 1230 1761 5636 1233 1762 5637 2531 1762 5638 2529 1762 5639 2527 1763 5640 1232 1763 5641 1234 1763 5642 1233 1764 5643 2526 1764 5644 1235 1764 5645 146 1765 5646 2527 1765 5647 1234 1765 5648 147 706 5649 2526 706 5650 995 706 5651 994 1766 5652 2521 1766 5653 2527 1766 5654 995 706 5655 2520 706 5656 993 706 5657 992 1767 5658 2514 1767 5659 2521 1767 5660 993 1768 5661 2515 1768 5662 991 1768 5663 2532 1769 5664 2540 1769 5665 2539 1769 5666 2541 1770 5667 2533 1770 5668 2538 1770 5669 2540 1771 5670 2536 1771 5671 2542 1771 5672 2541 1772 5673 2537 1772 5674 2535 1772 5675 2545 1771 5676 2540 1771 5677 2546 1771 5678 2544 1773 5679 2541 1773 5680 2538 1773 5681 2540 1746 5682 2548 1746 5683 2546 1746 5684 2549 1774 5685 2541 1774 5686 2547 1774 5687 996 1775 5688 1234 1775 5689 2532 1775 5690 997 1776 5691 1235 1776 5692 147 1776 5693 1234 1777 5694 2534 1777 5695 2532 1777 5696 2535 1778 5697 1235 1778 5698 2533 1778 5699 2534 1779 5700 1230 1779 5701 2536 1779 5702 2535 1780 5703 1231 1780 5704 1233 1780 5705 1230 704 5706 1117 704 5707 2536 704 5708 2537 1781 5709 186 1781 5710 1231 1781 5711 2542 1782 5712 1117 1782 5713 1119 1782 5714 2543 1783 5715 1116 1783 5716 2537 1783 5717 2548 1784 5718 1119 1784 5719 1121 1784 5720 1120 1785 5721 2543 1785 5722 2549 1785 5723 1236 1786 5724 1121 1786 5725 189 1786 5726 1237 706 5727 1120 706 5728 2549 706 5729 2546 1787 5730 1236 1787 5731 1238 1787 5732 1237 1788 5733 2547 1788 5734 1239 1788 5735 2545 1789 5736 1238 1789 5737 1240 1789 5738 1239 1790 5739 2544 1790 5740 1241 1790 5741 148 1791 5742 2545 1791 5743 1240 1791 5744 149 706 5745 2544 706 5746 1001 706 5747 998 1792 5748 2545 1792 5749 1000 1792 5750 1001 706 5751 2538 706 5752 999 706 5753 996 1793 5754 2539 1793 5755 998 1793 5756 2538 1794 5757 997 1794 5758 999 1794 5759 2557 1795 5760 2552 1795 5761 2558 1795 5762 2556 1796 5763 2553 1796 5764 2551 1796 5765 2552 1797 5766 2560 1797 5767 2558 1797 5768 2561 1798 5769 2553 1798 5770 2559 1798 5771 2563 1742 5772 2558 1742 5773 2564 1742 5774 2562 1799 5775 2559 1799 5776 2556 1799 5777 2558 1800 5778 2566 1800 5779 2564 1800 5780 2567 1801 5781 2559 1801 5782 2565 1801 5783 1002 1802 5784 1240 1802 5785 2550 1802 5786 2551 1803 5787 149 1803 5788 1003 1803 5789 1240 1804 5790 2552 1804 5791 2550 1804 5792 2553 1805 5793 1241 1805 5794 2551 1805 5795 1238 1806 5796 2554 1806 5797 2552 1806 5798 2555 1807 5799 1239 1807 5800 2553 1807 5801 2554 1808 5802 189 1808 5803 1123 1808 5804 2555 1809 5805 188 1809 5806 1237 1809 5807 2560 1782 5808 1123 1782 5809 1125 1782 5810 2561 706 5811 1122 706 5812 2555 706 5813 2566 1784 5814 1125 1784 5815 1127 1784 5816 2567 1810 5817 1124 1810 5818 2561 1810 5819 1242 1811 5820 1127 1811 5821 191 1811 5822 190 1812 5823 2567 1812 5824 1243 1812 5825 2564 1813 5826 1242 1813 5827 1244 1813 5828 1245 1814 5829 2567 1814 5830 2565 1814 5831 1246 1815 5832 2564 1815 5833 1244 1815 5834 1245 1816 5835 2562 1816 5836 1247 1816 5837 1006 1817 5838 1246 1817 5839 150 1817 5840 1247 1818 5841 1007 1818 5842 151 1818 5843 1004 1792 5844 2563 1792 5845 1006 1792 5846 1007 706 5847 2556 706 5848 1005 706 5849 1002 1793 5850 2557 1793 5851 1004 1793 5852 2556 1819 5853 1003 1819 5854 1005 1819 5855 2568 1740 5856 2576 1740 5857 2575 1740 5858 2577 1741 5859 2569 1741 5860 2574 1741 5861 2576 1820 5862 2572 1820 5863 2578 1820 5864 2577 1821 5865 2573 1821 5866 2571 1821 5867 2575 1822 5868 2582 1822 5869 2581 1822 5870 2583 1745 5871 2574 1745 5872 2580 1745 5873 2582 1823 5874 2578 1823 5875 2584 1823 5876 2583 1824 5877 2579 1824 5878 2577 1824 5879 1008 1825 5880 1246 1825 5881 2568 1825 5882 1009 1826 5883 1247 1826 5884 151 1826 5885 1246 1827 5886 2570 1827 5887 2568 1827 5888 2571 1828 5889 1247 1828 5890 2569 1828 5891 2570 1829 5892 1242 1829 5893 2572 1829 5894 2571 1780 5895 1243 1780 5896 1245 1780 5897 1242 704 5898 1129 704 5899 2572 704 5900 1128 1830 5901 1243 1830 5902 2573 1830 5903 2572 1831 5904 1131 1831 5905 2578 1831 5906 1130 1832 5907 2573 1832 5908 2579 1832 5909 2584 1784 5910 1131 1784 5911 1133 1784 5912 2585 1758 5913 1130 1758 5914 2579 1758 5915 1248 1833 5916 1133 1833 5917 193 1833 5918 192 1834 5919 2585 1834 5920 1249 1834 5921 1250 1835 5922 2584 1835 5923 1248 1835 5924 1251 1836 5925 2585 1836 5926 2583 1836 5927 2581 1763 5928 1250 1763 5929 1252 1763 5930 1251 1764 5931 2580 1764 5932 1253 1764 5933 152 1765 5934 2581 1765 5935 1252 1765 5936 153 706 5937 2580 706 5938 1013 706 5939 1010 1792 5940 2581 1792 5941 1012 1792 5942 2580 1837 5943 1011 1837 5944 1013 1837 5945 1010 1767 5946 2568 1767 5947 2575 1767 5948 1011 1838 5949 2569 1838 5950 1009 1838 5951 2586 1839 5952 2594 1839 5953 2593 1839 5954 2592 1796 5955 2589 1796 5956 2587 1796 5957 2594 1771 5958 2590 1771 5959 2596 1771 5960 2597 1840 5961 2589 1840 5962 2595 1840 5963 2599 1771 5964 2594 1771 5965 2600 1771 5966 2601 1841 5967 2592 1841 5968 2598 1841 5969 2600 1842 5970 2596 1842 5971 2602 1842 5972 2603 1774 5973 2595 1774 5974 2601 1774 5975 1014 1802 5976 1252 1802 5977 2586 1802 5978 1015 1843 5979 1253 1843 5980 153 1843 5981 1252 1804 5982 2588 1804 5983 2586 1804 5984 2589 1805 5985 1253 1805 5986 2587 1805 5987 2588 1844 5988 1248 1844 5989 2590 1844 5990 2589 1773 5991 1249 1773 5992 1251 1773 5993 1248 704 5994 1135 704 5995 2590 704 5996 2591 1845 5997 192 1845 5998 1249 1845 5999 2596 1782 6000 1135 1782 6001 1137 1782 6002 2597 706 6003 1134 706 6004 2591 706 6005 2602 1846 6006 1137 1846 6007 1139 1846 6008 1138 1847 6009 2597 1847 6010 2603 1847 6011 2602 1848 6012 195 1848 6013 1254 1848 6014 194 1849 6015 2603 1849 6016 1255 1849 6017 2600 1850 6018 1254 1850 6019 1256 1850 6020 1257 1762 6021 2603 1762 6022 2601 1762 6023 2599 1851 6024 1256 1851 6025 1258 1851 6026 1257 1852 6027 2598 1852 6028 1259 1852 6029 154 1853 6030 2599 1853 6031 1258 1853 6032 155 706 6033 2598 706 6034 1019 706 6035 1016 1854 6036 2599 1854 6037 1018 1854 6038 1019 706 6039 2592 706 6040 1017 706 6041 1014 1793 6042 2593 1793 6043 1016 1793 6044 2592 1855 6045 1015 1855 6046 1017 1855 6047 2604 1839 6048 2612 1839 6049 2611 1839 6050 2613 1856 6051 2605 1856 6052 2610 1856 6053 2612 1857 6054 2608 1857 6055 2614 1857 6056 2613 1858 6057 2609 1858 6058 2607 1858 6059 2611 1859 6060 2618 1859 6061 2617 1859 6062 2619 1860 6063 2610 1860 6064 2616 1860 6065 2618 1861 6066 2614 1861 6067 2620 1861 6068 2621 1862 6069 2613 1862 6070 2619 1862 6071 1020 1863 6072 1258 1863 6073 2604 1863 6074 1021 1843 6075 1259 1843 6076 155 1843 6077 1258 1864 6078 2606 1864 6079 2604 1864 6080 2607 1865 6081 1259 1865 6082 2605 1865 6083 2606 1866 6084 1254 1866 6085 2608 1866 6086 2607 1867 6087 1255 1867 6088 1257 1867 6089 1254 704 6090 1141 704 6091 2608 704 6092 1140 1868 6093 1255 1868 6094 2609 1868 6095 2608 1869 6096 1143 1869 6097 2614 1869 6098 1142 1870 6099 2609 1870 6100 2615 1870 6101 2620 1871 6102 1143 1871 6103 1145 1871 6104 1144 1872 6105 2615 1872 6106 2621 1872 6107 1260 1873 6108 1145 1873 6109 197 1873 6110 1261 1874 6111 1144 1874 6112 2621 1874 6113 2618 1875 6114 1260 1875 6115 1262 1875 6116 1261 1876 6117 2619 1876 6118 1263 1876 6119 2617 1877 6120 1262 1877 6121 1264 1877 6122 1263 1878 6123 2616 1878 6124 1265 1878 6125 1024 1879 6126 1264 1879 6127 156 1879 6128 1265 1880 6129 1025 1880 6130 157 1880 6131 1024 1881 6132 2611 1881 6133 2617 1881 6134 1025 706 6135 2610 706 6136 1023 706 6137 1022 1882 6138 2604 1882 6139 2611 1882 6140 1023 1883 6141 2605 1883 6142 1021 1883 6143 2622 1839 6144 2630 1839 6145 2629 1839 6146 2628 1796 6147 2625 1796 6148 2623 1796 6149 2630 1771 6150 2626 1771 6151 2632 1771 6152 2633 1884 6153 2625 1884 6154 2631 1884 6155 2635 1885 6156 2630 1885 6157 2636 1885 6158 2637 1886 6159 2628 1886 6160 2634 1886 6161 2636 1887 6162 2632 1887 6163 2638 1887 6164 2639 1888 6165 2631 1888 6166 2637 1888 6167 1026 1889 6168 1264 1889 6169 2622 1889 6170 2623 1890 6171 157 1890 6172 1027 1890 6173 1264 1891 6174 2624 1891 6175 2622 1891 6176 2625 1892 6177 1265 1892 6178 2623 1892 6179 1262 1893 6180 2626 1893 6181 2624 1893 6182 2627 1894 6183 1263 1894 6184 2625 1894 6185 2626 1895 6186 197 1895 6187 1147 1895 6188 2627 1896 6189 196 1896 6190 1261 1896 6191 2632 1897 6192 1147 1897 6193 1149 1897 6194 2633 706 6195 1146 706 6196 2627 706 6197 2638 1898 6198 1149 1898 6199 1151 1898 6200 1150 1899 6201 2633 1899 6202 2639 1899 6203 2638 1900 6204 199 1900 6205 1266 1900 6206 198 1901 6207 2639 1901 6208 1267 1901 6209 2636 1902 6210 1266 1902 6211 1268 1902 6212 1269 1903 6213 2639 1903 6214 2637 1903 6215 2635 1904 6216 1268 1904 6217 1270 1904 6218 1269 1905 6219 2634 1905 6220 1271 1905 6221 158 1906 6222 2635 1906 6223 1270 1906 6224 159 706 6225 2634 706 6226 1031 706 6227 1028 1907 6228 2635 1907 6229 1030 1907 6230 1031 706 6231 2628 706 6232 1029 706 6233 1026 1908 6234 2629 1908 6235 1028 1908 6236 2628 1909 6237 1027 1909 6238 1029 1909 6239 2640 1910 6240 2648 1910 6241 2647 1910 6242 2646 1911 6243 2643 1911 6244 2641 1911 6245 2642 1912 6246 2650 1912 6247 2648 1912 6248 2651 1913 6249 2643 1913 6250 2649 1913 6251 2653 1914 6252 2648 1914 6253 2654 1914 6254 2655 1915 6255 2646 1915 6256 2652 1915 6257 2654 1916 6258 2650 1916 6259 2656 1916 6260 2657 1917 6261 2649 1917 6262 2655 1917 6263 1032 1918 6264 1270 1918 6265 2640 1918 6266 1033 1919 6267 1271 1919 6268 159 1919 6269 1270 1920 6270 2642 1920 6271 2640 1920 6272 2643 1921 6273 1271 1921 6274 2641 1921 6275 1268 1922 6276 2644 1922 6277 2642 1922 6278 2645 1807 6279 1269 1807 6280 2643 1807 6281 2644 1923 6282 199 1923 6283 1153 1923 6284 2645 1924 6285 198 1924 6286 1267 1924 6287 2650 1925 6288 1153 1925 6289 1155 1925 6290 2651 1926 6291 1152 1926 6292 2645 1926 6293 2656 1927 6294 1155 1927 6295 1157 1927 6296 2657 1928 6297 1154 1928 6298 2651 1928 6299 1272 1929 6300 1157 1929 6301 201 1929 6302 200 1930 6303 2657 1930 6304 1273 1930 6305 1274 1850 6306 2656 1850 6307 1272 1850 6308 1275 1931 6309 2657 1931 6310 2655 1931 6311 2653 1904 6312 1274 1904 6313 1276 1904 6314 1275 1905 6315 2652 1905 6316 1277 1905 6317 160 1906 6318 2653 1906 6319 1276 1906 6320 161 1932 6321 2652 1932 6322 1037 1932 6323 1034 1933 6324 2653 1933 6325 1036 1933 6326 2652 1934 6327 1035 1934 6328 1037 1934 6329 1032 1935 6330 2647 1935 6331 1034 1935 6332 2646 1936 6333 1033 1936 6334 1035 1936 6335 2658 1937 6336 2666 1937 6337 2665 1937 6338 2667 1856 6339 2659 1856 6340 2664 1856 6341 2666 1938 6342 2662 1938 6343 2668 1938 6344 2667 1939 6345 2663 1939 6346 2661 1939 6347 2671 1940 6348 2666 1940 6349 2672 1940 6350 2673 1941 6351 2664 1941 6352 2670 1941 6353 2672 1842 6354 2668 1842 6355 2674 1842 6356 2675 1942 6357 2667 1942 6358 2673 1942 6359 1038 1943 6360 1276 1943 6361 2658 1943 6362 1039 1944 6363 1277 1944 6364 161 1944 6365 1276 1945 6366 2660 1945 6367 2658 1945 6368 2661 1946 6369 1277 1946 6370 2659 1946 6371 2660 1947 6372 1272 1947 6373 2662 1947 6374 2661 1948 6375 1273 1948 6376 1275 1948 6377 1272 1949 6378 1159 1949 6379 2662 1949 6380 1158 1950 6381 1273 1950 6382 2663 1950 6383 2662 1951 6384 1161 1951 6385 2668 1951 6386 1160 1952 6387 2663 1952 6388 2669 1952 6389 2674 1846 6390 1161 1846 6391 1163 1846 6392 1162 1953 6393 2669 1953 6394 2675 1953 6395 1278 1954 6396 1163 1954 6397 203 1954 6398 1279 706 6399 1162 706 6400 2675 706 6401 2672 1955 6402 1278 1955 6403 1280 1955 6404 1281 1956 6405 2675 1956 6406 2673 1956 6407 1282 1957 6408 2672 1957 6409 1280 1957 6410 1281 1958 6411 2670 1958 6412 1283 1958 6413 1042 1959 6414 1282 1959 6415 162 1959 6416 1283 1960 6417 1043 1960 6418 163 1960 6419 1040 1854 6420 2671 1854 6421 1042 1854 6422 1043 706 6423 2664 706 6424 1041 706 6425 1038 1961 6426 2665 1961 6427 1040 1961 6428 2664 1962 6429 1039 1962 6430 1041 1962 6431 2676 1963 6432 2684 1963 6433 2683 1963 6434 2685 1964 6435 2677 1964 6436 2682 1964 6437 2684 1965 6438 2680 1965 6439 2686 1965 6440 2685 1966 6441 2681 1966 6442 2679 1966 6443 2689 1771 6444 2684 1771 6445 2690 1771 6446 2691 1967 6447 2682 1967 6448 2688 1967 6449 2690 1968 6450 2686 1968 6451 2692 1968 6452 2693 1969 6453 2685 1969 6454 2691 1969 6455 1044 1970 6456 1282 1970 6457 2676 1970 6458 2677 1971 6459 163 1971 6460 1045 1971 6461 1282 1945 6462 2678 1945 6463 2676 1945 6464 2679 1972 6465 1283 1972 6466 2677 1972 6467 1280 1973 6468 2680 1973 6469 2678 1973 6470 2679 1974 6471 1279 1974 6472 1281 1974 6473 1278 704 6474 1165 704 6475 2680 704 6476 2681 1975 6477 202 1975 6478 1279 1975 6479 2686 1976 6480 1165 1976 6481 1167 1976 6482 1166 1977 6483 2681 1977 6484 2687 1977 6485 2692 1978 6486 1167 1978 6487 1169 1978 6488 1168 1979 6489 2687 1979 6490 2693 1979 6491 2692 1980 6492 205 1980 6493 1284 1980 6494 1285 1981 6495 1168 1981 6496 2693 1981 6497 2690 1982 6498 1284 1982 6499 1286 1982 6500 1287 1983 6501 2693 1983 6502 2691 1983 6503 1288 1984 6504 2690 1984 6505 1286 1984 6506 1287 1985 6507 2688 1985 6508 1289 1985 6509 1048 1986 6510 1288 1986 6511 164 1986 6512 1289 1987 6513 1049 1987 6514 165 1987 6515 1046 1988 6516 2689 1988 6517 1048 1988 6518 1049 1989 6519 2682 1989 6520 1047 1989 6521 1044 1990 6522 2683 1990 6523 1046 1990 6524 1047 1991 6525 2677 1991 6526 1045 1991 6527 2694 1963 6528 2702 1963 6529 2701 1963 6530 2700 1992 6531 2697 1992 6532 2695 1992 6533 2702 1993 6534 2698 1993 6535 2704 1993 6536 2703 1994 6537 2699 1994 6538 2697 1994 6539 2701 1995 6540 2708 1995 6541 2707 1995 6542 2709 1996 6543 2700 1996 6544 2706 1996 6545 2708 1997 6546 2704 1997 6547 2710 1997 6548 2711 1998 6549 2703 1998 6550 2709 1998 6551 1050 1999 6552 1288 1999 6553 2694 1999 6554 2695 2000 6555 165 2000 6556 1051 2000 6557 1288 2001 6558 2696 2001 6559 2694 2001 6560 2695 2002 6561 1287 2002 6562 1289 2002 6563 2696 2003 6564 1284 2003 6565 2698 2003 6566 2697 2004 6567 1285 2004 6568 1287 2004 6569 1284 2005 6570 1171 2005 6571 2698 2005 6572 1170 2006 6573 1285 2006 6574 2699 2006 6575 2698 2007 6576 1173 2007 6577 2704 2007 6578 1172 2008 6579 2699 2008 6580 2705 2008 6581 2710 1978 6582 1173 1978 6583 1175 1978 6584 1174 2009 6585 2705 2009 6586 2711 2009 6587 1290 2010 6588 1175 2010 6589 207 2010 6590 1291 2011 6591 1174 2011 6592 2711 2011 6593 2708 1850 6594 1290 1850 6595 1292 1850 6596 1291 2012 6597 2709 2012 6598 1293 2012 6599 1294 2013 6600 2708 2013 6601 1292 2013 6602 1295 2014 6603 2709 2014 6604 2706 2014 6605 1054 2015 6606 1294 2015 6607 166 2015 6608 1295 2016 6609 1055 2016 6610 167 2016 6611 1052 1854 6612 2707 1854 6613 1054 1854 6614 1055 2017 6615 2700 2017 6616 1053 2017 6617 1052 1882 6618 2694 1882 6619 2701 1882 6620 1053 2018 6621 2695 2018 6622 1051 2018 6623 2719 2019 6624 2714 2019 6625 2720 2019 6626 2718 2020 6627 2715 2020 6628 2713 2020 6629 2714 2021 6630 2722 2021 6631 2720 2021 6632 2723 2022 6633 2715 2022 6634 2721 2022 6635 2725 1771 6636 2720 1771 6637 2726 1771 6638 2724 2023 6639 2721 2023 6640 2718 2023 6641 2720 2024 6642 2728 2024 6643 2726 2024 6644 2729 1917 6645 2721 1917 6646 2727 1917 6647 1056 2025 6648 1294 2025 6649 2712 2025 6650 2713 2026 6651 167 2026 6652 1057 2026 6653 2712 2027 6654 1292 2027 6655 2714 2027 6656 2713 2028 6657 1293 2028 6658 1295 2028 6659 1292 2029 6660 2716 2029 6661 2714 2029 6662 2717 2030 6663 1293 2030 6664 2715 2030 6665 1290 704 6666 1177 704 6667 2716 704 6668 2717 2031 6669 206 2031 6670 1291 2031 6671 2716 2032 6672 1179 2032 6673 2722 2032 6674 2723 706 6675 1176 706 6676 2717 706 6677 2728 2033 6678 1179 2033 6679 1181 2033 6680 1180 1953 6681 2723 1953 6682 2729 1953 6683 1296 2034 6684 1181 2034 6685 209 2034 6686 1297 706 6687 1180 706 6688 2729 706 6689 2726 2035 6690 1296 2035 6691 1298 2035 6692 1297 2036 6693 2727 2036 6694 1299 2036 6695 1300 2037 6696 2726 2037 6697 1298 2037 6698 1301 2038 6699 2727 2038 6700 2724 2038 6701 1060 2039 6702 1300 2039 6703 168 2039 6704 1301 2040 6705 1061 2040 6706 169 2040 6707 1058 2041 6708 2725 2041 6709 1060 2041 6710 1061 706 6711 2718 706 6712 1059 706 6713 1058 2042 6714 2712 2042 6715 2719 2042 6716 1059 2043 6717 2713 2043 6718 1057 2043 6719 2730 1839 6720 2738 1839 6721 2737 1839 6722 2739 1856 6723 2731 1856 6724 2736 1856 6725 2738 2044 6726 2734 2044 6727 2740 2044 6728 2739 1858 6729 2735 1858 6730 2733 1858 6731 2743 2045 6732 2738 2045 6733 2744 2045 6734 2745 2046 6735 2736 2046 6736 2742 2046 6737 2744 1842 6738 2740 1842 6739 2746 1842 6740 2745 2047 6741 2741 2047 6742 2739 2047 6743 168 2048 6744 2730 2048 6745 1062 2048 6746 2731 2049 6747 169 2049 6748 1063 2049 6749 2730 2050 6750 1298 2050 6751 2732 2050 6752 2731 2051 6753 1299 2051 6754 1301 2051 6755 1298 2052 6756 2734 2052 6757 2732 2052 6758 2733 2053 6759 1297 2053 6760 1299 2053 6761 1296 2054 6762 1183 2054 6763 2734 2054 6764 2735 2055 6765 208 2055 6766 1297 2055 6767 2734 2056 6768 1185 2056 6769 2740 2056 6770 1184 2057 6771 2735 2057 6772 2741 2057 6773 2740 2058 6774 1187 2058 6775 2746 2058 6776 1186 2059 6777 2741 2059 6778 2747 2059 6779 2746 2060 6780 211 2060 6781 1302 2060 6782 210 2061 6783 2747 2061 6784 1303 2061 6785 2744 1850 6786 1302 1850 6787 1304 1850 6788 1305 1762 6789 2747 1762 6790 2745 1762 6791 1306 2062 6792 2744 2062 6793 1304 2062 6794 1307 2063 6795 2745 2063 6796 2742 2063 6797 1066 2064 6798 1306 2064 6799 170 2064 6800 1307 2065 6801 1067 2065 6802 171 2065 6803 1066 2066 6804 2737 2066 6805 2743 2066 6806 1067 706 6807 2736 706 6808 1065 706 6809 1064 1882 6810 2730 1882 6811 2737 1882 6812 1065 2043 6813 2731 2043 6814 1063 2043 6815 2748 2067 6816 2756 2067 6817 2755 2067 6818 2757 2068 6819 2749 2068 6820 2754 2068 6821 2756 2069 6822 2752 2069 6823 2758 2069 6824 2757 2070 6825 2753 2070 6826 2751 2070 6827 2755 2071 6828 2762 2071 6829 2761 2071 6830 2763 2072 6831 2754 2072 6832 2760 2072 6833 2762 2073 6834 2758 2073 6835 2764 2073 6836 2763 2074 6837 2759 2074 6838 2757 2074 6839 170 2075 6840 2748 2075 6841 1068 2075 6842 2749 2076 6843 171 2076 6844 1069 2076 6845 2748 2077 6846 1304 2077 6847 2750 2077 6848 2749 2078 6849 1305 2078 6850 1307 2078 6851 1304 2079 6852 2752 2079 6853 2750 2079 6854 2753 2080 6855 1305 2080 6856 2751 2080 6857 1302 704 6858 1189 704 6859 2752 704 6860 2753 2081 6861 210 2081 6862 1303 2081 6863 2752 2082 6864 1191 2082 6865 2758 2082 6866 2759 706 6867 1188 706 6868 2753 706 6869 2764 2083 6870 1191 2083 6871 1193 2083 6872 2765 2084 6873 1190 2084 6874 2759 2084 6875 1308 2085 6876 1193 2085 6877 213 2085 6878 212 2086 6879 2765 2086 6880 1309 2086 6881 2762 1955 6882 1308 1955 6883 1310 1955 6884 1309 2087 6885 2763 2087 6886 1311 2087 6887 1312 2062 6888 2762 2062 6889 1310 2062 6890 1313 2088 6891 2763 2088 6892 2760 2088 6893 1072 2089 6894 1312 2089 6895 172 2089 6896 1313 2090 6897 1073 2090 6898 173 2090 6899 1070 2091 6900 2761 2091 6901 1072 2091 6902 1073 706 6903 2754 706 6904 1071 706 6905 1068 2092 6906 2755 2092 6907 1070 2092 6908 2754 2093 6909 1069 2093 6910 1071 2093 6911 2766 1839 6912 2774 1839 6913 2773 1839 6914 2772 1796 6915 2769 1796 6916 2767 1796 6917 2774 1771 6918 2770 1771 6919 2776 1771 6920 2777 2094 6921 2769 2094 6922 2775 2094 6923 2773 2095 6924 2780 2095 6925 2779 2095 6926 2781 2096 6927 2772 2096 6928 2778 2096 6929 2780 2097 6930 2776 2097 6931 2782 2097 6932 2781 2098 6933 2777 2098 6934 2775 2098 6935 1074 2099 6936 1312 2099 6937 2766 2099 6938 2767 2100 6939 173 2100 6940 1075 2100 6941 2766 2101 6942 1310 2101 6943 2768 2101 6944 2767 2102 6945 1311 2102 6946 1313 2102 6947 2768 2103 6948 1308 2103 6949 2770 2103 6950 2769 1948 6951 1309 1948 6952 1311 1948 6953 1308 704 6954 1195 704 6955 2770 704 6956 1194 2104 6957 1309 2104 6958 2771 2104 6959 2770 2032 6960 1197 2032 6961 2776 2032 6962 1196 705 6963 2771 705 6964 2777 705 6965 2782 2105 6966 1197 2105 6967 1199 2105 6968 1198 2106 6969 2777 2106 6970 2783 2106 6971 1314 2107 6972 1199 2107 6973 215 2107 6974 1315 706 6975 1198 706 6976 2783 706 6977 1316 2108 6978 2782 2108 6979 1314 2108 6980 1317 1814 6981 2783 1814 6982 2781 1814 6983 1318 2109 6984 2780 2109 6985 1316 2109 6986 1317 2110 6987 2778 2110 6988 1319 2110 6989 1078 2111 6990 1318 2111 6991 174 2111 6992 1319 2112 6993 1079 2112 6994 175 2112 6995 1076 2091 6996 2779 2091 6997 1078 2091 6998 1079 706 6999 2772 706 7000 1077 706 7001 1076 1882 7002 2766 1882 7003 2773 1882 7004 1077 2113 7005 2767 2113 7006 1075 2113 7007 2784 2114 7008 2792 2114 7009 2791 2114 7010 2793 2115 7011 2785 2115 7012 2790 2115 7013 2792 2116 7014 2788 2116 7015 2794 2116 7016 2793 2117 7017 2789 2117 7018 2787 2117 7019 2791 2118 7020 2798 2118 7021 2797 2118 7022 2799 2119 7023 2790 2119 7024 2796 2119 7025 2798 1842 7026 2794 1842 7027 2800 1842 7028 2799 2120 7029 2795 2120 7030 2793 2120 7031 174 2121 7032 2784 2121 7033 1080 2121 7034 2785 2122 7035 175 2122 7036 1081 2122 7037 2784 2050 7038 1316 2050 7039 2786 2050 7040 2785 2123 7041 1317 2123 7042 1319 2123 7043 1316 2124 7044 2788 2124 7045 2786 2124 7046 2787 2125 7047 1315 2125 7048 1317 2125 7049 2788 2126 7050 215 2126 7051 1201 2126 7052 2789 1781 7053 214 1781 7054 1315 1781 7055 2794 2127 7056 1201 2127 7057 1203 2127 7058 2795 706 7059 1200 706 7060 2789 706 7061 2800 1846 7062 1203 1846 7063 1205 1846 7064 1204 1847 7065 2795 1847 7066 2801 1847 7067 1320 2107 7068 1205 2107 7069 217 2107 7070 216 1760 7071 2801 1760 7072 1321 1760 7073 2798 1813 7074 1320 1813 7075 1322 1813 7076 1323 2128 7077 2801 2128 7078 2799 2128 7079 1324 2129 7080 2798 2129 7081 1322 2129 7082 1325 2130 7083 2799 2130 7084 2796 2130 7085 1084 2111 7086 1324 2111 7087 176 2111 7088 1325 2131 7089 1085 2131 7090 177 2131 7091 1082 1854 7092 2797 1854 7093 1084 1854 7094 1085 706 7095 2790 706 7096 1083 706 7097 1080 1544 7098 2791 1544 7099 1082 1544 7100 2790 2132 7101 1081 2132 7102 1083 2132 7103 2809 2133 7104 2804 2133 7105 2810 2133 7106 2808 1796 7107 2805 1796 7108 2803 1796 7109 2804 2118 7110 2812 2118 7111 2810 2118 7112 2813 2134 7113 2805 2134 7114 2811 2134 7115 2815 2069 7116 2810 2069 7117 2816 2069 7118 2817 2135 7119 2808 2135 7120 2814 2135 7121 2816 1842 7122 2812 1842 7123 2818 1842 7124 2817 2120 7125 2813 2120 7126 2811 2120 7127 176 2121 7128 2802 2121 7129 1086 2121 7130 2803 2136 7131 177 2136 7132 1087 2136 7133 2802 2101 7134 1322 2101 7135 2804 2101 7136 2803 2002 7137 1323 2002 7138 1325 2002 7139 1322 1806 7140 2806 1806 7141 2804 1806 7142 2807 1807 7143 1323 1807 7144 2805 1807 7145 2806 2126 7146 217 2126 7147 1207 2126 7148 2807 2137 7149 216 2137 7150 1321 2137 7151 2812 2138 7152 1207 2138 7153 1209 2138 7154 2813 706 7155 1206 706 7156 2807 706 7157 2818 2105 7158 1209 2105 7159 1211 2105 7160 2819 1758 7161 1208 1758 7162 2813 1758 7163 1326 2107 7164 1211 2107 7165 219 2107 7166 1327 706 7167 1210 706 7168 2819 706 7169 2816 1813 7170 1326 1813 7171 1328 1813 7172 1327 2139 7173 2817 2139 7174 1329 2139 7175 1330 2129 7176 2816 2129 7177 1328 2129 7178 1331 2140 7179 2817 2140 7180 2814 2140 7181 1090 2111 7182 1330 2111 7183 178 2111 7184 1331 2141 7185 1091 2141 7186 179 2141 7187 1088 2091 7188 2815 2091 7189 1090 2091 7190 2814 2142 7191 1089 2142 7192 1091 2142 7193 1086 2092 7194 2809 2092 7195 1088 2092 7196 2808 2143 7197 1087 2143 7198 1089 2143 7199 2820 2144 7200 2828 2144 7201 2827 2144 7202 2826 2145 7203 2823 2145 7204 2821 2145 7205 2828 2146 7206 2824 2146 7207 2830 2146 7208 2831 2147 7209 2823 2147 7210 2829 2147 7211 2833 2148 7212 2828 2148 7213 2834 2148 7214 2832 2149 7215 2829 2149 7216 2826 2149 7217 2828 2150 7218 2836 2150 7219 2834 2150 7220 2837 2151 7221 2829 2151 7222 2835 2151 7223 178 2152 7224 2820 2152 7225 1092 2152 7226 2821 2153 7227 179 2153 7228 1093 2153 7229 2820 2154 7230 1328 2154 7231 2822 2154 7232 2821 2155 7233 1329 2155 7234 1331 2155 7235 1328 1806 7236 2824 1806 7237 2822 1806 7238 2823 1780 7239 1327 1780 7240 1329 1780 7241 1326 704 7242 1213 704 7243 2824 704 7244 2825 2156 7245 218 2156 7246 1327 2156 7247 2824 2032 7248 1215 2032 7249 2830 2032 7250 1214 705 7251 2825 705 7252 2831 705 7253 2836 2157 7254 1215 2157 7255 1217 2157 7256 2837 2158 7257 1214 2158 7258 2831 2158 7259 1332 2159 7260 1217 2159 7261 221 2159 7262 1333 2160 7263 1216 2160 7264 2837 2160 7265 2834 1787 7266 1332 1787 7267 1334 1787 7268 1333 1788 7269 2835 1788 7270 1335 1788 7271 1336 2161 7272 2834 2161 7273 1334 2161 7274 1337 2063 7275 2835 2063 7276 2832 2063 7277 1096 2162 7278 1336 2162 7279 180 2162 7280 1337 2163 7281 1097 2163 7282 181 2163 7283 1094 2164 7284 2833 2164 7285 1096 2164 7286 2832 2165 7287 1095 2165 7288 1097 2165 7289 1094 1882 7290 2820 1882 7291 2827 1882 7292 1095 2166 7293 2821 2166 7294 1093 2166 7295 2838 2167 7296 2846 2167 7297 2845 2167 7298 2847 2168 7299 2839 2168 7300 2844 2168 7301 2846 1771 7302 2842 1771 7303 2848 1771 7304 2849 2094 7305 2841 2094 7306 2847 2094 7307 2851 2169 7308 2846 2169 7309 2852 2169 7310 2850 2170 7311 2847 2170 7312 2844 2170 7313 2846 2171 7314 2854 2171 7315 2852 2171 7316 2855 2172 7317 2847 2172 7318 2853 2172 7319 180 2173 7320 2838 2173 7321 1098 2173 7322 2839 2174 7323 181 2174 7324 1099 2174 7325 2838 2050 7326 1334 2050 7327 2840 2050 7328 2839 2155 7329 1335 2155 7330 1337 2155 7331 1334 2124 7332 2842 2124 7333 2840 2124 7334 2843 2175 7335 1335 2175 7336 2841 2175 7337 1332 2176 7338 1219 2176 7339 2842 2176 7340 2843 2177 7341 220 2177 7342 1333 2177 7343 2842 2032 7344 1221 2032 7345 2848 2032 7346 1220 705 7347 2843 705 7348 2849 705 7349 2854 2178 7350 1221 2178 7351 1223 2178 7352 1222 2179 7353 2849 2179 7354 2855 2179 7355 1339 2180 7356 1223 2180 7357 223 2180 7358 1338 706 7359 1222 706 7360 2855 706 7361 2852 2181 7362 1339 2181 7363 1341 2181 7364 1338 2182 7365 2853 2182 7366 1340 2182 7367 2851 2183 7368 1341 2183 7369 1343 2183 7370 1340 2184 7371 2850 2184 7372 1342 2184 7373 182 2185 7374 2851 2185 7375 1343 2185 7376 183 2186 7377 2850 2186 7378 1103 2186 7379 1102 2187 7380 2845 2187 7381 2851 2187 7382 1103 706 7383 2844 706 7384 1101 706 7385 1100 2188 7386 2838 2188 7387 2845 2188 7388 1101 2113 7389 2839 2113 7390 1099 2113 7391 2856 2189 7392 2864 2189 7393 2863 2189 7394 2862 704 7395 2859 704 7396 2857 704 7397 2864 2190 7398 2860 2190 7399 2866 2190 7400 2865 704 7401 2861 704 7402 2859 704 7403 2863 2191 7404 2870 2191 7405 2869 2191 7406 2871 2192 7407 2862 2192 7408 2868 2192 7409 2864 1549 7410 2872 1549 7411 2870 1549 7412 2873 1550 7413 2865 1550 7414 2871 1550 7415 40 706 7416 2856 706 7417 1464 706 7418 1465 2193 7419 624 2193 7420 41 2193 7421 625 706 7422 2858 706 7423 2856 706 7424 2857 704 7425 626 704 7426 624 704 7427 627 706 7428 2860 706 7429 2858 706 7430 2859 704 7431 628 704 7432 626 704 7433 629 706 7434 1345 706 7435 2860 706 7436 1344 704 7437 628 704 7438 2861 704 7439 2860 2194 7440 1347 2194 7441 2866 2194 7442 1346 2195 7443 2861 2195 7444 2867 2195 7445 2872 2196 7446 1347 2196 7447 1349 2196 7448 2873 2197 7449 1346 2197 7450 2867 2197 7451 1584 2198 7452 1349 2198 7453 225 2198 7454 1585 2199 7455 1348 2199 7456 2873 2199 7457 2870 2200 7458 1584 2200 7459 1586 2200 7460 1587 1543 7461 2873 1543 7462 2871 1543 7463 1588 2201 7464 2870 2201 7465 1586 2201 7466 1587 2202 7467 2868 2202 7468 1589 2202 7469 1468 2203 7470 1588 2203 7471 264 2203 7472 1589 2204 7473 1469 2204 7474 265 2204 7475 1466 2205 7476 2869 2205 7477 1468 2205 7478 2868 2206 7479 1467 2206 7480 1469 2206 7481 1464 2207 7482 2863 2207 7483 1466 2207 7484 1467 704 7485 2857 704 7486 1465 704 7487 2874 2208 7488 2882 2208 7489 2881 2208 7490 2883 2209 7491 2875 2209 7492 2880 2209 7493 2882 2210 7494 2878 2210 7495 2884 2210 7496 2885 2211 7497 2877 2211 7498 2883 2211 7499 2887 2212 7500 2882 2212 7501 2888 2212 7502 2889 2213 7503 2880 2213 7504 2886 2213 7505 2882 2214 7506 2890 2214 7507 2888 2214 7508 2891 2215 7509 2883 2215 7510 2889 2215 7511 1470 2216 7512 1588 2216 7513 2874 2216 7514 1471 2217 7515 1589 2217 7516 265 2217 7517 1588 2218 7518 2876 2218 7519 2874 2218 7520 2877 2219 7521 1589 2219 7522 2875 2219 7523 2876 2220 7524 1584 2220 7525 2878 2220 7526 2877 2221 7527 1585 2221 7528 1587 2221 7529 1584 706 7530 1351 706 7531 2878 706 7532 1350 2222 7533 1585 2222 7534 2879 2222 7535 2878 2223 7536 1353 2223 7537 2884 2223 7538 1352 2224 7539 2879 2224 7540 2885 2224 7541 2890 2225 7542 1353 2225 7543 1355 2225 7544 2891 2226 7545 1352 2226 7546 2885 2226 7547 1590 2227 7548 1355 2227 7549 227 2227 7550 226 2228 7551 2891 2228 7552 1591 2228 7553 1592 2229 7554 2890 2229 7555 1590 2229 7556 1593 1900 7557 2891 1900 7558 2889 1900 7559 2887 2230 7560 1592 2230 7561 1594 2230 7562 1593 2231 7563 2886 2231 7564 1595 2231 7565 266 2232 7566 2887 2232 7567 1594 2232 7568 267 704 7569 2886 704 7570 1475 704 7571 1474 2233 7572 2881 2233 7573 2887 2233 7574 1475 704 7575 2880 704 7576 1473 704 7577 1472 2234 7578 2874 2234 7579 2881 2234 7580 1473 2235 7581 2875 2235 7582 1471 2235 7583 2892 2236 7584 2900 2236 7585 2899 2236 7586 2901 2237 7587 2893 2237 7588 2898 2237 7589 2900 2238 7590 2896 2238 7591 2902 2238 7592 2901 2239 7593 2897 2239 7594 2895 2239 7595 2905 2238 7596 2900 2238 7597 2906 2238 7598 2904 2240 7599 2901 2240 7600 2898 2240 7601 2900 2214 7602 2908 2214 7603 2906 2214 7604 2909 2241 7605 2901 2241 7606 2907 2241 7607 1476 2242 7608 1594 2242 7609 2892 2242 7610 1477 2243 7611 1595 2243 7612 267 2243 7613 1594 2244 7614 2894 2244 7615 2892 2244 7616 2895 2245 7617 1595 2245 7618 2893 2245 7619 2894 2246 7620 1590 2246 7621 2896 2246 7622 2895 2247 7623 1591 2247 7624 1593 2247 7625 1590 706 7626 1357 706 7627 2896 706 7628 2897 2248 7629 226 2248 7630 1591 2248 7631 2902 2249 7632 1357 2249 7633 1359 2249 7634 2903 2250 7635 1356 2250 7636 2897 2250 7637 2908 2251 7638 1359 2251 7639 1361 2251 7640 1360 2252 7641 2903 2252 7642 2909 2252 7643 1596 2253 7644 1361 2253 7645 229 2253 7646 1597 704 7647 1360 704 7648 2909 704 7649 2906 2254 7650 1596 2254 7651 1598 2254 7652 1597 2255 7653 2907 2255 7654 1599 2255 7655 2905 2256 7656 1598 2256 7657 1600 2256 7658 1599 2257 7659 2904 2257 7660 1601 2257 7661 268 2258 7662 2905 2258 7663 1600 2258 7664 269 704 7665 2904 704 7666 1481 704 7667 1478 2259 7668 2905 2259 7669 1480 2259 7670 1481 704 7671 2898 704 7672 1479 704 7673 1476 1832 7674 2899 1832 7675 1478 1832 7676 2898 2260 7677 1477 2260 7678 1479 2260 7679 2917 2261 7680 2912 2261 7681 2918 2261 7682 2916 2262 7683 2913 2262 7684 2911 2262 7685 2912 2263 7686 2920 2263 7687 2918 2263 7688 2921 2264 7689 2913 2264 7690 2919 2264 7691 2923 2210 7692 2918 2210 7693 2924 2210 7694 2922 2265 7695 2919 2265 7696 2916 2265 7697 2918 2266 7698 2926 2266 7699 2924 2266 7700 2927 2267 7701 2919 2267 7702 2925 2267 7703 1482 2268 7704 1600 2268 7705 2910 2268 7706 2911 2269 7707 269 2269 7708 1483 2269 7709 1600 2270 7710 2912 2270 7711 2910 2270 7712 2913 2271 7713 1601 2271 7714 2911 2271 7715 1598 2272 7716 2914 2272 7717 2912 2272 7718 2915 2273 7719 1599 2273 7720 2913 2273 7721 2914 2274 7722 229 2274 7723 1363 2274 7724 2915 2275 7725 228 2275 7726 1597 2275 7727 2920 2249 7728 1363 2249 7729 1365 2249 7730 2921 704 7731 1362 704 7732 2915 704 7733 2926 2251 7734 1365 2251 7735 1367 2251 7736 2927 2276 7737 1364 2276 7738 2921 2276 7739 1602 2277 7740 1367 2277 7741 231 2277 7742 230 2278 7743 2927 2278 7744 1603 2278 7745 2924 2279 7746 1602 2279 7747 1604 2279 7748 1605 2280 7749 2927 2280 7750 2925 2280 7751 1606 2281 7752 2924 2281 7753 1604 2281 7754 1605 2282 7755 2922 2282 7756 1607 2282 7757 1486 2283 7758 1606 2283 7759 270 2283 7760 1607 2284 7761 1487 2284 7762 271 2284 7763 1484 2259 7764 2923 2259 7765 1486 2259 7766 1487 704 7767 2916 704 7768 1485 704 7769 1482 1832 7770 2917 1832 7771 1484 1832 7772 2916 2285 7773 1483 2285 7774 1485 2285 7775 2928 2208 7776 2936 2208 7777 2935 2208 7778 2937 2209 7779 2929 2209 7780 2934 2209 7781 2936 2286 7782 2932 2286 7783 2938 2286 7784 2937 2287 7785 2933 2287 7786 2931 2287 7787 2935 2288 7788 2942 2288 7789 2941 2288 7790 2943 2213 7791 2934 2213 7792 2940 2213 7793 2942 2289 7794 2938 2289 7795 2944 2289 7796 2943 2290 7797 2939 2290 7798 2937 2290 7799 1488 2291 7800 1606 2291 7801 2928 2291 7802 1489 2292 7803 1607 2292 7804 271 2292 7805 1606 2293 7806 2930 2293 7807 2928 2293 7808 2931 2294 7809 1607 2294 7810 2929 2294 7811 2930 2295 7812 1602 2295 7813 2932 2295 7814 2931 2247 7815 1603 2247 7816 1605 2247 7817 1602 706 7818 1369 706 7819 2932 706 7820 1368 2296 7821 1603 2296 7822 2933 2296 7823 2932 2297 7824 1371 2297 7825 2938 2297 7826 1370 1793 7827 2933 1793 7828 2939 1793 7829 2944 2251 7830 1371 2251 7831 1373 2251 7832 2945 2226 7833 1370 2226 7834 2939 2226 7835 1608 2298 7836 1373 2298 7837 233 2298 7838 232 2299 7839 2945 2299 7840 1609 2299 7841 1610 2300 7842 2944 2300 7843 1608 2300 7844 1611 2301 7845 2945 2301 7846 2943 2301 7847 2941 2230 7848 1610 2230 7849 1612 2230 7850 1611 2231 7851 2940 2231 7852 1613 2231 7853 272 2232 7854 2941 2232 7855 1612 2232 7856 273 704 7857 2940 704 7858 1493 704 7859 1490 2259 7860 2941 2259 7861 1492 2259 7862 2940 2302 7863 1491 2302 7864 1493 2302 7865 1490 2234 7866 2928 2234 7867 2935 2234 7868 1491 2303 7869 2929 2303 7870 1489 2303 7871 2946 2304 7872 2954 2304 7873 2953 2304 7874 2952 2262 7875 2949 2262 7876 2947 2262 7877 2954 2238 7878 2950 2238 7879 2956 2238 7880 2957 2305 7881 2949 2305 7882 2955 2305 7883 2959 2238 7884 2954 2238 7885 2960 2238 7886 2961 2306 7887 2952 2306 7888 2958 2306 7889 2960 2307 7890 2956 2307 7891 2962 2307 7892 2963 2241 7893 2955 2241 7894 2961 2241 7895 1494 2268 7896 1612 2268 7897 2946 2268 7898 1495 2308 7899 1613 2308 7900 273 2308 7901 1612 2270 7902 2948 2270 7903 2946 2270 7904 2949 2271 7905 1613 2271 7906 2947 2271 7907 2948 2309 7908 1608 2309 7909 2950 2309 7910 2949 2240 7911 1609 2240 7912 1611 2240 7913 1608 706 7914 1375 706 7915 2950 706 7916 2951 2310 7917 232 2310 7918 1609 2310 7919 2956 2249 7920 1375 2249 7921 1377 2249 7922 2957 704 7923 1374 704 7924 2951 704 7925 2962 2311 7926 1377 2311 7927 1379 2311 7928 1378 2312 7929 2957 2312 7930 2963 2312 7931 2962 2313 7932 235 2313 7933 1614 2313 7934 234 2314 7935 2963 2314 7936 1615 2314 7937 2960 2315 7938 1614 2315 7939 1616 2315 7940 1617 1900 7941 2963 1900 7942 2961 1900 7943 2959 2316 7944 1616 2316 7945 1618 2316 7946 1617 2317 7947 2958 2317 7948 1619 2317 7949 274 2318 7950 2959 2318 7951 1618 2318 7952 275 704 7953 2958 704 7954 1499 704 7955 1496 2319 7956 2959 2319 7957 1498 2319 7958 1499 704 7959 2952 704 7960 1497 704 7961 1494 1832 7962 2953 1832 7963 1496 1832 7964 2952 2320 7965 1495 2320 7966 1497 2320 7967 2964 2304 7968 2972 2304 7969 2971 2304 7970 2973 2321 7971 2965 2321 7972 2970 2321 7973 2972 2322 7974 2968 2322 7975 2974 2322 7976 2973 2323 7977 2969 2323 7978 2967 2323 7979 2971 2324 7980 2978 2324 7981 2977 2324 7982 2979 2325 7983 2970 2325 7984 2976 2325 7985 2978 2326 7986 2974 2326 7987 2980 2326 7988 2981 2327 7989 2973 2327 7990 2979 2327 7991 1500 2328 7992 1618 2328 7993 2964 2328 7994 1501 2308 7995 1619 2308 7996 275 2308 7997 1618 2329 7998 2966 2329 7999 2964 2329 8000 2967 2330 8001 1619 2330 8002 2965 2330 8003 2966 2331 8004 1614 2331 8005 2968 2331 8006 2967 2332 8007 1615 2332 8008 1617 2332 8009 1614 706 8010 1381 706 8011 2968 706 8012 1380 2333 8013 1615 2333 8014 2969 2333 8015 2968 2334 8016 1383 2334 8017 2974 2334 8018 1382 2335 8019 2969 2335 8020 2975 2335 8021 2980 2336 8022 1383 2336 8023 1385 2336 8024 1384 2337 8025 2975 2337 8026 2981 2337 8027 1620 2338 8028 1385 2338 8029 237 2338 8030 1621 2339 8031 1384 2339 8032 2981 2339 8033 2978 2340 8034 1620 2340 8035 1622 2340 8036 1621 2341 8037 2979 2341 8038 1623 2341 8039 2977 2342 8040 1622 2342 8041 1624 2342 8042 1623 2343 8043 2976 2343 8044 1625 2343 8045 1504 2344 8046 1624 2344 8047 276 2344 8048 1625 2345 8049 1505 2345 8050 277 2345 8051 1504 2346 8052 2971 2346 8053 2977 2346 8054 1505 704 8055 2970 704 8056 1503 704 8057 1502 2347 8058 2964 2347 8059 2971 2347 8060 1503 2348 8061 2965 2348 8062 1501 2348 8063 2982 2304 8064 2990 2304 8065 2989 2304 8066 2988 2262 8067 2985 2262 8068 2983 2262 8069 2990 2238 8070 2986 2238 8071 2992 2238 8072 2993 2349 8073 2985 2349 8074 2991 2349 8075 2995 2350 8076 2990 2350 8077 2996 2350 8078 2997 2351 8079 2988 2351 8080 2994 2351 8081 2996 2352 8082 2992 2352 8083 2998 2352 8084 2999 2353 8085 2991 2353 8086 2997 2353 8087 1506 2354 8088 1624 2354 8089 2982 2354 8090 2983 2355 8091 277 2355 8092 1507 2355 8093 1624 2356 8094 2984 2356 8095 2982 2356 8096 2985 2357 8097 1625 2357 8098 2983 2357 8099 1622 2358 8100 2986 2358 8101 2984 2358 8102 2987 2359 8103 1623 2359 8104 2985 2359 8105 2986 2360 8106 237 2360 8107 1387 2360 8108 2987 2361 8109 236 2361 8110 1621 2361 8111 2992 2362 8112 1387 2362 8113 1389 2362 8114 2993 704 8115 1386 704 8116 2987 704 8117 2998 2363 8118 1389 2363 8119 1391 2363 8120 1390 2364 8121 2993 2364 8122 2999 2364 8123 2998 1762 8124 239 1762 8125 1626 1762 8126 238 2365 8127 2999 2365 8128 1627 2365 8129 2996 2366 8130 1626 2366 8131 1628 2366 8132 1629 2367 8133 2999 2367 8134 2997 2367 8135 2995 2368 8136 1628 2368 8137 1630 2368 8138 1629 2369 8139 2994 2369 8140 1631 2369 8141 278 2370 8142 2995 2370 8143 1630 2370 8144 279 704 8145 2994 704 8146 1511 704 8147 1508 2371 8148 2995 2371 8149 1510 2371 8150 1511 704 8151 2988 704 8152 1509 704 8153 1506 2372 8154 2989 2372 8155 1508 2372 8156 2988 2373 8157 1507 2373 8158 1509 2373 8159 3000 2374 8160 3008 2374 8161 3007 2374 8162 3006 2024 8163 3003 2024 8164 3001 2024 8165 3002 2375 8166 3010 2375 8167 3008 2375 8168 3011 2376 8169 3003 2376 8170 3009 2376 8171 3013 2377 8172 3008 2377 8173 3014 2377 8174 3015 2378 8175 3006 2378 8176 3012 2378 8177 3014 2379 8178 3010 2379 8179 3016 2379 8180 3017 2380 8181 3009 2380 8182 3015 2380 8183 1512 2381 8184 1630 2381 8185 3000 2381 8186 1513 2382 8187 1631 2382 8188 279 2382 8189 1630 2383 8190 3002 2383 8191 3000 2383 8192 3003 2384 8193 1631 2384 8194 3001 2384 8195 1628 2385 8196 3004 2385 8197 3002 2385 8198 3005 2273 8199 1629 2273 8200 3003 2273 8201 3004 2386 8202 239 2386 8203 1393 2386 8204 3005 2387 8205 238 2387 8206 1627 2387 8207 3010 2388 8208 1393 2388 8209 1395 2388 8210 3011 2389 8211 1392 2389 8212 3005 2389 8213 3016 2390 8214 1395 2390 8215 1397 2390 8216 3017 2391 8217 1394 2391 8218 3011 2391 8219 1632 2392 8220 1397 2392 8221 241 2392 8222 240 2393 8223 3017 2393 8224 1633 2393 8225 1634 2315 8226 3016 2315 8227 1632 2315 8228 1635 2394 8229 3017 2394 8230 3015 2394 8231 3013 2368 8232 1634 2368 8233 1636 2368 8234 1635 2369 8235 3012 2369 8236 1637 2369 8237 280 2370 8238 3013 2370 8239 1636 2370 8240 281 2395 8241 3012 2395 8242 1517 2395 8243 1514 2396 8244 3013 2396 8245 1516 2396 8246 3012 2397 8247 1515 2397 8248 1517 2397 8249 1512 2398 8250 3007 2398 8251 1514 2398 8252 3006 2399 8253 1513 2399 8254 1515 2399 8255 3018 2400 8256 3026 2400 8257 3025 2400 8258 3027 2321 8259 3019 2321 8260 3024 2321 8261 3026 2401 8262 3022 2401 8263 3028 2401 8264 3027 2402 8265 3023 2402 8266 3021 2402 8267 3031 2403 8268 3026 2403 8269 3032 2403 8270 3033 2404 8271 3024 2404 8272 3030 2404 8273 3032 2307 8274 3028 2307 8275 3034 2307 8276 3035 2405 8277 3027 2405 8278 3033 2405 8279 1518 2406 8280 1636 2406 8281 3018 2406 8282 1519 2407 8283 1637 2407 8284 281 2407 8285 1636 2408 8286 3020 2408 8287 3018 2408 8288 3021 2409 8289 1637 2409 8290 3019 2409 8291 3020 2410 8292 1632 2410 8293 3022 2410 8294 3021 2411 8295 1633 2411 8296 1635 2411 8297 1632 2412 8298 1399 2412 8299 3022 2412 8300 1398 2413 8301 1633 2413 8302 3023 2413 8303 3022 2414 8304 1401 2414 8305 3028 2414 8306 1400 2415 8307 3023 2415 8308 3029 2415 8309 3034 2311 8310 1401 2311 8311 1403 2311 8312 1402 2416 8313 3029 2416 8314 3035 2416 8315 1638 2417 8316 1403 2417 8317 243 2417 8318 1639 704 8319 1402 704 8320 3035 704 8321 3032 2418 8322 1638 2418 8323 1640 2418 8324 1641 2419 8325 3035 2419 8326 3033 2419 8327 1642 2420 8328 3032 2420 8329 1640 2420 8330 1641 2421 8331 3030 2421 8332 1643 2421 8333 1522 2422 8334 1642 2422 8335 282 2422 8336 1643 2423 8337 1523 2423 8338 283 2423 8339 1520 2319 8340 3031 2319 8341 1522 2319 8342 1523 704 8343 3024 704 8344 1521 704 8345 1518 2424 8346 3025 2424 8347 1520 2424 8348 3024 2425 8349 1519 2425 8350 1521 2425 8351 3036 2063 8352 3044 2063 8353 3043 2063 8354 3045 2426 8355 3037 2426 8356 3042 2426 8357 3044 2427 8358 3040 2427 8359 3046 2427 8360 3045 2428 8361 3041 2428 8362 3039 2428 8363 3049 2238 8364 3044 2238 8365 3050 2238 8366 3051 2429 8367 3042 2429 8368 3048 2429 8369 3050 2430 8370 3046 2430 8371 3052 2430 8372 3053 2431 8373 3045 2431 8374 3051 2431 8375 1524 2432 8376 1642 2432 8377 3036 2432 8378 3037 2433 8379 283 2433 8380 1525 2433 8381 1642 2408 8382 3038 2408 8383 3036 2408 8384 3039 2434 8385 1643 2434 8386 3037 2434 8387 1640 2435 8388 3040 2435 8389 3038 2435 8390 3039 2436 8391 1639 2436 8392 1641 2436 8393 1638 706 8394 1405 706 8395 3040 706 8396 3041 2437 8397 242 2437 8398 1639 2437 8399 3046 2438 8400 1405 2438 8401 1407 2438 8402 1406 2439 8403 3041 2439 8404 3047 2439 8405 3052 2440 8406 1407 2440 8407 1409 2440 8408 1408 2441 8409 3047 2441 8410 3053 2441 8411 3052 2442 8412 245 2442 8413 1644 2442 8414 1645 2443 8415 1408 2443 8416 3053 2443 8417 3050 2444 8418 1644 2444 8419 1646 2444 8420 1647 2445 8421 3053 2445 8422 3051 2445 8423 1648 2446 8424 3050 2446 8425 1646 2446 8426 1647 2447 8427 3048 2447 8428 1649 2447 8429 1528 2448 8430 1648 2448 8431 284 2448 8432 1649 2449 8433 1529 2449 8434 285 2449 8435 1526 2450 8436 3049 2450 8437 1528 2450 8438 1529 2451 8439 3042 2451 8440 1527 2451 8441 1524 2452 8442 3043 2452 8443 1526 2452 8444 1527 2453 8445 3037 2453 8446 1525 2453 8447 3054 2063 8448 3062 2063 8449 3061 2063 8450 3060 2454 8451 3057 2454 8452 3055 2454 8453 3062 2455 8454 3058 2455 8455 3064 2455 8456 3063 2456 8457 3059 2456 8458 3057 2456 8459 3061 2457 8460 3068 2457 8461 3067 2457 8462 3069 2458 8463 3060 2458 8464 3066 2458 8465 3068 2459 8466 3064 2459 8467 3070 2459 8468 3071 2460 8469 3063 2460 8470 3069 2460 8471 1530 2461 8472 1648 2461 8473 3054 2461 8474 3055 2462 8475 285 2462 8476 1531 2462 8477 1648 2463 8478 3056 2463 8479 3054 2463 8480 3055 2464 8481 1647 2464 8482 1649 2464 8483 3056 2465 8484 1644 2465 8485 3058 2465 8486 3057 2466 8487 1645 2466 8488 1647 2466 8489 1644 2467 8490 1411 2467 8491 3058 2467 8492 1410 2468 8493 1645 2468 8494 3059 2468 8495 3058 2469 8496 1413 2469 8497 3064 2469 8498 1412 2470 8499 3059 2470 8500 3065 2470 8501 3070 2440 8502 1413 2440 8503 1415 2440 8504 1414 2471 8505 3065 2471 8506 3071 2471 8507 1650 2472 8508 1415 2472 8509 247 2472 8510 1651 2473 8511 1414 2473 8512 3071 2473 8513 3068 2315 8514 1650 2315 8515 1652 2315 8516 1651 2474 8517 3069 2474 8518 1653 2474 8519 1654 2475 8520 3068 2475 8521 1652 2475 8522 1655 2476 8523 3069 2476 8524 3066 2476 8525 1534 2477 8526 1654 2477 8527 286 2477 8528 1655 2478 8529 1535 2478 8530 287 2478 8531 1532 2319 8532 3067 2319 8533 1534 2319 8534 1535 2479 8535 3060 2479 8536 1533 2479 8537 1532 2347 8538 3054 2347 8539 3061 2347 8540 1533 2480 8541 3055 2480 8542 1531 2480 8543 3079 2481 8544 3074 2481 8545 3080 2481 8546 3078 2482 8547 3075 2482 8548 3073 2482 8549 3074 2483 8550 3082 2483 8551 3080 2483 8552 3083 2484 8553 3075 2484 8554 3081 2484 8555 3085 2238 8556 3080 2238 8557 3086 2238 8558 3084 2485 8559 3081 2485 8560 3078 2485 8561 3080 1911 8562 3088 1911 8563 3086 1911 8564 3089 2380 8565 3081 2380 8566 3087 2380 8567 1536 2486 8568 1654 2486 8569 3072 2486 8570 3073 2487 8571 287 2487 8572 1537 2487 8573 3072 2488 8574 1652 2488 8575 3074 2488 8576 3073 2489 8577 1653 2489 8578 1655 2489 8579 1652 2490 8580 3076 2490 8581 3074 2490 8582 3077 2491 8583 1653 2491 8584 3075 2491 8585 1650 706 8586 1417 706 8587 3076 706 8588 3077 2492 8589 246 2492 8590 1651 2492 8591 3076 2493 8592 1419 2493 8593 3082 2493 8594 3083 704 8595 1416 704 8596 3077 704 8597 3088 2494 8598 1419 2494 8599 1421 2494 8600 1420 2416 8601 3083 2416 8602 3089 2416 8603 1656 2495 8604 1421 2495 8605 249 2495 8606 1657 704 8607 1420 704 8608 3089 704 8609 3086 2496 8610 1656 2496 8611 1658 2496 8612 1657 2497 8613 3087 2497 8614 1659 2497 8615 1660 2498 8616 3086 2498 8617 1658 2498 8618 1661 2499 8619 3087 2499 8620 3084 2499 8621 1540 2500 8622 1660 2500 8623 288 2500 8624 1661 2501 8625 1541 2501 8626 289 2501 8627 1538 2502 8628 3085 2502 8629 1540 2502 8630 1541 704 8631 3078 704 8632 1539 704 8633 1538 2503 8634 3072 2503 8635 3079 2503 8636 1539 2504 8637 3073 2504 8638 1537 2504 8639 3090 2304 8640 3098 2304 8641 3097 2304 8642 3099 2321 8643 3091 2321 8644 3096 2321 8645 3098 2505 8646 3094 2505 8647 3100 2505 8648 3099 2323 8649 3095 2323 8650 3093 2323 8651 3103 2506 8652 3098 2506 8653 3104 2506 8654 3105 2507 8655 3096 2507 8656 3102 2507 8657 3104 2307 8658 3100 2307 8659 3106 2307 8660 3105 2508 8661 3101 2508 8662 3099 2508 8663 288 2509 8664 3090 2509 8665 1542 2509 8666 3091 2510 8667 289 2510 8668 1543 2510 8669 3090 2511 8670 1658 2511 8671 3092 2511 8672 3091 2512 8673 1659 2512 8674 1661 2512 8675 1658 2513 8676 3094 2513 8677 3092 2513 8678 3093 2514 8679 1657 2514 8680 1659 2514 8681 1656 2515 8682 1423 2515 8683 3094 2515 8684 3095 2516 8685 248 2516 8686 1657 2516 8687 3094 2517 8688 1425 2517 8689 3100 2517 8690 1424 2518 8691 3095 2518 8692 3101 2518 8693 3100 2519 8694 1427 2519 8695 3106 2519 8696 1426 2520 8697 3101 2520 8698 3107 2520 8699 3106 2521 8700 251 2521 8701 1662 2521 8702 250 2522 8703 3107 2522 8704 1663 2522 8705 3104 2315 8706 1662 2315 8707 1664 2315 8708 1665 1900 8709 3107 1900 8710 3105 1900 8711 1666 2523 8712 3104 2523 8713 1664 2523 8714 1667 1963 8715 3105 1963 8716 3102 1963 8717 1546 2524 8718 1666 2524 8719 290 2524 8720 1667 2525 8721 1547 2525 8722 291 2525 8723 1546 2526 8724 3097 2526 8725 3103 2526 8726 1547 704 8727 3096 704 8728 1545 704 8729 1544 2347 8730 3090 2347 8731 3097 2347 8732 1545 2504 8733 3091 2504 8734 1543 2504 8735 3108 2527 8736 3116 2527 8737 3115 2527 8738 3117 2528 8739 3109 2528 8740 3114 2528 8741 3116 2529 8742 3112 2529 8743 3118 2529 8744 3117 2530 8745 3113 2530 8746 3111 2530 8747 3115 2531 8748 3122 2531 8749 3121 2531 8750 3123 2532 8751 3114 2532 8752 3120 2532 8753 3122 2533 8754 3118 2533 8755 3124 2533 8756 3123 2534 8757 3119 2534 8758 3117 2534 8759 290 2535 8760 3108 2535 8761 1548 2535 8762 3109 2536 8763 291 2536 8764 1549 2536 8765 3108 2537 8766 1664 2537 8767 3110 2537 8768 3109 2538 8769 1665 2538 8770 1667 2538 8771 1664 2539 8772 3112 2539 8773 3110 2539 8774 3113 2540 8775 1665 2540 8776 3111 2540 8777 1662 706 8778 1429 706 8779 3112 706 8780 3113 2541 8781 250 2541 8782 1663 2541 8783 3112 2542 8784 1431 2542 8785 3118 2542 8786 3119 704 8787 1428 704 8788 3113 704 8789 3124 2543 8790 1431 2543 8791 1433 2543 8792 3125 2544 8793 1430 2544 8794 3119 2544 8795 1668 2545 8796 1433 2545 8797 253 2545 8798 252 2546 8799 3125 2546 8800 1669 2546 8801 3122 2418 8802 1668 2418 8803 1670 2418 8804 1669 2547 8805 3123 2547 8806 1671 2547 8807 1672 2523 8808 3122 2523 8809 1670 2523 8810 1673 2548 8811 3123 2548 8812 3120 2548 8813 1552 2549 8814 1672 2549 8815 292 2549 8816 1673 2550 8817 1553 2550 8818 293 2550 8819 1550 2551 8820 3121 2551 8821 1552 2551 8822 1553 704 8823 3114 704 8824 1551 704 8825 1548 2552 8826 3115 2552 8827 1550 2552 8828 3114 2553 8829 1549 2553 8830 1551 2553 8831 3126 2304 8832 3134 2304 8833 3133 2304 8834 3132 2262 8835 3129 2262 8836 3127 2262 8837 3134 2238 8838 3130 2238 8839 3136 2238 8840 3137 2554 8841 3129 2554 8842 3135 2554 8843 3133 2555 8844 3140 2555 8845 3139 2555 8846 3141 2556 8847 3132 2556 8848 3138 2556 8849 3140 2557 8850 3136 2557 8851 3142 2557 8852 3141 2558 8853 3137 2558 8854 3135 2558 8855 1554 2559 8856 1672 2559 8857 3126 2559 8858 3127 2560 8859 293 2560 8860 1555 2560 8861 3126 2561 8862 1670 2561 8863 3128 2561 8864 3127 2562 8865 1671 2562 8866 1673 2562 8867 3128 2563 8868 1668 2563 8869 3130 2563 8870 3129 2411 8871 1669 2411 8872 1671 2411 8873 1668 706 8874 1435 706 8875 3130 706 8876 1434 2564 8877 1669 2564 8878 3131 2564 8879 3130 2493 8880 1437 2493 8881 3136 2493 8882 1436 1544 8883 3131 1544 8884 3137 1544 8885 3142 2565 8886 1437 2565 8887 1439 2565 8888 1438 2566 8889 3137 2566 8890 3143 2566 8891 1674 2567 8892 1439 2567 8893 255 2567 8894 1675 704 8895 1438 704 8896 3143 704 8897 1676 2568 8898 3142 2568 8899 1674 2568 8900 1677 2280 8901 3143 2280 8902 3141 2280 8903 1678 2569 8904 3140 2569 8905 1676 2569 8906 1677 2570 8907 3138 2570 8908 1679 2570 8909 1558 2571 8910 1678 2571 8911 294 2571 8912 1679 2572 8913 1559 2572 8914 295 2572 8915 1556 2551 8916 3139 2551 8917 1558 2551 8918 1559 704 8919 3132 704 8920 1557 704 8921 1556 2347 8922 3126 2347 8923 3133 2347 8924 1557 2573 8925 3127 2573 8926 1555 2573 8927 3144 2574 8928 3152 2574 8929 3151 2574 8930 3153 2575 8931 3145 2575 8932 3150 2575 8933 3152 2576 8934 3148 2576 8935 3154 2576 8936 3153 2577 8937 3149 2577 8938 3147 2577 8939 3151 2578 8940 3158 2578 8941 3157 2578 8942 3159 2579 8943 3150 2579 8944 3156 2579 8945 3158 2307 8946 3154 2307 8947 3160 2307 8948 3159 2580 8949 3155 2580 8950 3153 2580 8951 294 2581 8952 3144 2581 8953 1560 2581 8954 3145 2582 8955 295 2582 8956 1561 2582 8957 3144 2511 8958 1676 2511 8959 3146 2511 8960 3145 2583 8961 1677 2583 8962 1679 2583 8963 1676 2584 8964 3148 2584 8965 3146 2584 8966 3147 2585 8967 1675 2585 8968 1677 2585 8969 3148 2586 8970 255 2586 8971 1441 2586 8972 3149 2248 8973 254 2248 8974 1675 2248 8975 3154 2587 8976 1441 2587 8977 1443 2587 8978 3155 704 8979 1440 704 8980 3149 704 8981 3160 2311 8982 1443 2311 8983 1445 2311 8984 1444 2312 8985 3155 2312 8986 3161 2312 8987 1680 2567 8988 1445 2567 8989 257 2567 8990 256 2228 8991 3161 2228 8992 1681 2228 8993 3158 2279 8994 1680 2279 8995 1682 2279 8996 1683 2588 8997 3161 2588 8998 3159 2588 8999 1684 2589 9000 3158 2589 9001 1682 2589 9002 1685 2590 9003 3159 2590 9004 3156 2590 9005 1564 2571 9006 1684 2571 9007 296 2571 9008 1685 2591 9009 1565 2591 9010 297 2591 9011 1562 2319 9012 3157 2319 9013 1564 2319 9014 1565 704 9015 3150 704 9016 1563 704 9017 1560 705 9018 3151 705 9019 1562 705 9020 3150 2592 9021 1561 2592 9022 1563 2592 9023 3169 2593 9024 3164 2593 9025 3170 2593 9026 3168 2262 9027 3165 2262 9028 3163 2262 9029 3164 2578 9030 3172 2578 9031 3170 2578 9032 3173 2594 9033 3165 2594 9034 3171 2594 9035 3175 2529 9036 3170 2529 9037 3176 2529 9038 3177 2595 9039 3168 2595 9040 3174 2595 9041 3176 2307 9042 3172 2307 9043 3178 2307 9044 3177 2580 9045 3173 2580 9046 3171 2580 9047 296 2581 9048 3162 2581 9049 1566 2581 9050 3163 2596 9051 297 2596 9052 1567 2596 9053 3162 2561 9054 1682 2561 9055 3164 2561 9056 3163 2464 9057 1683 2464 9058 1685 2464 9059 1682 2272 9060 3166 2272 9061 3164 2272 9062 3167 2273 9063 1683 2273 9064 3165 2273 9065 3166 2586 9066 257 2586 9067 1447 2586 9068 3167 2597 9069 256 2597 9070 1681 2597 9071 3172 2598 9072 1447 2598 9073 1449 2598 9074 3173 704 9075 1446 704 9076 3167 704 9077 3178 2565 9078 1449 2565 9079 1451 2565 9080 3179 2226 9081 1448 2226 9082 3173 2226 9083 1686 2567 9084 1451 2567 9085 259 2567 9086 1687 704 9087 1450 704 9088 3179 704 9089 3176 2279 9090 1686 2279 9091 1688 2279 9092 1687 2599 9093 3177 2599 9094 1689 2599 9095 1690 2589 9096 3176 2589 9097 1688 2589 9098 1691 2600 9099 3177 2600 9100 3174 2600 9101 1570 2571 9102 1690 2571 9103 298 2571 9104 1691 2601 9105 1571 2601 9106 299 2601 9107 1568 2551 9108 3175 2551 9109 1570 2551 9110 3174 2602 9111 1569 2602 9112 1571 2602 9113 1566 2552 9114 3169 2552 9115 1568 2552 9116 3168 2603 9117 1567 2603 9118 1569 2603 9119 3180 2604 9120 3188 2604 9121 3187 2604 9122 3186 2605 9123 3183 2605 9124 3181 2605 9125 3188 2606 9126 3184 2606 9127 3190 2606 9128 3191 2607 9129 3183 2607 9130 3189 2607 9131 3193 2608 9132 3188 2608 9133 3194 2608 9134 3192 2609 9135 3189 2609 9136 3186 2609 9137 3188 2610 9138 3196 2610 9139 3194 2610 9140 3197 2611 9141 3189 2611 9142 3195 2611 9143 298 2612 9144 3180 2612 9145 1572 2612 9146 3181 2613 9147 299 2613 9148 1573 2613 9149 3180 2614 9150 1688 2614 9151 3182 2614 9152 3181 2615 9153 1689 2615 9154 1691 2615 9155 1688 2272 9156 3184 2272 9157 3182 2272 9158 3183 2247 9159 1687 2247 9160 1689 2247 9161 1686 706 9162 1453 706 9163 3184 706 9164 3185 2616 9165 258 2616 9166 1687 2616 9167 3184 2493 9168 1455 2493 9169 3190 2493 9170 1454 1544 9171 3185 1544 9172 3191 1544 9173 3196 2617 9174 1455 2617 9175 1457 2617 9176 3197 2618 9177 1454 2618 9178 3191 2618 9179 1692 2619 9180 1457 2619 9181 261 2619 9182 1693 2620 9183 1456 2620 9184 3197 2620 9185 3194 2254 9186 1692 2254 9187 1694 2254 9188 1693 2255 9189 3195 2255 9190 1695 2255 9191 1696 2621 9192 3194 2621 9193 1694 2621 9194 1697 1963 9195 3195 1963 9196 3192 1963 9197 1576 2622 9198 1696 2622 9199 300 2622 9200 1697 2623 9201 1577 2623 9202 301 2623 9203 1574 2624 9204 3193 2624 9205 1576 2624 9206 3192 2625 9207 1575 2625 9208 1577 2625 9209 1574 2347 9210 3180 2347 9211 3187 2347 9212 1575 2626 9213 3181 2626 9214 1573 2626 9215 3198 2627 9216 3206 2627 9217 3205 2627 9218 3207 2628 9219 3199 2628 9220 3204 2628 9221 3206 2238 9222 3202 2238 9223 3208 2238 9224 3209 2554 9225 3201 2554 9226 3207 2554 9227 3211 2629 9228 3206 2629 9229 3212 2629 9230 3210 2630 9231 3207 2630 9232 3204 2630 9233 3206 2631 9234 3214 2631 9235 3212 2631 9236 3215 2632 9237 3207 2632 9238 3213 2632 9239 300 2633 9240 3198 2633 9241 1578 2633 9242 3199 2634 9243 301 2634 9244 1579 2634 9245 3198 2511 9246 1694 2511 9247 3200 2511 9248 3199 2615 9249 1695 2615 9250 1697 2615 9251 1694 2584 9252 3202 2584 9253 3200 2584 9254 3203 2635 9255 1695 2635 9256 3201 2635 9257 1692 2636 9258 1459 2636 9259 3202 2636 9260 3203 2637 9261 260 2637 9262 1693 2637 9263 3202 2493 9264 1461 2493 9265 3208 2493 9266 1460 1544 9267 3203 1544 9268 3209 1544 9269 3214 2638 9270 1461 2638 9271 1463 2638 9272 1462 2639 9273 3209 2639 9274 3215 2639 9275 1699 2640 9276 1463 2640 9277 263 2640 9278 1698 704 9279 1462 704 9280 3215 704 9281 3212 2641 9282 1699 2641 9283 1701 2641 9284 1698 2642 9285 3213 2642 9286 1700 2642 9287 3211 2643 9288 1701 2643 9289 1703 2643 9290 1700 2644 9291 3210 2644 9292 1702 2644 9293 302 2645 9294 3211 2645 9295 1703 2645 9296 303 2646 9297 3210 2646 9298 1583 2646 9299 1582 2647 9300 3205 2647 9301 3211 2647 9302 1583 704 9303 3204 704 9304 1581 704 9305 1580 2648 9306 3198 2648 9307 3205 2648 9308 1581 2573 9309 3199 2573 9310 1579 2573 9311 3223 2649 9312 3218 2649 9313 3224 2649 9314 3225 1120 9315 3217 1120 9316 3222 1120 9317 3224 2650 9318 3220 2650 9319 3226 2650 9320 3227 2651 9321 3219 2651 9322 3225 2651 9323 3223 2652 9324 3230 2652 9325 3229 2652 9326 3228 1120 9327 3225 1120 9328 3222 1120 9329 3224 2653 9330 3232 2653 9331 3230 2653 9332 3231 2654 9333 3227 2654 9334 3225 2654 9335 515 1109 9336 1705 1109 9337 3216 1109 9338 3217 2655 9339 38 2655 9340 514 2655 9341 1705 2656 9342 3218 2656 9343 3216 2656 9344 3217 1120 9345 1706 1120 9346 1704 1120 9347 1707 2657 9348 3220 2657 9349 3218 2657 9350 3221 2658 9351 1706 2658 9352 3219 2658 9353 3220 2659 9354 305 2659 9355 1752 2659 9356 3221 2660 9357 304 2660 9358 1708 2660 9359 3220 2661 9360 1754 2661 9361 3226 2661 9362 3227 2662 9363 1753 2662 9364 3221 2662 9365 3226 2663 9366 1756 2663 9367 3232 2663 9368 3233 2664 9369 1755 2664 9370 3227 2664 9371 3232 2665 9372 312 2665 9373 1732 2665 9374 313 2666 9375 3233 2666 9376 1733 2666 9377 3230 2667 9378 1732 2667 9379 1730 2667 9380 1733 2668 9381 3231 2668 9382 1731 2668 9383 1728 2669 9384 3230 2669 9385 1730 2669 9386 1731 2670 9387 3228 2670 9388 1729 2670 9389 511 1109 9390 1728 1109 9391 43 1109 9392 42 1120 9393 3228 1120 9394 510 1120 9395 513 1109 9396 3229 1109 9397 511 1109 9398 510 1120 9399 3222 1120 9400 512 1120 9401 513 1109 9402 3216 1109 9403 3223 1109 9404 3222 2655 9405 514 2655 9406 512 2655 9407 3234 2671 9408 3242 2671 9409 3241 2671 9410 3243 2672 9411 3235 2672 9412 3240 2672 9413 3242 2673 9414 3238 2673 9415 3244 2673 9416 3245 2674 9417 3237 2674 9418 3243 2674 9419 3247 2675 9420 3242 2675 9421 3248 2675 9422 3246 2676 9423 3243 2676 9424 3240 2676 9425 3248 2677 9426 3244 2677 9427 3250 2677 9428 3251 2678 9429 3243 2678 9430 3249 2678 9431 1752 2679 9432 1711 2679 9433 3234 2679 9434 3235 2680 9435 304 2680 9436 1753 2680 9437 3234 2681 9438 1713 2681 9439 3236 2681 9440 3237 2682 9441 1710 2682 9442 3235 2682 9443 1713 2683 9444 3238 2683 9445 3236 2683 9446 3237 2684 9447 1714 2684 9448 1712 2684 9449 1715 2685 9450 1758 2685 9451 3238 2685 9452 3239 2686 9453 306 2686 9454 1714 2686 9455 3238 2687 9456 1760 2687 9457 3244 2687 9458 3245 2688 9459 1759 2688 9460 3239 2688 9461 3244 2689 9462 1762 2689 9463 3250 2689 9464 3251 2690 9465 1761 2690 9466 3245 2690 9467 1738 2691 9468 1762 2691 9469 314 2691 9470 315 2692 9471 3251 2692 9472 1739 2692 9473 3248 2693 9474 1738 2693 9475 1736 2693 9476 1739 2694 9477 3249 2694 9478 1737 2694 9479 3247 2695 9480 1736 2695 9481 1734 2695 9482 1735 2696 9483 3249 2696 9484 3246 2696 9485 1756 2697 9486 1734 2697 9487 312 2697 9488 1735 2698 9489 1757 2698 9490 313 2698 9491 1754 2699 9492 3247 2699 9493 1756 2699 9494 1757 2700 9495 3240 2700 9496 1755 2700 9497 1752 2701 9498 3241 2701 9499 1754 2701 9500 1755 2702 9501 3235 2702 9502 1753 2702 9503 3259 2703 9504 3254 2703 9505 3260 2703 9506 3261 2704 9507 3253 2704 9508 3258 2704 9509 3260 2705 9510 3256 2705 9511 3262 2705 9512 3263 2706 9513 3255 2706 9514 3261 2706 9515 3265 2707 9516 3260 2707 9517 3266 2707 9518 3267 2708 9519 3258 2708 9520 3264 2708 9521 3266 2709 9522 3262 2709 9523 3268 2709 9524 3269 2710 9525 3261 2710 9526 3267 2710 9527 1758 2711 9528 1717 2711 9529 3252 2711 9530 3253 2712 9531 306 2712 9532 1759 2712 9533 3252 2713 9534 1719 2713 9535 3254 2713 9536 3255 2714 9537 1716 2714 9538 3253 2714 9539 1719 2715 9540 3256 2715 9541 3254 2715 9542 3255 2716 9543 1720 2716 9544 1718 2716 9545 1721 2717 9546 1764 2717 9547 3256 2717 9548 3257 2718 9549 308 2718 9550 1720 2718 9551 3256 2719 9552 1766 2719 9553 3262 2719 9554 3263 2720 9555 1765 2720 9556 3257 2720 9557 3262 2721 9558 1768 2721 9559 3268 2721 9560 3269 2722 9561 1767 2722 9562 3263 2722 9563 1744 2723 9564 1768 2723 9565 316 2723 9566 317 2724 9567 3269 2724 9568 1745 2724 9569 1742 2725 9570 3268 2725 9571 1744 2725 9572 1745 2726 9573 3267 2726 9574 1743 2726 9575 3265 2727 9576 1742 2727 9577 1740 2727 9578 1741 2728 9579 3267 2728 9580 3264 2728 9581 1762 2729 9582 1740 2729 9583 314 2729 9584 1741 2730 9585 1763 2730 9586 315 2730 9587 1760 2731 9588 3265 2731 9589 1762 2731 9590 1763 2732 9591 3258 2732 9592 1761 2732 9593 1758 2733 9594 3259 2733 9595 1760 2733 9596 1761 2734 9597 3253 2734 9598 1759 2734 9599 3277 2735 9600 3272 2735 9601 3278 2735 9602 3279 2736 9603 3271 2736 9604 3276 2736 9605 3278 2737 9606 3274 2737 9607 3280 2737 9608 3281 2738 9609 3273 2738 9610 3279 2738 9611 3283 2739 9612 3278 2739 9613 3284 2739 9614 3285 2740 9615 3276 2740 9616 3282 2740 9617 3284 2741 9618 3280 2741 9619 3286 2741 9620 3287 2742 9621 3279 2742 9622 3285 2742 9623 1764 1109 9624 1723 1109 9625 3270 1109 9626 3271 2743 9627 308 2743 9628 1765 2743 9629 3270 2744 9630 1725 2744 9631 3272 2744 9632 3273 2745 9633 1722 2745 9634 3271 2745 9635 1725 2746 9636 3274 2746 9637 3272 2746 9638 3273 2747 9639 1726 2747 9640 1724 2747 9641 1727 1109 9642 1771 1109 9643 3274 1109 9644 3275 2748 9645 310 2748 9646 1726 2748 9647 3280 2749 9648 1771 2749 9649 1773 2749 9650 3281 1120 9651 1770 1120 9652 3275 1120 9653 3286 2750 9654 1773 2750 9655 1775 2750 9656 1774 2751 9657 3281 2751 9658 3287 2751 9659 1750 2752 9660 1775 2752 9661 318 2752 9662 319 2753 9663 3287 2753 9664 1751 2753 9665 3284 2754 9666 1750 2754 9667 1748 2754 9668 1751 2755 9669 3285 2755 9670 1749 2755 9671 3283 2756 9672 1748 2756 9673 1746 2756 9674 1747 2757 9675 3285 2757 9676 3282 2757 9677 1768 2758 9678 1746 2758 9679 316 2758 9680 317 2759 9681 3282 2759 9682 1769 2759 9683 1766 2731 9684 3283 2731 9685 1768 2731 9686 1769 2760 9687 3276 2760 9688 1767 2760 9689 1764 2761 9690 3277 2761 9691 1766 2761 9692 1767 2762 9693 3271 2762 9694 1765 2762 9695 3295 2763 9696 3290 2763 9697 3296 2763 9698 3297 1109 9699 3289 1109 9700 3294 1109 9701 3296 2764 9702 3292 2764 9703 3298 2764 9704 3299 2765 9705 3291 2765 9706 3297 2765 9707 3295 2766 9708 3302 2766 9709 3301 2766 9710 3300 1109 9711 3297 1109 9712 3294 1109 9713 3296 2767 9714 3304 2767 9715 3302 2767 9716 3303 2768 9717 3299 2768 9718 3297 2768 9719 677 1120 9720 1801 1120 9721 3288 1120 9722 3289 2769 9723 74 2769 9724 676 2769 9725 1801 2770 9726 3290 2770 9727 3288 2770 9728 3289 1109 9729 1802 1109 9730 1800 1109 9731 1803 2771 9732 3292 2771 9733 3290 2771 9734 3293 2772 9735 1802 2772 9736 3291 2772 9737 3292 2773 9738 329 2773 9739 1824 2773 9740 3293 2774 9741 328 2774 9742 1804 2774 9743 3292 2775 9744 1826 2775 9745 3298 2775 9746 3299 2776 9747 1825 2776 9748 3293 2776 9749 3298 2777 9750 1828 2777 9751 3304 2777 9752 3305 2778 9753 1827 2778 9754 3299 2778 9755 3304 2779 9756 320 2779 9757 1780 2779 9758 321 2780 9759 3305 2780 9760 1781 2780 9761 3302 2781 9762 1780 2781 9763 1778 2781 9764 1781 2782 9765 3303 2782 9766 1779 2782 9767 1776 2783 9768 3302 2783 9769 1778 2783 9770 1779 2784 9771 3300 2784 9772 1777 2784 9773 673 1120 9774 1776 1120 9775 79 1120 9776 78 1109 9777 3300 1109 9778 672 1109 9779 675 1120 9780 3301 1120 9781 673 1120 9782 672 1109 9783 3294 1109 9784 674 1109 9785 675 1120 9786 3288 1120 9787 3295 1120 9788 3294 2769 9789 676 2769 9790 674 2769 9791 3306 2785 9792 3314 2785 9793 3313 2785 9794 3315 2786 9795 3307 2786 9796 3312 2786 9797 3314 2787 9798 3310 2787 9799 3316 2787 9800 3317 2788 9801 3309 2788 9802 3315 2788 9803 3319 2789 9804 3314 2789 9805 3320 2789 9806 3318 2790 9807 3315 2790 9808 3312 2790 9809 3320 2791 9810 3316 2791 9811 3322 2791 9812 3323 2792 9813 3315 2792 9814 3321 2792 9815 1824 2793 9816 1807 2793 9817 3306 2793 9818 3307 2794 9819 328 2794 9820 1825 2794 9821 3306 2795 9822 1809 2795 9823 3308 2795 9824 3309 2796 9825 1806 2796 9826 3307 2796 9827 1809 2797 9828 3310 2797 9829 3308 2797 9830 3309 2798 9831 1810 2798 9832 1808 2798 9833 1811 2799 9834 1830 2799 9835 3310 2799 9836 3311 2800 9837 330 2800 9838 1810 2800 9839 3310 2801 9840 1832 2801 9841 3316 2801 9842 3317 2802 9843 1831 2802 9844 3311 2802 9845 3316 2803 9846 1834 2803 9847 3322 2803 9848 3323 2804 9849 1833 2804 9850 3317 2804 9851 1786 2805 9852 1834 2805 9853 322 2805 9854 323 2806 9855 3323 2806 9856 1787 2806 9857 3320 2807 9858 1786 2807 9859 1784 2807 9860 1787 2808 9861 3321 2808 9862 1785 2808 9863 3319 2809 9864 1784 2809 9865 1782 2809 9866 1783 2810 9867 3321 2810 9868 3318 2810 9869 1828 2811 9870 1782 2811 9871 320 2811 9872 1783 2812 9873 1829 2812 9874 321 2812 9875 1826 2813 9876 3319 2813 9877 1828 2813 9878 1829 2814 9879 3312 2814 9880 1827 2814 9881 1824 2815 9882 3313 2815 9883 1826 2815 9884 1827 2816 9885 3307 2816 9886 1825 2816 9887 3331 2817 9888 3326 2817 9889 3332 2817 9890 3333 2818 9891 3325 2818 9892 3330 2818 9893 3332 2819 9894 3328 2819 9895 3334 2819 9896 3335 2820 9897 3327 2820 9898 3333 2820 9899 3337 2821 9900 3332 2821 9901 3338 2821 9902 3339 2822 9903 3330 2822 9904 3336 2822 9905 3338 2823 9906 3334 2823 9907 3340 2823 9908 3341 2824 9909 3333 2824 9910 3339 2824 9911 1830 2825 9912 1813 2825 9913 3324 2825 9914 3325 2826 9915 330 2826 9916 1831 2826 9917 3324 2827 9918 1815 2827 9919 3326 2827 9920 3327 2828 9921 1812 2828 9922 3325 2828 9923 1815 2829 9924 3328 2829 9925 3326 2829 9926 3327 2830 9927 1816 2830 9928 1814 2830 9929 1817 2831 9930 1836 2831 9931 3328 2831 9932 3329 2832 9933 332 2832 9934 1816 2832 9935 3328 2833 9936 1838 2833 9937 3334 2833 9938 3335 2834 9939 1837 2834 9940 3329 2834 9941 3334 2835 9942 1840 2835 9943 3340 2835 9944 3341 2836 9945 1839 2836 9946 3335 2836 9947 1792 2837 9948 1840 2837 9949 324 2837 9950 325 2838 9951 3341 2838 9952 1793 2838 9953 1790 2839 9954 3340 2839 9955 1792 2839 9956 1793 2840 9957 3339 2840 9958 1791 2840 9959 3337 2841 9960 1790 2841 9961 1788 2841 9962 1789 2842 9963 3339 2842 9964 3336 2842 9965 1834 2843 9966 1788 2843 9967 322 2843 9968 1789 2844 9969 1835 2844 9970 323 2844 9971 1832 2845 9972 3337 2845 9973 1834 2845 9974 1835 2846 9975 3330 2846 9976 1833 2846 9977 1830 2847 9978 3331 2847 9979 1832 2847 9980 1833 2848 9981 3325 2848 9982 1831 2848 9983 3349 2849 9984 3344 2849 9985 3350 2849 9986 3351 2850 9987 3343 2850 9988 3348 2850 9989 3350 2851 9990 3346 2851 9991 3352 2851 9992 3353 2852 9993 3345 2852 9994 3351 2852 9995 3355 2853 9996 3350 2853 9997 3356 2853 9998 3357 2854 9999 3348 2854 10000 3354 2854 10001 3356 2855 10002 3352 2855 10003 3358 2855 10004 3359 2856 10005 3351 2856 10006 3357 2856 10007 1836 1120 10008 1819 1120 10009 3342 1120 10010 3343 2857 10011 332 2857 10012 1837 2857 10013 3342 2858 10014 1821 2858 10015 3344 2858 10016 3345 2859 10017 1818 2859 10018 3343 2859 10019 1821 2860 10020 3346 2860 10021 3344 2860 10022 3345 2861 10023 1822 2861 10024 1820 2861 10025 1823 1120 10026 1843 1120 10027 3346 1120 10028 3347 2862 10029 334 2862 10030 1822 2862 10031 3352 2863 10032 1843 2863 10033 1845 2863 10034 3353 1109 10035 1842 1109 10036 3347 1109 10037 3358 2864 10038 1845 2864 10039 1847 2864 10040 1846 2865 10041 3353 2865 10042 3359 2865 10043 1798 2866 10044 1847 2866 10045 326 2866 10046 327 2867 10047 3359 2867 10048 1799 2867 10049 3356 2868 10050 1798 2868 10051 1796 2868 10052 1799 2869 10053 3357 2869 10054 1797 2869 10055 3355 2870 10056 1796 2870 10057 1794 2870 10058 1795 2871 10059 3357 2871 10060 3354 2871 10061 1840 2872 10062 1794 2872 10063 324 2872 10064 325 2873 10065 3354 2873 10066 1841 2873 10067 1838 2845 10068 3355 2845 10069 1840 2845 10070 1841 2874 10071 3348 2874 10072 1839 2874 10073 1836 2875 10074 3349 2875 10075 1838 2875 10076 1839 2876 10077 3343 2876 10078 1837 2876 10079 24 2877 10080 342 2877 10081 343 2877 10082 342 2878 10083 344 2878 10084 345 2878 10085 346 2879 10086 347 2879 10087 345 2879 10088 346 2880 10089 22 2880 10090 23 2880 10091 22 2881 10092 354 2881 10093 355 2881 10094 354 2882 10095 356 2882 10096 357 2882 10097 356 2883 10098 358 2883 10099 359 2883 10100 0 2884 10101 1 2884 10102 359 2884 10103 360 2885 10104 361 2885 10105 9 2885 10106 362 2886 10107 363 2886 10108 361 2886 10109 364 2887 10110 365 2887 10111 363 2887 10112 364 2888 10113 4 2888 10114 5 2888 10115 182 2889 10116 366 2889 10117 367 2889 10118 368 2890 10119 369 2890 10120 367 2890 10121 370 2891 10122 371 2891 10123 369 2891 10124 5 2892 10125 4 2892 10126 371 2892 10127 384 2893 10128 385 2893 10129 11 2893 10130 386 2894 10131 387 2894 10132 385 2894 10133 386 2895 10134 388 2895 10135 389 2895 10136 8 2896 10137 9 2896 10138 389 2896 10139 6 2897 10140 390 2897 10141 391 2897 10142 392 2898 10143 393 2898 10144 391 2898 10145 394 2899 10146 395 2899 10147 393 2899 10148 34 2900 10149 35 2900 10150 395 2900 10151 396 2901 10152 397 2901 10153 13 2901 10154 398 2902 10155 399 2902 10156 397 2902 10157 398 2903 10158 400 2903 10159 401 2903 10160 400 2904 10161 10 2904 10162 11 2904 10163 402 2905 10164 403 2905 10165 35 2905 10166 402 2906 10167 404 2906 10168 405 2906 10169 406 2907 10170 407 2907 10171 405 2907 10172 32 2908 10173 33 2908 10174 407 2908 10175 408 2909 10176 409 2909 10177 15 2909 10178 410 2910 10179 411 2910 10180 409 2910 10181 410 2911 10182 412 2911 10183 413 2911 10184 412 2912 10185 12 2912 10186 13 2912 10187 32 2913 10188 414 2913 10189 415 2913 10190 414 2914 10191 416 2914 10192 417 2914 10193 418 2915 10194 419 2915 10195 417 2915 10196 30 2916 10197 31 2916 10198 419 2916 10199 420 2917 10200 421 2917 10201 17 2917 10202 422 2918 10203 423 2918 10204 421 2918 10205 422 2919 10206 424 2919 10207 425 2919 10208 424 2920 10209 14 2920 10210 15 2920 10211 30 2921 10212 426 2921 10213 427 2921 10214 426 2922 10215 428 2922 10216 429 2922 10217 430 2923 10218 431 2923 10219 429 2923 10220 28 2924 10221 29 2924 10222 431 2924 10223 432 2925 10224 433 2925 10225 19 2925 10226 434 2926 10227 435 2926 10228 433 2926 10229 434 2927 10230 436 2927 10231 437 2927 10232 436 2928 10233 16 2928 10234 17 2928 10235 28 2929 10236 438 2929 10237 439 2929 10238 438 2930 10239 440 2930 10240 441 2930 10241 442 2931 10242 443 2931 10243 441 2931 10244 27 2932 10245 26 2932 10246 443 2932 10247 20 2933 10248 444 2933 10249 445 2933 10250 446 2934 10251 447 2934 10252 445 2934 10253 446 2935 10254 448 2935 10255 449 2935 10256 448 2936 10257 18 2936 10258 19 2936 10259 27 2937 10260 450 2937 10261 451 2937 10262 450 2938 10263 452 2938 10264 453 2938 10265 454 2939 10266 455 2939 10267 453 2939 10268 24 2940 10269 25 2940 10270 455 2940 10271 456 2941 10272 457 2941 10273 2 2941 10274 456 2942 10275 458 2942 10276 459 2942 10277 458 2943 10278 460 2943 10279 461 2943 10280 460 2944 10281 20 2944 10282 21 2944 10283 498 2945 10284 499 2945 10285 61 2945 10286 500 2946 10287 501 2946 10288 499 2946 10289 500 2947 10290 502 2947 10291 503 2947 10292 58 2948 10293 59 2948 10294 503 2948 10295 504 2949 10296 505 2949 10297 311 2949 10298 504 2950 10299 506 2950 10300 507 2950 10301 508 2951 10302 509 2951 10303 507 2951 10304 508 2952 10305 3 2952 10306 2 2952 10307 516 2953 10308 517 2953 10309 59 2953 10310 518 2954 10311 519 2954 10312 517 2954 10313 520 2955 10314 521 2955 10315 519 2955 10316 520 2956 10317 36 2956 10318 37 2956 10319 44 2957 10320 522 2957 10321 523 2957 10322 522 2958 10323 524 2958 10324 525 2958 10325 524 2959 10326 526 2959 10327 527 2959 10328 40 2960 10329 41 2960 10330 527 2960 10331 46 2961 10332 540 2961 10333 541 2961 10334 540 2962 10335 542 2962 10336 543 2962 10337 544 2963 10338 545 2963 10339 543 2963 10340 544 2964 10341 44 2964 10342 45 2964 10343 546 2965 10344 547 2965 10345 43 2965 10346 546 2966 10347 548 2966 10348 549 2966 10349 548 2967 10350 550 2967 10351 551 2967 10352 550 2968 10353 70 2968 10354 71 2968 10355 48 2969 10356 552 2969 10357 553 2969 10358 552 2970 10359 554 2970 10360 555 2970 10361 556 2971 10362 557 2971 10363 555 2971 10364 46 2972 10365 47 2972 10366 557 2972 10367 70 2973 10368 558 2973 10369 559 2973 10370 560 2974 10371 561 2974 10372 559 2974 10373 560 2975 10374 562 2975 10375 563 2975 10376 562 2976 10377 68 2976 10378 69 2976 10379 50 2977 10380 564 2977 10381 565 2977 10382 564 2978 10383 566 2978 10384 567 2978 10385 568 2979 10386 569 2979 10387 567 2979 10388 48 2980 10389 49 2980 10390 569 2980 10391 570 2981 10392 571 2981 10393 69 2981 10394 572 2982 10395 573 2982 10396 571 2982 10397 572 2983 10398 574 2983 10399 575 2983 10400 574 2984 10401 66 2984 10402 67 2984 10403 52 2985 10404 576 2985 10405 577 2985 10406 576 2986 10407 578 2986 10408 579 2986 10409 580 2987 10410 581 2987 10411 579 2987 10412 50 2988 10413 51 2988 10414 581 2988 10415 582 2989 10416 583 2989 10417 67 2989 10418 584 2990 10419 585 2990 10420 583 2990 10421 584 2991 10422 586 2991 10423 587 2991 10424 586 2992 10425 64 2992 10426 65 2992 10427 54 2993 10428 588 2993 10429 589 2993 10430 588 2994 10431 590 2994 10432 591 2994 10433 592 2995 10434 593 2995 10435 591 2995 10436 52 2996 10437 53 2996 10438 593 2996 10439 594 2997 10440 595 2997 10441 65 2997 10442 596 2998 10443 597 2998 10444 595 2998 10445 596 2999 10446 598 2999 10447 599 2999 10448 598 3000 10449 63 3000 10450 62 3000 10451 600 3001 10452 601 3001 10453 57 3001 10454 600 3002 10455 602 3002 10456 603 3002 10457 604 3003 10458 605 3003 10459 603 3003 10460 54 3004 10461 55 3004 10462 605 3004 10463 606 3005 10464 607 3005 10465 62 3005 10466 608 3006 10467 609 3006 10468 607 3006 10469 608 3007 10470 610 3007 10471 611 3007 10472 610 3008 10473 60 3008 10474 61 3008 10475 39 3009 10476 612 3009 10477 613 3009 10478 614 3010 10479 615 3010 10480 613 3010 10481 616 3011 10482 617 3011 10483 615 3011 10484 56 3012 10485 57 3012 10486 617 3012 10487 80 3013 10488 648 3013 10489 649 3013 10490 648 3014 10491 650 3014 10492 651 3014 10493 650 3015 10494 652 3015 10495 653 3015 10496 76 3016 10497 77 3016 10498 653 3016 10499 660 3017 10500 661 3017 10501 97 3017 10502 662 3018 10503 663 3018 10504 661 3018 10505 662 3019 10506 664 3019 10507 665 3019 10508 94 3020 10509 95 3020 10510 665 3020 10511 326 3021 10512 666 3021 10513 667 3021 10514 668 3022 10515 669 3022 10516 667 3022 10517 668 3023 10518 670 3023 10519 671 3023 10520 112 3024 10521 113 3024 10522 671 3024 10523 678 3025 10524 679 3025 10525 95 3025 10526 680 3026 10527 681 3026 10528 679 3026 10529 682 3027 10530 683 3027 10531 681 3027 10532 682 3028 10533 72 3028 10534 73 3028 10535 684 3029 10536 685 3029 10537 263 3029 10538 684 154 10539 686 154 10540 687 154 10541 688 3030 10542 689 3030 10543 687 3030 10544 688 3031 10545 108 3031 10546 109 3031 10547 82 3032 10548 702 3032 10549 703 3032 10550 702 3033 10551 704 3033 10552 705 3033 10553 706 3034 10554 707 3034 10555 705 3034 10556 706 3035 10557 80 3035 10558 81 3035 10559 708 3036 10560 709 3036 10561 79 3036 10562 708 3037 10563 710 3037 10564 711 3037 10565 710 3038 10566 712 3038 10567 713 3038 10568 712 3039 10569 106 3039 10570 107 3039 10571 84 3040 10572 714 3040 10573 715 3040 10574 714 3041 10575 716 3041 10576 717 3041 10577 718 3042 10578 719 3042 10579 717 3042 10580 82 3043 10581 83 3043 10582 719 3043 10583 106 3044 10584 720 3044 10585 721 3044 10586 722 3045 10587 723 3045 10588 721 3045 10589 722 3046 10590 724 3046 10591 725 3046 10592 724 3047 10593 104 3047 10594 105 3047 10595 86 3048 10596 726 3048 10597 727 3048 10598 726 3049 10599 728 3049 10600 729 3049 10601 730 3050 10602 731 3050 10603 729 3050 10604 84 3051 10605 85 3051 10606 731 3051 10607 732 3052 10608 733 3052 10609 105 3052 10610 734 3053 10611 735 3053 10612 733 3053 10613 734 3054 10614 736 3054 10615 737 3054 10616 736 3055 10617 102 3055 10618 103 3055 10619 88 3056 10620 738 3056 10621 739 3056 10622 738 3057 10623 740 3057 10624 741 3057 10625 742 3058 10626 743 3058 10627 741 3058 10628 86 3059 10629 87 3059 10630 743 3059 10631 744 3060 10632 745 3060 10633 103 3060 10634 746 3061 10635 747 3061 10636 745 3061 10637 746 3062 10638 748 3062 10639 749 3062 10640 748 3063 10641 100 3063 10642 101 3063 10643 90 3064 10644 750 3064 10645 751 3064 10646 750 3065 10647 752 3065 10648 753 3065 10649 754 3066 10650 755 3066 10651 753 3066 10652 88 3067 10653 89 3067 10654 755 3067 10655 756 3068 10656 757 3068 10657 101 3068 10658 758 3069 10659 759 3069 10660 757 3069 10661 758 3070 10662 760 3070 10663 761 3070 10664 760 3071 10665 99 3071 10666 98 3071 10667 762 3072 10668 763 3072 10669 93 3072 10670 762 3073 10671 764 3073 10672 765 3073 10673 766 3074 10674 767 3074 10675 765 3074 10676 90 3075 10677 91 3075 10678 767 3075 10679 768 3076 10680 769 3076 10681 98 3076 10682 770 3077 10683 771 3077 10684 769 3077 10685 770 3078 10686 772 3078 10687 773 3078 10688 772 3079 10689 96 3079 10690 97 3079 10691 75 3080 10692 774 3080 10693 775 3080 10694 776 3081 10695 777 3081 10696 775 3081 10697 778 3082 10698 779 3082 10699 777 3082 10700 92 3083 10701 93 3083 10702 779 3083 10703 302 3084 10704 804 3084 10705 805 3084 10706 806 3085 10707 807 3085 10708 805 3085 10709 808 3086 10710 809 3086 10711 807 3086 10712 114 3087 10713 115 3087 10714 809 3087 10715 132 3088 10716 816 3088 10717 817 3088 10718 816 3089 10719 818 3089 10720 819 3089 10721 820 3090 10722 821 3090 10723 819 3090 10724 820 3091 10725 130 3091 10726 131 3091 10727 130 3092 10728 822 3092 10729 823 3092 10730 822 3093 10731 824 3093 10732 825 3093 10733 824 3094 10734 826 3094 10735 827 3094 10736 109 3095 10737 108 3095 10738 827 3095 10739 828 3096 10740 829 3096 10741 117 3096 10742 830 3097 10743 831 3097 10744 829 3097 10745 832 3098 10746 833 3098 10747 831 3098 10748 832 3099 10749 115 3099 10750 114 3099 10751 318 3100 10752 834 3100 10753 835 3100 10754 836 3101 10755 837 3101 10756 835 3101 10757 836 3102 10758 838 3102 10759 839 3102 10760 6 3103 10761 7 3103 10762 839 3103 10763 852 3104 10764 853 3104 10765 119 3104 10766 854 3105 10767 855 3105 10768 853 3105 10769 854 3106 10770 856 3106 10771 857 3106 10772 116 3107 10773 117 3107 10774 857 3107 10775 858 3108 10776 859 3108 10777 335 3108 10778 858 3109 10779 860 3109 10780 861 3109 10781 862 3110 10782 863 3110 10783 861 3110 10784 862 3111 10785 110 3111 10786 111 3111 10787 864 3112 10788 865 3112 10789 121 3112 10790 866 3113 10791 867 3113 10792 865 3113 10793 866 3114 10794 868 3114 10795 869 3114 10796 868 3115 10797 118 3115 10798 119 3115 10799 870 3116 10800 871 3116 10801 143 3116 10802 870 3117 10803 872 3117 10804 873 3117 10805 874 3118 10806 875 3118 10807 873 3118 10808 140 3119 10809 141 3119 10810 875 3119 10811 876 3120 10812 877 3120 10813 123 3120 10814 878 3121 10815 879 3121 10816 877 3121 10817 878 3122 10818 880 3122 10819 881 3122 10820 880 3123 10821 120 3123 10822 121 3123 10823 140 3124 10824 882 3124 10825 883 3124 10826 882 3125 10827 884 3125 10828 885 3125 10829 886 3126 10830 887 3126 10831 885 3126 10832 138 3127 10833 139 3127 10834 887 3127 10835 888 3128 10836 889 3128 10837 125 3128 10838 890 3129 10839 891 3129 10840 889 3129 10841 890 3130 10842 892 3130 10843 893 3130 10844 892 3131 10845 122 3131 10846 123 3131 10847 138 3132 10848 894 3132 10849 895 3132 10850 894 3133 10851 896 3133 10852 897 3133 10853 898 3134 10854 899 3134 10855 897 3134 10856 136 3135 10857 137 3135 10858 899 3135 10859 900 3136 10860 901 3136 10861 127 3136 10862 902 3137 10863 903 3137 10864 901 3137 10865 902 3138 10866 904 3138 10867 905 3138 10868 904 3139 10869 124 3139 10870 125 3139 10871 136 3140 10872 906 3140 10873 907 3140 10874 906 3141 10875 908 3141 10876 909 3141 10877 910 3142 10878 911 3142 10879 909 3142 10880 135 3143 10881 134 3143 10882 911 3143 10883 128 3144 10884 912 3144 10885 913 3144 10886 914 3145 10887 915 3145 10888 913 3145 10889 914 3146 10890 916 3146 10891 917 3146 10892 916 3147 10893 126 3147 10894 127 3147 10895 135 3148 10896 918 3148 10897 919 3148 10898 918 3149 10899 920 3149 10900 921 3149 10901 922 3150 10902 923 3150 10903 921 3150 10904 132 3151 10905 133 3151 10906 923 3151 10907 924 3152 10908 925 3152 10909 111 3152 10910 924 3153 10911 926 3153 10912 927 3153 10913 926 3154 10914 928 3154 10915 929 3154 10916 928 3155 10917 128 3155 10918 129 3155 10919 960 3156 10920 961 3156 10921 223 3156 10922 960 281 10923 962 281 10924 963 281 10925 964 3157 10926 965 3157 10927 963 3157 10928 964 3158 10929 1 3158 10930 0 3158 10931 112 3159 10932 978 3159 10933 979 3159 10934 980 3160 10935 981 3160 10936 979 3160 10937 982 3161 10938 983 3161 10939 981 3161 10940 142 3162 10941 143 3162 10942 983 3162 10943 76 3163 10944 984 3163 10945 985 3163 10946 986 3164 10947 987 3164 10948 985 3164 10949 986 463 10950 988 463 10951 989 463 10952 144 3165 10953 145 3165 10954 989 3165 10955 144 3166 10956 990 3166 10957 991 3166 10958 992 3167 10959 993 3167 10960 991 3167 10961 992 3168 10962 994 3168 10963 995 3168 10964 146 3169 10965 147 3169 10966 995 3169 10967 146 3170 10968 996 3170 10969 997 3170 10970 998 3171 10971 999 3171 10972 997 3171 10973 998 3172 10974 1000 3172 10975 1001 3172 10976 148 3173 10977 149 3173 10978 1001 3173 10979 148 3174 10980 1002 3174 10981 1003 3174 10982 1004 3175 10983 1005 3175 10984 1003 3175 10985 1004 3176 10986 1006 3176 10987 1007 3176 10988 150 3177 10989 151 3177 10990 1007 3177 10991 150 3178 10992 1008 3178 10993 1009 3178 10994 1010 3179 10995 1011 3179 10996 1009 3179 10997 1010 3180 10998 1012 3180 10999 1013 3180 11000 152 3181 11001 153 3181 11002 1013 3181 11003 152 3182 11004 1014 3182 11005 1015 3182 11006 1016 3183 11007 1017 3183 11008 1015 3183 11009 1016 3184 11010 1018 3184 11011 1019 3184 11012 154 3185 11013 155 3185 11014 1019 3185 11015 154 3186 11016 1020 3186 11017 1021 3186 11018 1022 3187 11019 1023 3187 11020 1021 3187 11021 1022 3188 11022 1024 3188 11023 1025 3188 11024 156 3189 11025 157 3189 11026 1025 3189 11027 156 3190 11028 1026 3190 11029 1027 3190 11030 1028 3191 11031 1029 3191 11032 1027 3191 11033 1028 3192 11034 1030 3192 11035 1031 3192 11036 158 3193 11037 159 3193 11038 1031 3193 11039 158 3194 11040 1032 3194 11041 1033 3194 11042 1034 3195 11043 1035 3195 11044 1033 3195 11045 1034 3196 11046 1036 3196 11047 1037 3196 11048 160 3197 11049 161 3197 11050 1037 3197 11051 160 3198 11052 1038 3198 11053 1039 3198 11054 1040 3199 11055 1041 3199 11056 1039 3199 11057 1040 3192 11058 1042 3192 11059 1043 3192 11060 162 3200 11061 163 3200 11062 1043 3200 11063 162 3201 11064 1044 3201 11065 1045 3201 11066 1046 3202 11067 1047 3202 11068 1045 3202 11069 1046 3203 11070 1048 3203 11071 1049 3203 11072 164 3204 11073 165 3204 11074 1049 3204 11075 164 3205 11076 1050 3205 11077 1051 3205 11078 1052 3206 11079 1053 3206 11080 1051 3206 11081 1052 3207 11082 1054 3207 11083 1055 3207 11084 166 3208 11085 167 3208 11086 1055 3208 11087 166 3209 11088 1056 3209 11089 1057 3209 11090 1058 3210 11091 1059 3210 11092 1057 3210 11093 1058 3211 11094 1060 3211 11095 1061 3211 11096 168 3212 11097 169 3212 11098 1061 3212 11099 168 3213 11100 1062 3213 11101 1063 3213 11102 1064 3214 11103 1065 3214 11104 1063 3214 11105 1064 3215 11106 1066 3215 11107 1067 3215 11108 170 3216 11109 171 3216 11110 1067 3216 11111 170 3217 11112 1068 3217 11113 1069 3217 11114 1070 3218 11115 1071 3218 11116 1069 3218 11117 1070 3219 11118 1072 3219 11119 1073 3219 11120 172 3220 11121 173 3220 11122 1073 3220 11123 172 3221 11124 1074 3221 11125 1075 3221 11126 1076 3222 11127 1077 3222 11128 1075 3222 11129 1076 3223 11130 1078 3223 11131 1079 3223 11132 174 3224 11133 175 3224 11134 1079 3224 11135 174 3225 11136 1080 3225 11137 1081 3225 11138 1082 3226 11139 1083 3226 11140 1081 3226 11141 1082 3227 11142 1084 3227 11143 1085 3227 11144 176 3228 11145 177 3228 11146 1085 3228 11147 176 3229 11148 1086 3229 11149 1087 3229 11150 1088 3230 11151 1089 3230 11152 1087 3230 11153 1088 3231 11154 1090 3231 11155 1091 3231 11156 178 3232 11157 179 3232 11158 1091 3232 11159 178 3233 11160 1092 3233 11161 1093 3233 11162 1094 3234 11163 1095 3234 11164 1093 3234 11165 1094 3235 11166 1096 3235 11167 1097 3235 11168 180 3236 11169 181 3236 11170 1097 3236 11171 180 3237 11172 1098 3237 11173 1099 3237 11174 1100 3238 11175 1101 3238 11176 1099 3238 11177 1100 3239 11178 1102 3239 11179 1103 3239 11180 182 3240 11181 183 3240 11182 1103 3240 11183 1104 3241 11184 1105 3241 11185 73 3241 11186 1106 3242 11187 1107 3242 11188 1105 3242 11189 1108 3243 11190 1109 3243 11191 1107 3243 11192 1108 3244 11193 184 3244 11194 185 3244 11195 1110 3245 11196 1111 3245 11197 185 3245 11198 1110 369 11199 1112 369 11200 1113 369 11201 1114 3246 11202 1115 3246 11203 1113 3246 11204 1114 3247 11205 186 3247 11206 187 3247 11207 1116 3248 11208 1117 3248 11209 187 3248 11210 1116 369 11211 1118 369 11212 1119 369 11213 1120 3249 11214 1121 3249 11215 1119 3249 11216 1120 3250 11217 188 3250 11218 189 3250 11219 1122 3251 11220 1123 3251 11221 189 3251 11222 1122 426 11223 1124 426 11224 1125 426 11225 1126 3252 11226 1127 3252 11227 1125 3252 11228 1126 3250 11229 190 3250 11230 191 3250 11231 1128 423 11232 1129 423 11233 191 423 11234 1128 426 11235 1130 426 11236 1131 426 11237 1132 3253 11238 1133 3253 11239 1131 3253 11240 1132 3247 11241 192 3247 11242 193 3247 11243 1134 3254 11244 1135 3254 11245 193 3254 11246 1134 426 11247 1136 426 11248 1137 426 11249 1138 3255 11250 1139 3255 11251 1137 3255 11252 1138 3256 11253 194 3256 11254 195 3256 11255 1140 454 11256 1141 454 11257 195 454 11258 1140 437 11259 1142 437 11260 1143 437 11261 1144 3257 11262 1145 3257 11263 1143 3257 11264 1144 3256 11265 196 3256 11266 197 3256 11267 1146 435 11268 1147 435 11269 197 435 11270 1146 426 11271 1148 426 11272 1149 426 11273 1150 3258 11274 1151 3258 11275 1149 3258 11276 1150 3250 11277 198 3250 11278 199 3250 11279 1152 3259 11280 1153 3259 11281 199 3259 11282 1152 3260 11283 1154 3260 11284 1155 3260 11285 1156 3261 11286 1157 3261 11287 1155 3261 11288 1156 3256 11289 200 3256 11290 201 3256 11291 1158 3262 11292 1159 3262 11293 201 3262 11294 1158 441 11295 1160 441 11296 1161 441 11297 1162 3249 11298 1163 3249 11299 1161 3249 11300 1162 3250 11301 202 3250 11302 203 3250 11303 1164 438 11304 1165 438 11305 203 438 11306 1164 444 11307 1166 444 11308 1167 444 11309 1168 3263 11310 1169 3263 11311 1167 3263 11312 1168 3264 11313 204 3264 11314 205 3264 11315 1170 442 11316 1171 442 11317 205 442 11318 1170 441 11319 1172 441 11320 1173 441 11321 1174 3265 11322 1175 3265 11323 1173 3265 11324 1174 3250 11325 206 3250 11326 207 3250 11327 1176 3266 11328 1177 3266 11329 207 3266 11330 1176 426 11331 1178 426 11332 1179 426 11333 1180 3267 11334 1181 3267 11335 1179 3267 11336 1180 3268 11337 208 3268 11338 209 3268 11339 1182 3269 11340 1183 3269 11341 209 3269 11342 1182 426 11343 1184 426 11344 1185 426 11345 1186 3257 11346 1187 3257 11347 1185 3257 11348 1186 3268 11349 210 3268 11350 211 3268 11351 1188 3270 11352 1189 3270 11353 211 3270 11354 1188 434 11355 1190 434 11356 1191 434 11357 1192 3271 11358 1193 3271 11359 1191 3271 11360 1192 3250 11361 212 3250 11362 213 3250 11363 1194 431 11364 1195 431 11365 213 431 11366 1194 416 11367 1196 416 11368 1197 416 11369 1198 3246 11370 1199 3246 11371 1197 3246 11372 1198 3272 11373 214 3272 11374 215 3272 11375 1200 3248 11376 1201 3248 11377 215 3248 11378 1200 426 11379 1202 426 11380 1203 426 11381 1204 3249 11382 1205 3249 11383 1203 3249 11384 1204 3272 11385 216 3272 11386 217 3272 11387 1206 457 11388 1207 457 11389 217 457 11390 1206 416 11391 1208 416 11392 1209 416 11393 1210 3273 11394 1211 3273 11395 1209 3273 11396 1210 3272 11397 218 3272 11398 219 3272 11399 1212 3274 11400 1213 3274 11401 219 3274 11402 1212 426 11403 1214 426 11404 1215 426 11405 1216 3275 11406 1217 3275 11407 1215 3275 11408 1216 3250 11409 220 3250 11410 221 3250 11411 1218 3276 11412 1219 3276 11413 221 3276 11414 1218 416 11415 1220 416 11416 1221 416 11417 1222 3277 11418 1223 3277 11419 1221 3277 11420 1222 3278 11421 222 3278 11422 223 3278 11423 1344 3279 11424 1345 3279 11425 37 3279 11426 1346 3280 11427 1347 3280 11428 1345 3280 11429 1348 3281 11430 1349 3281 11431 1347 3281 11432 1348 3282 11433 224 3282 11434 225 3282 11435 1350 3283 11436 1351 3283 11437 225 3283 11438 1350 407 11439 1352 407 11440 1353 407 11441 1354 3284 11442 1355 3284 11443 1353 3284 11444 1354 3285 11445 226 3285 11446 227 3285 11447 1356 3286 11448 1357 3286 11449 227 3286 11450 1356 407 11451 1358 407 11452 1359 407 11453 1360 3287 11454 1361 3287 11455 1359 3287 11456 1360 3288 11457 228 3288 11458 229 3288 11459 1362 3289 11460 1363 3289 11461 229 3289 11462 1362 378 11463 1364 378 11464 1365 378 11465 1366 3290 11466 1367 3290 11467 1365 3290 11468 1366 3288 11469 230 3288 11470 231 3288 11471 1368 375 11472 1369 375 11473 231 375 11474 1368 378 11475 1370 378 11476 1371 378 11477 1372 3291 11478 1373 3291 11479 1371 3291 11480 1372 3285 11481 232 3285 11482 233 3285 11483 1374 3292 11484 1375 3292 11485 233 3292 11486 1374 378 11487 1376 378 11488 1377 378 11489 1378 3293 11490 1379 3293 11491 1377 3293 11492 1378 3294 11493 234 3294 11494 235 3294 11495 1380 406 11496 1381 406 11497 235 406 11498 1380 389 11499 1382 389 11500 1383 389 11501 1384 3295 11502 1385 3295 11503 1383 3295 11504 1384 3294 11505 236 3294 11506 237 3294 11507 1386 387 11508 1387 387 11509 237 387 11510 1386 378 11511 1388 378 11512 1389 378 11513 1390 3296 11514 1391 3296 11515 1389 3296 11516 1390 3288 11517 238 3288 11518 239 3288 11519 1392 3297 11520 1393 3297 11521 239 3297 11522 1392 3298 11523 1394 3298 11524 1395 3298 11525 1396 3299 11526 1397 3299 11527 1395 3299 11528 1396 3294 11529 240 3294 11530 241 3294 11531 1398 3300 11532 1399 3300 11533 241 3300 11534 1398 393 11535 1400 393 11536 1401 393 11537 1402 3287 11538 1403 3287 11539 1401 3287 11540 1402 3288 11541 242 3288 11542 243 3288 11543 1404 390 11544 1405 390 11545 243 390 11546 1404 396 11547 1406 396 11548 1407 396 11549 1408 3301 11550 1409 3301 11551 1407 3301 11552 1408 3302 11553 244 3302 11554 245 3302 11555 1410 394 11556 1411 394 11557 245 394 11558 1410 393 11559 1412 393 11560 1413 393 11561 1414 3303 11562 1415 3303 11563 1413 3303 11564 1414 3288 11565 246 3288 11566 247 3288 11567 1416 3304 11568 1417 3304 11569 247 3304 11570 1416 378 11571 1418 378 11572 1419 378 11573 1420 3305 11574 1421 3305 11575 1419 3305 11576 1420 3306 11577 248 3306 11578 249 3306 11579 1422 3307 11580 1423 3307 11581 249 3307 11582 1422 378 11583 1424 378 11584 1425 378 11585 1426 3295 11586 1427 3295 11587 1425 3295 11588 1426 3306 11589 250 3306 11590 251 3306 11591 1428 3308 11592 1429 3308 11593 251 3308 11594 1428 386 11595 1430 386 11596 1431 386 11597 1432 3309 11598 1433 3309 11599 1431 3309 11600 1432 3288 11601 252 3288 11602 253 3288 11603 1434 383 11604 1435 383 11605 253 383 11606 1434 367 11607 1436 367 11608 1437 367 11609 1438 3284 11610 1439 3284 11611 1437 3284 11612 1438 3310 11613 254 3310 11614 255 3310 11615 1440 3286 11616 1441 3286 11617 255 3286 11618 1440 378 11619 1442 378 11620 1443 378 11621 1444 3287 11622 1445 3287 11623 1443 3287 11624 1444 3310 11625 256 3310 11626 257 3310 11627 1446 410 11628 1447 410 11629 257 410 11630 1446 367 11631 1448 367 11632 1449 367 11633 1450 3311 11634 1451 3311 11635 1449 3311 11636 1450 3310 11637 258 3310 11638 259 3310 11639 1452 3312 11640 1453 3312 11641 259 3312 11642 1452 378 11643 1454 378 11644 1455 378 11645 1456 3313 11646 1457 3313 11647 1455 3313 11648 1456 3288 11649 260 3288 11650 261 3288 11651 1458 3314 11652 1459 3314 11653 261 3314 11654 1458 367 11655 1460 367 11656 1461 367 11657 1462 3315 11658 1463 3315 11659 1461 3315 11660 1462 3316 11661 262 3316 11662 263 3316 11663 40 3317 11664 1464 3317 11665 1465 3317 11666 1466 3318 11667 1467 3318 11668 1465 3318 11669 1466 288 11670 1468 288 11671 1469 288 11672 264 3319 11673 265 3319 11674 1469 3319 11675 264 3320 11676 1470 3320 11677 1471 3320 11678 1472 3321 11679 1473 3321 11680 1471 3321 11681 1472 3322 11682 1474 3322 11683 1475 3322 11684 266 3323 11685 267 3323 11686 1475 3323 11687 266 3324 11688 1476 3324 11689 1477 3324 11690 1478 3325 11691 1479 3325 11692 1477 3325 11693 1478 3326 11694 1480 3326 11695 1481 3326 11696 268 3327 11697 269 3327 11698 1481 3327 11699 268 3328 11700 1482 3328 11701 1483 3328 11702 1484 3329 11703 1485 3329 11704 1483 3329 11705 1484 3330 11706 1486 3330 11707 1487 3330 11708 270 3331 11709 271 3331 11710 1487 3331 11711 270 3332 11712 1488 3332 11713 1489 3332 11714 1490 3333 11715 1491 3333 11716 1489 3333 11717 1490 3334 11718 1492 3334 11719 1493 3334 11720 272 3335 11721 273 3335 11722 1493 3335 11723 272 3336 11724 1494 3336 11725 1495 3336 11726 1496 3337 11727 1497 3337 11728 1495 3337 11729 1496 3338 11730 1498 3338 11731 1499 3338 11732 274 3339 11733 275 3339 11734 1499 3339 11735 274 3340 11736 1500 3340 11737 1501 3340 11738 1502 3341 11739 1503 3341 11740 1501 3341 11741 1502 3342 11742 1504 3342 11743 1505 3342 11744 276 3343 11745 277 3343 11746 1505 3343 11747 276 3344 11748 1506 3344 11749 1507 3344 11750 1508 3345 11751 1509 3345 11752 1507 3345 11753 1508 3346 11754 1510 3346 11755 1511 3346 11756 278 3347 11757 279 3347 11758 1511 3347 11759 278 3348 11760 1512 3348 11761 1513 3348 11762 1514 3349 11763 1515 3349 11764 1513 3349 11765 1514 3350 11766 1516 3350 11767 1517 3350 11768 280 3351 11769 281 3351 11770 1517 3351 11771 280 3352 11772 1518 3352 11773 1519 3352 11774 1520 3353 11775 1521 3353 11776 1519 3353 11777 1520 3346 11778 1522 3346 11779 1523 3346 11780 282 3354 11781 283 3354 11782 1523 3354 11783 282 3355 11784 1524 3355 11785 1525 3355 11786 1526 3356 11787 1527 3356 11788 1525 3356 11789 1526 3357 11790 1528 3357 11791 1529 3357 11792 284 3358 11793 285 3358 11794 1529 3358 11795 284 3359 11796 1530 3359 11797 1531 3359 11798 1532 3360 11799 1533 3360 11800 1531 3360 11801 1532 3361 11802 1534 3361 11803 1535 3361 11804 286 3362 11805 287 3362 11806 1535 3362 11807 286 3363 11808 1536 3363 11809 1537 3363 11810 1538 3364 11811 1539 3364 11812 1537 3364 11813 1538 3365 11814 1540 3365 11815 1541 3365 11816 288 3366 11817 289 3366 11818 1541 3366 11819 288 3367 11820 1542 3367 11821 1543 3367 11822 1544 3368 11823 1545 3368 11824 1543 3368 11825 1544 3369 11826 1546 3369 11827 1547 3369 11828 290 3370 11829 291 3370 11830 1547 3370 11831 290 3371 11832 1548 3371 11833 1549 3371 11834 1550 3372 11835 1551 3372 11836 1549 3372 11837 1550 3373 11838 1552 3373 11839 1553 3373 11840 292 3374 11841 293 3374 11842 1553 3374 11843 292 3375 11844 1554 3375 11845 1555 3375 11846 1556 3376 11847 1557 3376 11848 1555 3376 11849 1556 3377 11850 1558 3377 11851 1559 3377 11852 294 3378 11853 295 3378 11854 1559 3378 11855 294 3379 11856 1560 3379 11857 1561 3379 11858 1562 3380 11859 1563 3380 11860 1561 3380 11861 1562 3381 11862 1564 3381 11863 1565 3381 11864 296 3382 11865 297 3382 11866 1565 3382 11867 296 3383 11868 1566 3383 11869 1567 3383 11870 1568 3384 11871 1569 3384 11872 1567 3384 11873 1568 3385 11874 1570 3385 11875 1571 3385 11876 298 3386 11877 299 3386 11878 1571 3386 11879 298 3387 11880 1572 3387 11881 1573 3387 11882 1574 3388 11883 1575 3388 11884 1573 3388 11885 1574 3389 11886 1576 3389 11887 1577 3389 11888 300 3390 11889 301 3390 11890 1577 3390 11891 300 3391 11892 1578 3391 11893 1579 3391 11894 1580 3392 11895 1581 3392 11896 1579 3392 11897 1580 3393 11898 1582 3393 11899 1583 3393 11900 302 3394 11901 303 3394 11902 1583 3394 11903 1704 3395 11904 1705 3395 11905 39 3395 11906 1704 3396 11907 1706 3396 11908 1707 3396 11909 1708 3397 11910 1709 3397 11911 1707 3397 11912 1708 3398 11913 304 3398 11914 305 3398 11915 1710 3399 11916 1711 3399 11917 305 3399 11918 1712 3400 11919 1713 3400 11920 1711 3400 11921 1714 3401 11922 1715 3401 11923 1713 3401 11924 1714 3402 11925 306 3402 11926 307 3402 11927 1716 3403 11928 1717 3403 11929 307 3403 11930 1716 3404 11931 1718 3404 11932 1719 3404 11933 1720 3405 11934 1721 3405 11935 1719 3405 11936 1720 3406 11937 308 3406 11938 309 3406 11939 1722 3407 11940 1723 3407 11941 309 3407 11942 1722 3408 11943 1724 3408 11944 1725 3408 11945 1726 3409 11946 1727 3409 11947 1725 3409 11948 1726 3410 11949 310 3410 11950 311 3410 11951 43 3411 11952 1728 3411 11953 1729 3411 11954 1730 3412 11955 1731 3412 11956 1729 3412 11957 1730 3413 11958 1732 3413 11959 1733 3413 11960 312 3414 11961 313 3414 11962 1733 3414 11963 312 3415 11964 1734 3415 11965 1735 3415 11966 1736 572 11967 1737 572 11968 1735 572 11969 1736 3416 11970 1738 3416 11971 1739 3416 11972 314 3417 11973 315 3417 11974 1739 3417 11975 314 3418 11976 1740 3418 11977 1741 3418 11978 1740 3419 11979 1742 3419 11980 1743 3419 11981 1742 3420 11982 1744 3420 11983 1745 3420 11984 316 3421 11985 317 3421 11986 1745 3421 11987 316 3422 11988 1746 3422 11989 1747 3422 11990 1746 3423 11991 1748 3423 11992 1749 3423 11993 1748 3424 11994 1750 3424 11995 1751 3424 11996 318 3425 11997 319 3425 11998 1751 3425 11999 79 3426 12000 1776 3426 12001 1777 3426 12002 1778 3427 12003 1779 3427 12004 1777 3427 12005 1778 3428 12006 1780 3428 12007 1781 3428 12008 320 3429 12009 321 3429 12010 1781 3429 12011 320 3430 12012 1782 3430 12013 1783 3430 12014 1784 588 12015 1785 588 12016 1783 588 12017 1784 3431 12018 1786 3431 12019 1787 3431 12020 322 3432 12021 323 3432 12022 1787 3432 12023 322 3433 12024 1788 3433 12025 1789 3433 12026 1788 3434 12027 1790 3434 12028 1791 3434 12029 1790 3435 12030 1792 3435 12031 1793 3435 12032 324 3436 12033 325 3436 12034 1793 3436 12035 324 3437 12036 1794 3437 12037 1795 3437 12038 1794 3438 12039 1796 3438 12040 1797 3438 12041 1796 3439 12042 1798 3439 12043 1799 3439 12044 326 3440 12045 327 3440 12046 1799 3440 12047 1800 3441 12048 1801 3441 12049 75 3441 12050 1800 3442 12051 1802 3442 12052 1803 3442 12053 1804 3443 12054 1805 3443 12055 1803 3443 12056 1804 3444 12057 328 3444 12058 329 3444 12059 1806 3445 12060 1807 3445 12061 329 3445 12062 1808 3446 12063 1809 3446 12064 1807 3446 12065 1810 3447 12066 1811 3447 12067 1809 3447 12068 1810 3448 12069 330 3448 12070 331 3448 12071 1812 3449 12072 1813 3449 12073 331 3449 12074 1812 3450 12075 1814 3450 12076 1815 3450 12077 1816 3451 12078 1817 3451 12079 1815 3451 12080 1816 3452 12081 332 3452 12082 333 3452 12083 1818 3453 12084 1819 3453 12085 333 3453 12086 1818 3454 12087 1820 3454 12088 1821 3454 12089 1822 3455 12090 1823 3455 12091 1821 3455 12092 1822 3456 12093 334 3456 12094 335 3456 12095 1855 3457 12096 1848 3457 12097 1850 3457 12098 1854 3458 12099 1857 3458 12100 1851 3458 12101 1856 3459 12102 1850 3459 12103 1852 3459 12104 1857 3460 12105 1859 3460 12106 1853 3460 12107 1861 3461 12108 1855 3461 12109 1856 3461 12110 1860 3462 12111 1863 3462 12112 1857 3462 12113 1856 3463 12114 1858 3463 12115 1864 3463 12116 1865 3464 12117 1859 3464 12118 1857 3464 12119 396 3465 12120 12 3465 12121 336 3465 12122 397 3466 12123 1849 3466 12124 337 3466 12125 336 3467 12126 338 3467 12127 1850 3467 12128 1851 618 12129 339 618 12130 337 618 12131 1850 3468 12132 338 3468 12133 340 3468 12134 1851 3469 12135 1853 3469 12136 341 3469 12137 340 3470 12138 26 3470 12139 451 3470 12140 450 3471 12141 27 3471 12142 341 3471 12143 1852 3472 12144 451 3472 12145 453 3472 12146 452 3473 12147 450 3473 12148 1853 3473 12149 1864 3474 12150 1858 3474 12151 453 3474 12152 1865 3475 12153 454 3475 12154 452 3475 12155 372 3476 12156 1864 3476 12157 455 3476 12158 373 3477 12159 24 3477 12160 454 3477 12161 1862 3478 12162 1864 3478 12163 372 3478 12164 373 3479 12165 1865 3479 12166 1863 3479 12167 1861 3480 12168 1862 3480 12169 374 3480 12170 375 3481 12171 1863 3481 12172 1860 3481 12173 10 3482 12174 400 3482 12175 1861 3482 12176 11 3483 12177 377 3483 12178 1860 3483 12179 398 3484 12180 1855 3484 12181 1861 3484 12182 1860 3485 12183 1854 3485 12184 399 3485 12185 396 3486 12186 1848 3486 12187 1855 3486 12188 1854 3487 12189 1849 3487 12190 397 3487 12191 1866 3488 12192 1868 3488 12193 1874 3488 12194 1875 3489 12195 1869 3489 12196 1867 3489 12197 1868 3490 12198 1870 3490 12199 1876 3490 12200 1875 3491 12201 1877 3491 12202 1871 3491 12203 1879 3492 12204 1873 3492 12205 1874 3492 12206 1878 3493 12207 1881 3493 12208 1875 3493 12209 1874 3494 12210 1876 3494 12211 1882 3494 12212 1883 3495 12213 1877 3495 12214 1875 3495 12215 420 3496 12216 16 3496 12217 474 3496 12218 421 3497 12219 1867 3497 12220 475 3497 12221 474 3498 12222 476 3498 12223 1868 3498 12224 1869 3499 12225 477 3499 12226 475 3499 12227 1868 3500 12228 476 3500 12229 478 3500 12230 1869 3501 12231 1871 3501 12232 479 3501 12233 478 3502 12234 31 3502 12235 427 3502 12236 426 3503 12237 30 3503 12238 479 3503 12239 1876 3504 12240 1870 3504 12241 427 3504 12242 428 3505 12243 426 3505 12244 1871 3505 12245 1882 3506 12246 1876 3506 12247 429 3506 12248 1883 3507 12249 430 3507 12250 428 3507 12251 462 3508 12252 1882 3508 12253 431 3508 12254 463 3509 12255 28 3509 12256 430 3509 12257 1880 3510 12258 1882 3510 12259 462 3510 12260 463 3511 12261 1883 3511 12262 1881 3511 12263 1879 3512 12264 1880 3512 12265 464 3512 12266 465 3513 12267 1881 3513 12268 1878 3513 12269 14 3514 12270 424 3514 12271 1879 3514 12272 15 3515 12273 467 3515 12274 1878 3515 12275 422 3516 12276 1873 3516 12277 1879 3516 12278 1878 642 12279 1872 642 12280 423 642 12281 420 3517 12282 1866 3517 12283 1873 3517 12284 423 3518 12285 1872 3518 12286 1867 3518 12287 1884 3519 12288 1886 3519 12289 1892 3519 12290 1890 3520 12291 1893 3520 12292 1887 3520 12293 1886 3521 12294 1888 3521 12295 1894 3521 12296 1895 3522 12297 1889 3522 12298 1887 3522 12299 1891 3523 12300 1892 3523 12301 1898 3523 12302 1899 3524 12303 1893 3524 12304 1890 3524 12305 1892 3525 12306 1894 3525 12307 1900 3525 12308 1901 3526 12309 1895 3526 12310 1893 3526 12311 20 3527 12312 486 3527 12313 1884 3527 12314 1885 3528 12315 487 3528 12316 21 3528 12317 1884 3529 12318 486 3529 12319 488 3529 12320 1885 3530 12321 1887 3530 12322 489 3530 12323 488 3531 12324 490 3531 12325 1888 3531 12326 1889 3532 12327 491 3532 12328 489 3532 12329 1888 3533 12330 490 3533 12331 35 3533 12332 402 3534 12333 34 3534 12334 491 3534 12335 1894 3535 12336 1888 3535 12337 403 3535 12338 1895 3536 12339 404 3536 12340 402 3536 12341 1900 3537 12342 1894 3537 12343 405 3537 12344 1901 3538 12345 406 3538 12346 404 3538 12347 1900 3539 12348 407 3539 12349 33 3539 12350 481 3540 12351 32 3540 12352 406 3540 12353 482 3541 12354 1898 3541 12355 1900 3541 12356 483 3542 12357 481 3542 12358 1901 3542 12359 1897 3543 12360 1898 3543 12361 482 3543 12362 483 3544 12363 1899 3544 12364 1896 3544 12365 18 3545 12366 448 3545 12367 1897 3545 12368 485 3546 12369 1896 3546 12370 449 3546 12371 446 3547 12372 1891 3547 12373 1897 3547 12374 449 3548 12375 1896 3548 12376 1890 3548 12377 444 3549 12378 1884 3549 12379 1891 3549 12380 1890 3550 12381 1885 3550 12382 445 3550 12383 1909 3551 12384 1902 3551 12385 1904 3551 12386 1908 3552 12387 1911 3552 12388 1905 3552 12389 1904 3553 12390 1906 3553 12391 1912 3553 12392 1911 3554 12393 1913 3554 12394 1907 3554 12395 1915 704 12396 1909 704 12397 1910 704 12398 1914 706 12399 1917 706 12400 1911 706 12401 1910 3555 12402 1912 3555 12403 1918 3555 12404 1917 3556 12405 1919 3556 12406 1913 3556 12407 366 3557 12408 182 3557 12409 1343 3557 12410 367 3558 12411 1903 3558 12412 1342 3558 12413 1343 3559 12414 1341 3559 12415 1904 3559 12416 1905 3560 12417 1340 3560 12418 1342 3560 12419 1341 3561 12420 1339 3561 12421 1906 3561 12422 1907 1753 12423 1338 1753 12424 1340 1753 12425 1339 3562 12426 223 3562 12427 961 3562 12428 960 3563 12429 222 3563 12430 1338 3563 12431 1906 2590 12432 961 2590 12433 963 2590 12434 1913 706 12435 962 706 12436 960 706 12437 1918 704 12438 1912 704 12439 963 704 12440 1919 706 12441 964 706 12442 962 706 12443 473 704 12444 1918 704 12445 965 704 12446 472 3564 12447 1 3564 12448 964 3564 12449 1916 3565 12450 1918 3565 12451 473 3565 12452 470 3566 12453 472 3566 12454 1919 3566 12455 469 704 12456 1915 704 12457 1916 704 12458 470 706 12459 1917 706 12460 1914 706 12461 370 3567 12462 1915 3567 12463 469 3567 12464 468 706 12465 1914 706 12466 371 706 12467 368 3568 12468 1909 3568 12469 1915 3568 12470 1914 706 12471 1908 706 12472 369 706 12473 366 3569 12474 1902 3569 12475 1909 3569 12476 1908 3570 12477 1903 3570 12478 367 3570 12479 1920 3571 12480 1922 3571 12481 1928 3571 12482 1926 3572 12483 1929 3572 12484 1923 3572 12485 1928 3573 12486 1922 3573 12487 1924 3573 12488 1931 3574 12489 1925 3574 12490 1923 3574 12491 1933 3575 12492 1927 3575 12493 1928 3575 12494 1932 3576 12495 1935 3576 12496 1929 3576 12497 1928 3577 12498 1930 3577 12499 1936 3577 12500 1937 3578 12501 1931 3578 12502 1929 3578 12503 456 3579 12504 3 3579 12505 353 3579 12506 1921 3580 12507 352 3580 12508 2 3580 12509 1920 3581 12510 353 3581 12511 351 3581 12512 1923 3582 12513 350 3582 12514 352 3582 12515 351 3583 12516 349 3583 12517 1924 3583 12518 1923 3584 12519 1925 3584 12520 348 3584 12521 349 3585 12522 7 3585 12523 391 3585 12524 1925 3586 12525 390 3586 12526 6 3586 12527 1930 3587 12528 1924 3587 12529 391 3587 12530 392 3588 12531 390 3588 12532 1925 3588 12533 1936 3589 12534 1930 3589 12535 393 3589 12536 394 3590 12537 392 3590 12538 1931 3590 12539 490 3591 12540 1936 3591 12541 395 3591 12542 34 3592 12543 394 3592 12544 1937 3592 12545 1934 3593 12546 1936 3593 12547 490 3593 12548 491 3594 12549 1937 3594 12550 1935 3594 12551 486 3595 12552 1933 3595 12553 1934 3595 12554 487 3596 12555 489 3596 12556 1935 3596 12557 460 3597 12558 1933 3597 12559 486 3597 12560 487 3598 12561 1932 3598 12562 461 3598 12563 458 3599 12564 1927 3599 12565 1933 3599 12566 1932 3600 12567 1926 3600 12568 459 3600 12569 456 3601 12570 1920 3601 12571 1927 3601 12572 459 3602 12573 1926 3602 12574 1921 3602 12575 1945 3603 12576 1938 3603 12577 1940 3603 12578 1944 3604 12579 1947 3604 12580 1941 3604 12581 1940 3605 12582 1942 3605 12583 1948 3605 12584 1949 3606 12585 1943 3606 12586 1941 3606 12587 1945 3607 12588 1946 3607 12589 1952 3607 12590 1950 3608 12591 1953 3608 12592 1947 3608 12593 1952 3609 12594 1946 3609 12595 1948 3609 12596 1953 3610 12597 1955 3610 12598 1949 3610 12599 18 3611 12600 484 3611 12601 1938 3611 12602 1939 3612 12603 485 3612 12604 19 3612 12605 1938 3613 12606 484 3613 12607 482 3613 12608 1941 3614 12609 483 3614 12610 485 3614 12611 482 3615 12612 480 3615 12613 1942 3615 12614 1941 3616 12615 1943 3616 12616 481 3616 12617 480 3617 12618 33 3617 12619 415 3617 12620 1943 3618 12621 414 3618 12622 32 3618 12623 1948 3619 12624 1942 3619 12625 415 3619 12626 1949 3620 12627 416 3620 12628 414 3620 12629 1948 3621 12630 417 3621 12631 419 3621 12632 418 3622 12633 416 3622 12634 1949 3622 12635 478 3623 12636 1954 3623 12637 419 3623 12638 479 3624 12639 30 3624 12640 418 3624 12641 476 3625 12642 1952 3625 12643 1954 3625 12644 477 3626 12645 479 3626 12646 1955 3626 12647 1951 3627 12648 1952 3627 12649 476 3627 12650 477 3628 12651 1953 3628 12652 1950 3628 12653 16 3629 12654 436 3629 12655 1951 3629 12656 17 3630 12657 475 3630 12658 1950 3630 12659 436 3631 12660 434 3631 12661 1945 3631 12662 437 3632 12663 1950 3632 12664 1944 3632 12665 432 3633 12666 1938 3633 12667 1945 3633 12668 1944 3634 12669 1939 3634 12670 433 3634 12671 1956 3635 12672 1958 3635 12673 1964 3635 12674 1965 3636 12675 1959 3636 12676 1957 3636 12677 1964 3637 12678 1958 3637 12679 1960 3637 12680 1965 3638 12681 1967 3638 12682 1961 3638 12683 1969 3639 12684 1963 3639 12685 1964 3639 12686 1968 3640 12687 1971 3640 12688 1965 3640 12689 1964 3641 12690 1966 3641 12691 1972 3641 12692 1973 3642 12693 1967 3642 12694 1965 3642 12695 360 3643 12696 8 3643 12697 378 3643 12698 1957 3644 12699 379 3644 12700 9 3644 12701 1956 3645 12702 378 3645 12703 380 3645 12704 1957 3646 12705 1959 3646 12706 381 3646 12707 1958 3647 12708 380 3647 12709 382 3647 12710 1959 3648 12711 1961 3648 12712 383 3648 12713 382 3649 12714 23 3649 12715 355 3649 12716 354 3650 12717 22 3650 12718 383 3650 12719 1960 3651 12720 355 3651 12721 357 3651 12722 356 3652 12723 354 3652 12724 1961 3652 12725 1966 3653 12726 357 3653 12727 359 3653 12728 358 3654 12729 356 3654 12730 1967 3654 12731 472 3655 12732 1972 3655 12733 359 3655 12734 0 3656 12735 358 3656 12736 1973 3656 12737 1970 3657 12738 1972 3657 12739 472 3657 12740 473 3658 12741 1973 3658 12742 1971 3658 12743 1969 3659 12744 1970 3659 12745 470 3659 12746 469 3660 12747 471 3660 12748 1971 3660 12749 364 3661 12750 1969 3661 12751 468 3661 12752 5 3662 12753 469 3662 12754 1968 3662 12755 364 3663 12756 362 3663 12757 1963 3663 12758 365 3664 12759 1968 3664 12760 1962 3664 12761 362 3665 12762 360 3665 12763 1956 3665 12764 363 3666 12765 1962 3666 12766 1957 3666 12767 1974 3667 12768 1976 3667 12769 1982 3667 12770 1983 3668 12771 1977 3668 12772 1975 3668 12773 1982 3669 12774 1976 3669 12775 1978 3669 12776 1983 3670 12777 1985 3670 12778 1979 3670 12779 1981 3671 12780 1982 3671 12781 1988 3671 12782 1989 3672 12783 1983 3672 12784 1980 3672 12785 1988 3673 12786 1982 3673 12787 1984 3673 12788 1989 3674 12789 1991 3674 12790 1985 3674 12791 408 3675 12792 14 3675 12793 466 3675 12794 409 3676 12795 1975 3676 12796 467 3676 12797 466 3677 12798 464 3677 12799 1976 3677 12800 1977 3678 12801 465 3678 12802 467 3678 12803 1976 3679 12804 464 3679 12805 462 3679 12806 1977 3680 12807 1979 3680 12808 463 3680 12809 462 3681 12810 29 3681 12811 439 3681 12812 438 3682 12813 28 3682 12814 463 3682 12815 1978 3683 12816 439 3683 12817 441 3683 12818 440 3684 12819 438 3684 12820 1979 3684 12821 1984 3685 12822 441 3685 12823 443 3685 12824 442 3686 12825 440 3686 12826 1985 3686 12827 340 3687 12828 1990 3687 12829 443 3687 12830 341 3688 12831 27 3688 12832 442 3688 12833 338 3689 12834 1988 3689 12835 1990 3689 12836 339 3690 12837 341 3690 12838 1991 3690 12839 1987 3691 12840 1988 3691 12841 338 3691 12842 339 3692 12843 1989 3692 12844 1986 3692 12845 412 3693 12846 1987 3693 12847 336 3693 12848 337 3694 12849 1986 3694 12850 413 3694 12851 410 3695 12852 1981 3695 12853 1987 3695 12854 1986 3696 12855 1980 3696 12856 411 3696 12857 410 3697 12858 408 3697 12859 1974 3697 12860 411 3698 12861 1980 3698 12862 1975 3698 12863 1999 3699 12864 1992 3699 12865 1994 3699 12866 1998 3700 12867 2001 3700 12868 1995 3700 12869 2000 3701 12870 1994 3701 12871 1996 3701 12872 2001 3702 12873 2003 3702 12874 1997 3702 12875 2005 3703 12876 1999 3703 12877 2000 3703 12878 2004 3704 12879 2007 3704 12880 2001 3704 12881 2006 3705 12882 2000 3705 12883 2002 3705 12884 2007 3706 12885 2009 3706 12886 2003 3706 12887 10 3707 12888 376 3707 12889 1992 3707 12890 385 3708 12891 1993 3708 12892 377 3708 12893 376 3709 12894 374 3709 12895 1994 3709 12896 1995 3710 12897 375 3710 12898 377 3710 12899 1994 3711 12900 374 3711 12901 372 3711 12902 1995 3712 12903 1997 3712 12904 373 3712 12905 1996 3713 12906 372 3713 12907 25 3713 12908 1997 3714 12909 342 3714 12910 24 3714 12911 2002 3715 12912 1996 3715 12913 343 3715 12914 2003 3716 12915 344 3716 12916 342 3716 12917 2008 3717 12918 2002 3717 12919 345 3717 12920 2009 3718 12921 346 3718 12922 344 3718 12923 2008 3719 12924 347 3719 12925 23 3719 12926 22 3720 12927 346 3720 12928 2009 3720 12929 2006 3721 12930 2008 3721 12931 382 3721 12932 383 3722 12933 2009 3722 12934 2007 3722 12935 378 3723 12936 2005 3723 12937 2006 3723 12938 379 3724 12939 381 3724 12940 2007 3724 12941 388 3725 12942 2005 3725 12943 378 3725 12944 379 3726 12945 2004 3726 12946 389 3726 12947 386 3727 12948 1999 3727 12949 2005 3727 12950 2004 3728 12951 1998 3728 12952 387 3728 12953 384 3729 12954 1992 3729 12955 1999 3729 12956 1998 3730 12957 1993 3730 12958 385 3730 12959 2017 3731 12960 2010 3731 12961 2012 3731 12962 2016 3732 12963 2019 3732 12964 2013 3732 12965 2018 3733 12966 2012 3733 12967 2014 3733 12968 2019 3734 12969 2021 3734 12970 2015 3734 12971 2017 3735 12972 2018 3735 12973 2024 3735 12974 2025 3736 12975 2019 3736 12976 2016 3736 12977 2018 3737 12978 2020 3737 12979 2026 3737 12980 2027 3738 12981 2021 3738 12982 2019 3738 12983 493 3739 12984 49 3739 12985 553 3739 12986 492 3740 12987 2011 3740 12988 552 3740 12989 553 3741 12990 555 3741 12991 2012 3741 12992 2013 3742 12993 554 3742 12994 552 3742 12995 555 3743 12996 557 3743 12997 2014 3743 12998 2015 3744 12999 556 3744 13000 554 3744 13001 2014 3745 13002 557 3745 13003 47 3745 13004 2015 3746 13005 532 3746 13006 46 3746 13007 2014 3747 13008 533 3747 13009 531 3747 13010 530 3748 13011 532 3748 13012 2015 3748 13013 2026 3749 13014 2020 3749 13015 531 3749 13016 2027 3750 13017 528 3750 13018 530 3750 13019 2026 3751 13020 529 3751 13021 60 3751 13022 61 3752 13023 528 3752 13024 2027 3752 13025 608 3753 13026 2024 3753 13027 2026 3753 13028 609 3754 13029 611 3754 13030 2027 3754 13031 606 3755 13032 2023 3755 13033 2024 3755 13034 607 3756 13035 609 3756 13036 2025 3756 13037 497 3757 13038 2023 3757 13039 606 3757 13040 607 3758 13041 2022 3758 13042 496 3758 13043 497 3759 13044 495 3759 13045 2017 3759 13046 496 3760 13047 2022 3760 13048 2016 3760 13049 493 3761 13050 2010 3761 13051 2017 3761 13052 494 3762 13053 2016 3762 13054 2011 3762 13055 2028 3763 13056 2030 3763 13057 2036 3763 13058 2037 3764 13059 2031 3764 13060 2029 3764 13061 2036 3765 13062 2030 3765 13063 2032 3765 13064 2037 3766 13065 2039 3766 13066 2033 3766 13067 2041 3767 13068 2035 3767 13069 2036 3767 13070 2040 3768 13071 2043 3768 13072 2037 3768 13073 2036 3769 13074 2038 3769 13075 2044 3769 13076 2045 3770 13077 2039 3770 13078 2037 3770 13079 631 3771 13080 53 3771 13081 577 3771 13082 630 3772 13083 2029 3772 13084 576 3772 13085 577 3773 13086 579 3773 13087 2030 3773 13088 2031 3774 13089 578 3774 13090 576 3774 13091 579 3775 13092 581 3775 13093 2032 3775 13094 2033 3776 13095 580 3776 13096 578 3776 13097 581 3777 13098 51 3777 13099 623 3777 13100 622 3778 13101 50 3778 13102 580 3778 13103 2038 3779 13104 2032 3779 13105 623 3779 13106 620 3780 13107 622 3780 13108 2033 3780 13109 2044 3781 13110 2038 3781 13111 621 3781 13112 2045 3782 13113 618 3782 13114 620 3782 13115 2044 3783 13116 619 3783 13117 64 3783 13118 587 3784 13119 65 3784 13120 618 3784 13121 584 3785 13122 2042 3785 13123 2044 3785 13124 585 3786 13125 587 3786 13126 2045 3786 13127 582 3787 13128 2041 3787 13129 2042 3787 13130 583 3788 13131 585 3788 13132 2043 3788 13133 635 3789 13134 2041 3789 13135 582 3789 13136 583 3790 13137 2040 3790 13138 634 3790 13139 635 3791 13140 633 3791 13141 2035 3791 13142 634 3792 13143 2040 3792 13144 2034 3792 13145 631 3793 13146 2028 3793 13147 2035 3793 13148 2034 3794 13149 2029 3794 13150 630 3794 13151 2053 3795 13152 2046 3795 13153 2048 3795 13154 2052 3796 13155 2055 3796 13156 2049 3796 13157 2048 3797 13158 2050 3797 13159 2056 3797 13160 2055 3798 13161 2057 3798 13162 2051 3798 13163 2053 3799 13164 2054 3799 13165 2060 3799 13166 2061 3800 13167 2055 3800 13168 2052 3800 13169 2060 3801 13170 2054 3801 13171 2056 3801 13172 2061 3802 13173 2063 3802 13174 2057 3802 13175 57 3803 13176 601 3803 13177 2046 3803 13178 642 3804 13179 2047 3804 13180 600 3804 13181 601 3805 13182 603 3805 13183 2048 3805 13184 2049 3806 13185 602 3806 13186 600 3806 13187 603 3807 13188 605 3807 13189 2050 3807 13190 2051 3808 13191 604 3808 13192 602 3808 13193 605 3809 13194 55 3809 13195 641 3809 13196 640 3810 13197 54 3810 13198 604 3810 13199 2050 3811 13200 641 3811 13201 639 3811 13202 638 3812 13203 640 3812 13204 2051 3812 13205 2062 3813 13206 2056 3813 13207 639 3813 13208 2063 3814 13209 636 3814 13210 638 3814 13211 2062 3815 13212 637 3815 13213 68 3815 13214 563 3816 13215 69 3816 13216 636 3816 13217 560 3817 13218 2060 3817 13219 2062 3817 13220 561 3818 13221 563 3818 13222 2063 3818 13223 558 3819 13224 2059 3819 13225 2060 3819 13226 559 3820 13227 561 3820 13228 2061 3820 13229 70 3821 13230 647 3821 13231 2059 3821 13232 559 3822 13233 2058 3822 13234 646 3822 13235 645 3823 13236 2053 3823 13237 2059 3823 13238 2058 3824 13239 2052 3824 13240 644 3824 13241 645 3825 13242 643 3825 13243 2046 3825 13244 644 3826 13245 2052 3826 13246 2047 3826 13247 2064 3827 13248 2066 3827 13249 2072 3827 13250 2073 3828 13251 2067 3828 13252 2065 3828 13253 2066 3829 13254 2068 3829 13255 2074 3829 13256 2075 3830 13257 2069 3830 13258 2067 3830 13259 2077 3831 13260 2071 3831 13261 2072 3831 13262 2079 3832 13263 2073 3832 13264 2070 3832 13265 2078 3833 13266 2072 3833 13267 2074 3833 13268 2081 3834 13269 2075 3834 13270 2073 3834 13271 514 3835 13272 38 3835 13273 613 3835 13274 2065 3836 13275 612 3836 13276 39 3836 13277 2064 3837 13278 613 3837 13279 615 3837 13280 2065 3838 13281 2067 3838 13282 614 3838 13283 615 3839 13284 617 3839 13285 2068 3839 13286 2067 3840 13287 2069 3840 13288 616 3840 13289 617 3841 13290 57 3841 13291 643 3841 13292 2069 3842 13293 642 3842 13294 56 3842 13295 2068 3843 13296 643 3843 13297 645 3843 13298 644 3844 13299 642 3844 13300 2069 3844 13301 2080 3845 13302 2074 3845 13303 645 3845 13304 646 3846 13305 644 3846 13306 2075 3846 13307 550 3847 13308 2080 3847 13309 647 3847 13310 71 3848 13311 646 3848 13312 2081 3848 13313 548 3849 13314 2078 3849 13315 2080 3849 13316 551 3850 13317 2081 3850 13318 2079 3850 13319 546 3851 13320 2077 3851 13321 2078 3851 13322 549 3852 13323 2079 3852 13324 2076 3852 13325 510 3853 13326 2077 3853 13327 546 3853 13328 43 3854 13329 547 3854 13330 2076 3854 13331 512 3855 13332 2071 3855 13333 2077 3855 13334 511 3856 13335 2076 3856 13336 2070 3856 13337 512 3857 13338 514 3857 13339 2064 3857 13340 2070 3858 13341 2065 3858 13342 515 3858 13343 2089 3859 13344 2082 3859 13345 2084 3859 13346 2088 3860 13347 2091 3860 13348 2085 3860 13349 2090 3861 13350 2084 3861 13351 2086 3861 13352 2091 3862 13353 2093 3862 13354 2087 3862 13355 2089 3863 13356 2090 3863 13357 2096 3863 13358 2094 3864 13359 2097 3864 13360 2091 3864 13361 2096 3865 13362 2090 3865 13363 2092 3865 13364 2099 3866 13365 2093 3866 13366 2091 3866 13367 55 3867 13368 589 3867 13369 2082 3867 13370 2083 3868 13371 588 3868 13372 54 3868 13373 589 3869 13374 591 3869 13375 2084 3869 13376 2085 3870 13377 590 3870 13378 588 3870 13379 591 3871 13380 593 3871 13381 2086 3871 13382 2085 3872 13383 2087 3872 13384 592 3872 13385 593 3873 13386 53 3873 13387 631 3873 13388 630 3874 13389 52 3874 13390 592 3874 13391 2086 3875 13392 631 3875 13393 633 3875 13394 2093 3876 13395 632 3876 13396 630 3876 13397 2098 3877 13398 2092 3877 13399 633 3877 13400 634 3878 13401 632 3878 13402 2093 3878 13403 574 3879 13404 2098 3879 13405 635 3879 13406 575 3880 13407 67 3880 13408 634 3880 13409 2096 3881 13410 2098 3881 13411 574 3881 13412 575 3882 13413 2099 3882 13414 2097 3882 13415 2095 3883 13416 2096 3883 13417 572 3883 13418 573 3884 13419 2097 3884 13420 2094 3884 13421 68 3885 13422 637 3885 13423 2095 3885 13424 69 3886 13425 571 3886 13426 2094 3886 13427 637 3887 13428 639 3887 13429 2089 3887 13430 636 3888 13431 2094 3888 13432 2088 3888 13433 639 3889 13434 641 3889 13435 2082 3889 13436 2088 3890 13437 2083 3890 13438 640 3890 13439 2100 3891 13440 2102 3891 13441 2108 3891 13442 2109 3892 13443 2103 3892 13444 2101 3892 13445 2102 3893 13446 2104 3893 13447 2110 3893 13448 2111 3894 13449 2105 3894 13450 2103 3894 13451 2113 3895 13452 2107 3895 13453 2108 3895 13454 2112 3896 13455 2115 3896 13456 2109 3896 13457 2114 3897 13458 2108 3897 13459 2110 3897 13460 2115 3898 13461 2117 3898 13462 2111 3898 13463 535 3899 13464 45 3899 13465 523 3899 13466 534 3900 13467 2101 3900 13468 522 3900 13469 2100 3901 13470 523 3901 13471 525 3901 13472 2101 3902 13473 2103 3902 13474 524 3902 13475 525 3903 13476 527 3903 13477 2104 3903 13478 2105 3904 13479 526 3904 13480 524 3904 13481 527 3905 13482 41 3905 13483 624 3905 13484 625 3906 13485 40 3906 13486 526 3906 13487 2104 3907 13488 624 3907 13489 626 3907 13490 2111 3908 13491 627 3908 13492 625 3908 13493 2116 3909 13494 2110 3909 13495 626 3909 13496 629 3910 13497 627 3910 13498 2111 3910 13499 520 3911 13500 2116 3911 13501 628 3911 13502 37 3912 13503 629 3912 13504 2117 3912 13505 518 3913 13506 2114 3913 13507 2116 3913 13508 521 3914 13509 2117 3914 13510 2115 3914 13511 516 3915 13512 2113 3915 13513 2114 3915 13514 517 3916 13515 519 3916 13516 2115 3916 13517 539 3917 13518 2113 3917 13519 516 3917 13520 59 3918 13521 517 3918 13522 2112 3918 13523 537 3919 13524 2107 3919 13525 2113 3919 13526 2112 3920 13527 2106 3920 13528 536 3920 13529 535 3921 13530 2100 3921 13531 2107 3921 13532 2106 3922 13533 2101 3922 13534 534 3922 13535 2118 3923 13536 2120 3923 13537 2126 3923 13538 2127 3924 13539 2121 3924 13540 2119 3924 13541 2126 3925 13542 2120 3925 13543 2122 3925 13544 2127 3926 13545 2129 3926 13546 2123 3926 13547 2125 3927 13548 2126 3927 13549 2132 3927 13550 2130 3928 13551 2133 3928 13552 2127 3928 13553 2132 3929 13554 2126 3929 13555 2128 3929 13556 2133 3930 13557 2135 3930 13558 2129 3930 13559 623 3931 13560 51 3931 13561 565 3931 13562 622 3932 13563 2119 3932 13564 564 3932 13565 2118 3933 13566 565 3933 13567 567 3933 13568 2119 3934 13569 2121 3934 13570 566 3934 13571 567 3935 13572 569 3935 13573 2122 3935 13574 2123 3936 13575 568 3936 13576 566 3936 13577 569 3937 13578 49 3937 13579 493 3937 13580 492 3938 13581 48 3938 13582 568 3938 13583 2122 3939 13584 493 3939 13585 495 3939 13586 494 3940 13587 492 3940 13588 2123 3940 13589 2134 3941 13590 2128 3941 13591 495 3941 13592 2135 3942 13593 496 3942 13594 494 3942 13595 2134 3943 13596 497 3943 13597 63 3943 13598 62 3944 13599 496 3944 13600 2135 3944 13601 2132 3945 13602 2134 3945 13603 598 3945 13604 599 3946 13605 2135 3946 13606 2133 3946 13607 594 3947 13608 2131 3947 13609 2132 3947 13610 597 3948 13611 2133 3948 13612 2130 3948 13613 619 3949 13614 2131 3949 13615 594 3949 13616 595 3950 13617 2130 3950 13618 618 3950 13619 619 3951 13620 621 3951 13621 2125 3951 13622 618 3952 13623 2130 3952 13624 2124 3952 13625 623 3953 13626 2118 3953 13627 2125 3953 13628 2124 3954 13629 2119 3954 13630 622 3954 13631 2136 3955 13632 2138 3955 13633 2144 3955 13634 2142 3956 13635 2145 3956 13636 2139 3956 13637 2138 3957 13638 2140 3957 13639 2146 3957 13640 2145 3958 13641 2147 3958 13642 2141 3958 13643 2149 1109 13644 2143 1109 13645 2144 1109 13646 2151 3959 13647 2145 3959 13648 2142 3959 13649 2150 1109 13650 2144 1109 13651 2146 1109 13652 2153 3960 13653 2147 3960 13654 2145 3960 13655 1771 3961 13656 311 3961 13657 505 3961 13658 2137 3962 13659 504 3962 13660 310 3962 13661 2136 3963 13662 505 3963 13663 507 3963 13664 2139 2799 13665 506 2799 13666 504 2799 13667 507 1109 13668 509 1109 13669 2140 1109 13670 2141 1120 13671 508 1120 13672 506 1120 13673 509 3964 13674 2 3964 13675 352 3964 13676 2141 3965 13677 353 3965 13678 3 3965 13679 2140 3966 13680 352 3966 13681 350 3966 13682 2147 3965 13683 351 3965 13684 353 3965 13685 2152 1109 13686 2146 1109 13687 350 1109 13688 349 1120 13689 351 1120 13690 2147 1120 13691 838 1109 13692 2152 1109 13693 348 1109 13694 7 1120 13695 349 1120 13696 2153 1120 13697 836 1109 13698 2150 1109 13699 2152 1109 13700 837 1120 13701 839 1120 13702 2153 1120 13703 2149 3967 13704 2150 3967 13705 836 3967 13706 835 3968 13707 837 3968 13708 2151 3968 13709 318 3969 13710 1775 3969 13711 2149 3969 13712 835 3970 13713 2148 3970 13714 1774 3970 13715 1773 3971 13716 2143 3971 13717 2149 3971 13718 2148 3972 13719 2142 3972 13720 1772 3972 13721 1771 3973 13722 2136 3973 13723 2143 3973 13724 1772 3974 13725 2142 3974 13726 2137 3974 13727 2161 3975 13728 2154 3975 13729 2156 3975 13730 2160 3976 13731 2163 3976 13732 2157 3976 13733 2162 3977 13734 2156 3977 13735 2158 3977 13736 2163 3978 13737 2165 3978 13738 2159 3978 13739 2167 3979 13740 2161 3979 13741 2162 3979 13742 2166 3980 13743 2169 3980 13744 2163 3980 13745 2168 3981 13746 2162 3981 13747 2164 3981 13748 2169 3982 13749 2171 3982 13750 2165 3982 13751 533 3983 13752 47 3983 13753 541 3983 13754 532 3984 13755 2155 3984 13756 540 3984 13757 541 3985 13758 543 3985 13759 2156 3985 13760 2157 3986 13761 542 3986 13762 540 3986 13763 543 3987 13764 545 3987 13765 2158 3987 13766 2159 3988 13767 544 3988 13768 542 3988 13769 545 3989 13770 45 3989 13771 535 3989 13772 534 3990 13773 44 3990 13774 544 3990 13775 2164 3991 13776 2158 3991 13777 535 3991 13778 2165 3992 13779 536 3992 13780 534 3992 13781 2164 3993 13782 537 3993 13783 539 3993 13784 538 3994 13785 536 3994 13786 2165 3994 13787 2170 3995 13788 539 3995 13789 58 3995 13790 503 3996 13791 59 3996 13792 538 3996 13793 500 3997 13794 2168 3997 13795 2170 3997 13796 503 3998 13797 2171 3998 13798 2169 3998 13799 498 3999 13800 2167 3999 13801 2168 3999 13802 499 4000 13803 501 4000 13804 2169 4000 13805 529 4001 13806 2167 4001 13807 498 4001 13808 499 4002 13809 2166 4002 13810 528 4002 13811 529 4003 13812 531 4003 13813 2161 4003 13814 528 4004 13815 2166 4004 13816 2160 4004 13817 533 4005 13818 2154 4005 13819 2161 4005 13820 2160 4006 13821 2155 4006 13822 532 4006 13823 2179 4007 13824 2172 4007 13825 2174 4007 13826 2178 4008 13827 2181 4008 13828 2175 4008 13829 2180 4009 13830 2174 4009 13831 2176 4009 13832 2181 4010 13833 2183 4010 13834 2177 4010 13835 2179 4011 13836 2180 4011 13837 2186 4011 13838 2187 4012 13839 2181 4012 13840 2178 4012 13841 2180 4013 13842 2182 4013 13843 2188 4013 13844 2189 4014 13845 2183 4014 13846 2181 4014 13847 655 4015 13848 85 4015 13849 715 4015 13850 654 4016 13851 2173 4016 13852 714 4016 13853 715 4017 13854 717 4017 13855 2174 4017 13856 2175 4018 13857 716 4018 13858 714 4018 13859 717 4019 13860 719 4019 13861 2176 4019 13862 2177 4020 13863 718 4020 13864 716 4020 13865 2176 4021 13866 719 4021 13867 83 4021 13868 2177 4022 13869 694 4022 13870 82 4022 13871 2176 4023 13872 695 4023 13873 693 4023 13874 692 4024 13875 694 4024 13876 2177 4024 13877 2188 4025 13878 2182 4025 13879 693 4025 13880 2189 4026 13881 690 4026 13882 692 4026 13883 2188 4027 13884 691 4027 13885 96 4027 13886 97 4028 13887 690 4028 13888 2189 4028 13889 770 4029 13890 2186 4029 13891 2188 4029 13892 771 4030 13893 773 4030 13894 2189 4030 13895 768 4031 13896 2185 4031 13897 2186 4031 13898 769 4032 13899 771 4032 13900 2187 4032 13901 659 4033 13902 2185 4033 13903 768 4033 13904 769 4034 13905 2184 4034 13906 658 4034 13907 659 4035 13908 657 4035 13909 2179 4035 13910 658 4036 13911 2184 4036 13912 2178 4036 13913 655 4037 13914 2172 4037 13915 2179 4037 13916 656 4038 13917 2178 4038 13918 2173 4038 13919 2190 4039 13920 2192 4039 13921 2198 4039 13922 2199 4040 13923 2193 4040 13924 2191 4040 13925 2198 4041 13926 2192 4041 13927 2194 4041 13928 2199 4042 13929 2201 4042 13930 2195 4042 13931 2203 4043 13932 2197 4043 13933 2198 4043 13934 2202 4044 13935 2205 4044 13936 2199 4044 13937 2198 4045 13938 2200 4045 13939 2206 4045 13940 2207 4046 13941 2201 4046 13942 2199 4046 13943 787 4047 13944 89 4047 13945 739 4047 13946 786 4048 13947 2191 4048 13948 738 4048 13949 739 4049 13950 741 4049 13951 2192 4049 13952 2193 4050 13953 740 4050 13954 738 4050 13955 741 4051 13956 743 4051 13957 2194 4051 13958 2195 4052 13959 742 4052 13960 740 4052 13961 743 4053 13962 87 4053 13963 785 4053 13964 784 4054 13965 86 4054 13966 742 4054 13967 2200 4055 13968 2194 4055 13969 785 4055 13970 782 4056 13971 784 4056 13972 2195 4056 13973 2206 4057 13974 2200 4057 13975 783 4057 13976 2207 4058 13977 780 4058 13978 782 4058 13979 2206 4059 13980 781 4059 13981 100 4059 13982 749 4060 13983 101 4060 13984 780 4060 13985 746 4061 13986 2204 4061 13987 2206 4061 13988 747 4062 13989 749 4062 13990 2207 4062 13991 744 4063 13992 2203 4063 13993 2204 4063 13994 745 4064 13995 747 4064 13996 2205 4064 13997 791 4065 13998 2203 4065 13999 744 4065 14000 745 4066 14001 2202 4066 14002 790 4066 14003 791 4067 14004 789 4067 14005 2197 4067 14006 790 4068 14007 2202 4068 14008 2196 4068 14009 787 4069 14010 2190 4069 14011 2197 4069 14012 2196 4070 14013 2191 4070 14014 786 4070 14015 2215 4071 14016 2208 4071 14017 2210 4071 14018 2214 4072 14019 2217 4072 14020 2211 4072 14021 2210 4073 14022 2212 4073 14023 2218 4073 14024 2217 4074 14025 2219 4074 14026 2213 4074 14027 2215 4075 14028 2216 4075 14029 2222 4075 14030 2223 4076 14031 2217 4076 14032 2214 4076 14033 2222 4077 14034 2216 4077 14035 2218 4077 14036 2223 4078 14037 2225 4078 14038 2219 4078 14039 93 4079 14040 763 4079 14041 2208 4079 14042 798 4080 14043 2209 4080 14044 762 4080 14045 763 4081 14046 765 4081 14047 2210 4081 14048 2211 4082 14049 764 4082 14050 762 4082 14051 765 4083 14052 767 4083 14053 2212 4083 14054 2213 4084 14055 766 4084 14056 764 4084 14057 767 4085 14058 91 4085 14059 797 4085 14060 796 4086 14061 90 4086 14062 766 4086 14063 2212 4087 14064 797 4087 14065 795 4087 14066 794 4088 14067 796 4088 14068 2213 4088 14069 2224 4089 14070 2218 4089 14071 795 4089 14072 2225 4090 14073 792 4090 14074 794 4090 14075 2224 4091 14076 793 4091 14077 104 4091 14078 725 4092 14079 105 4092 14080 792 4092 14081 722 4093 14082 2222 4093 14083 2224 4093 14084 723 4094 14085 725 4094 14086 2225 4094 14087 720 4095 14088 2221 4095 14089 2222 4095 14090 721 4096 14091 723 4096 14092 2223 4096 14093 106 4097 14094 803 4097 14095 2221 4097 14096 721 4098 14097 2220 4098 14098 802 4098 14099 801 4099 14100 2215 4099 14101 2221 4099 14102 2220 4100 14103 2214 4100 14104 800 4100 14105 801 4101 14106 799 4101 14107 2208 4101 14108 800 4102 14109 2214 4102 14110 2209 4102 14111 2226 4103 14112 2228 4103 14113 2234 4103 14114 2235 4104 14115 2229 4104 14116 2227 4104 14117 2228 4105 14118 2230 4105 14119 2236 4105 14120 2237 4106 14121 2231 4106 14122 2229 4106 14123 2239 4107 14124 2233 4107 14125 2234 4107 14126 2241 4108 14127 2235 4108 14128 2232 4108 14129 2240 4109 14130 2234 4109 14131 2236 4109 14132 2243 4110 14133 2237 4110 14134 2235 4110 14135 676 4111 14136 74 4111 14137 775 4111 14138 2227 4112 14139 774 4112 14140 75 4112 14141 2226 4113 14142 775 4113 14143 777 4113 14144 2227 4114 14145 2229 4114 14146 776 4114 14147 777 4115 14148 779 4115 14149 2230 4115 14150 2229 4116 14151 2231 4116 14152 778 4116 14153 779 4117 14154 93 4117 14155 799 4117 14156 2231 4118 14157 798 4118 14158 92 4118 14159 2230 4119 14160 799 4119 14161 801 4119 14162 800 4120 14163 798 4120 14164 2231 4120 14165 2242 4121 14166 2236 4121 14167 801 4121 14168 802 4122 14169 800 4122 14170 2237 4122 14171 712 4123 14172 2242 4123 14173 803 4123 14174 107 4124 14175 802 4124 14176 2243 4124 14177 710 4125 14178 2240 4125 14179 2242 4125 14180 713 4126 14181 2243 4126 14182 2241 4126 14183 708 4127 14184 2239 4127 14185 2240 4127 14186 711 4128 14187 2241 4128 14188 2238 4128 14189 672 4129 14190 2239 4129 14191 708 4129 14192 79 4130 14193 709 4130 14194 2238 4130 14195 674 4131 14196 2233 4131 14197 2239 4131 14198 673 4132 14199 2238 4132 14200 2232 4132 14201 674 4133 14202 676 4133 14203 2226 4133 14204 2232 4134 14205 2227 4134 14206 677 4134 14207 2251 4135 14208 2244 4135 14209 2246 4135 14210 2250 4136 14211 2253 4136 14212 2247 4136 14213 2252 4137 14214 2246 4137 14215 2248 4137 14216 2253 4138 14217 2255 4138 14218 2249 4138 14219 2251 4139 14220 2252 4139 14221 2258 4139 14222 2256 4140 14223 2259 4140 14224 2253 4140 14225 2258 4141 14226 2252 4141 14227 2254 4141 14228 2261 4142 14229 2255 4142 14230 2253 4142 14231 91 4143 14232 751 4143 14233 2244 4143 14234 2245 4144 14235 750 4144 14236 90 4144 14237 751 4145 14238 753 4145 14239 2246 4145 14240 2247 4146 14241 752 4146 14242 750 4146 14243 753 4147 14244 755 4147 14245 2248 4147 14246 2247 4148 14247 2249 4148 14248 754 4148 14249 755 4149 14250 89 4149 14251 787 4149 14252 786 4150 14253 88 4150 14254 754 4150 14255 2248 4151 14256 787 4151 14257 789 4151 14258 2255 4152 14259 788 4152 14260 786 4152 14261 2260 4153 14262 2254 4153 14263 789 4153 14264 790 4154 14265 788 4154 14266 2255 4154 14267 736 4155 14268 2260 4155 14269 791 4155 14270 737 4156 14271 103 4156 14272 790 4156 14273 2258 4157 14274 2260 4157 14275 736 4157 14276 737 4158 14277 2261 4158 14278 2259 4158 14279 2257 4159 14280 2258 4159 14281 734 4159 14282 735 4160 14283 2259 4160 14284 2256 4160 14285 104 4161 14286 793 4161 14287 2257 4161 14288 105 4162 14289 733 4162 14290 2256 4162 14291 793 4163 14292 795 4163 14293 2251 4163 14294 792 4164 14295 2256 4164 14296 2250 4164 14297 795 4165 14298 797 4165 14299 2244 4165 14300 2250 4166 14301 2245 4166 14302 796 4166 14303 2262 4167 14304 2264 4167 14305 2270 4167 14306 2271 4168 14307 2265 4168 14308 2263 4168 14309 2264 4169 14310 2266 4169 14311 2272 4169 14312 2273 4170 14313 2267 4170 14314 2265 4170 14315 2275 4171 14316 2269 4171 14317 2270 4171 14318 2274 4172 14319 2277 4172 14320 2271 4172 14321 2276 4173 14322 2270 4173 14323 2272 4173 14324 2277 4174 14325 2279 4174 14326 2273 4174 14327 697 4175 14328 81 4175 14329 649 4175 14330 696 4176 14331 2263 4176 14332 648 4176 14333 2262 4177 14334 649 4177 14335 651 4177 14336 2263 4178 14337 2265 4178 14338 650 4178 14339 651 4179 14340 653 4179 14341 2266 4179 14342 2267 4180 14343 652 4180 14344 650 4180 14345 653 4181 14346 77 4181 14347 971 4181 14348 970 4182 14349 76 4182 14350 652 4182 14351 2266 4183 14352 971 4183 14353 969 4183 14354 2273 4184 14355 968 4184 14356 970 4184 14357 2278 4185 14358 2272 4185 14359 969 4185 14360 966 4186 14361 968 4186 14362 2273 4186 14363 682 4187 14364 2278 4187 14365 967 4187 14366 73 4188 14367 966 4188 14368 2279 4188 14369 680 4189 14370 2276 4189 14371 2278 4189 14372 683 4190 14373 2279 4190 14374 2277 4190 14375 678 4191 14376 2275 4191 14377 2276 4191 14378 679 4192 14379 681 4192 14380 2277 4192 14381 701 4193 14382 2275 4193 14383 678 4193 14384 95 4194 14385 679 4194 14386 2274 4194 14387 699 4195 14388 2269 4195 14389 2275 4195 14390 2274 4196 14391 2268 4196 14392 698 4196 14393 697 4197 14394 2262 4197 14395 2269 4197 14396 2268 4198 14397 2263 4198 14398 696 4198 14399 2280 4199 14400 2282 4199 14401 2288 4199 14402 2289 4200 14403 2283 4200 14404 2281 4200 14405 2288 4201 14406 2282 4201 14407 2284 4201 14408 2289 4202 14409 2291 4202 14410 2285 4202 14411 2287 4203 14412 2288 4203 14413 2294 4203 14414 2292 4204 14415 2295 4204 14416 2289 4204 14417 2294 4205 14418 2288 4205 14419 2290 4205 14420 2295 4206 14421 2297 4206 14422 2291 4206 14423 785 4207 14424 87 4207 14425 727 4207 14426 784 4208 14427 2281 4208 14428 726 4208 14429 2280 4209 14430 727 4209 14431 729 4209 14432 2281 4210 14433 2283 4210 14434 728 4210 14435 729 4211 14436 731 4211 14437 2284 4211 14438 2285 4212 14439 730 4212 14440 728 4212 14441 731 4213 14442 85 4213 14443 655 4213 14444 654 4214 14445 84 4214 14446 730 4214 14447 2284 4215 14448 655 4215 14449 657 4215 14450 656 4216 14451 654 4216 14452 2285 4216 14453 2296 4217 14454 2290 4217 14455 657 4217 14456 2297 4218 14457 658 4218 14458 656 4218 14459 2296 4219 14460 659 4219 14461 99 4219 14462 98 4220 14463 658 4220 14464 2297 4220 14465 2294 4221 14466 2296 4221 14467 760 4221 14468 761 4222 14469 2297 4222 14470 2295 4222 14471 756 4223 14472 2293 4223 14473 2294 4223 14474 759 4224 14475 2295 4224 14476 2292 4224 14477 781 4225 14478 2293 4225 14479 756 4225 14480 757 4226 14481 2292 4226 14482 780 4226 14483 781 4227 14484 783 4227 14485 2287 4227 14486 780 4228 14487 2292 4228 14488 2286 4228 14489 785 4229 14490 2280 4229 14491 2287 4229 14492 2286 4230 14493 2281 4230 14494 784 4230 14495 2298 4231 14496 2300 4231 14497 2306 4231 14498 2304 4232 14499 2307 4232 14500 2301 4232 14501 2300 4233 14502 2302 4233 14503 2308 4233 14504 2307 4234 14505 2309 4234 14506 2303 4234 14507 2311 1120 14508 2305 1120 14509 2306 1120 14510 2313 4235 14511 2307 4235 14512 2304 4235 14513 2312 1120 14514 2306 1120 14515 2308 1120 14516 2315 4236 14517 2309 4236 14518 2307 4236 14519 1843 4237 14520 335 4237 14521 859 4237 14522 2299 4238 14523 858 4238 14524 334 4238 14525 2298 4239 14526 859 4239 14527 861 4239 14528 2301 2685 14529 860 2685 14530 858 2685 14531 861 1120 14532 863 1120 14533 2302 1120 14534 2303 1109 14535 862 1109 14536 860 1109 14537 863 4240 14538 111 4240 14539 977 4240 14540 2303 4241 14541 976 4241 14542 110 4241 14543 2302 4242 14544 977 4242 14545 975 4242 14546 2309 4241 14547 974 4241 14548 976 4241 14549 2314 1120 14550 2308 1120 14551 975 1120 14552 972 1109 14553 974 1109 14554 2309 1109 14555 670 1120 14556 2314 1120 14557 973 1120 14558 113 1109 14559 972 1109 14560 2315 1109 14561 668 1120 14562 2312 1120 14563 2314 1120 14564 669 1109 14565 671 1109 14566 2315 1109 14567 2311 4243 14568 2312 4243 14569 668 4243 14570 667 4244 14571 669 4244 14572 2313 4244 14573 326 4245 14574 1847 4245 14575 2311 4245 14576 667 4246 14577 2310 4246 14578 1846 4246 14579 1845 4247 14580 2305 4247 14581 2311 4247 14582 2310 4248 14583 2304 4248 14584 1844 4248 14585 1843 4249 14586 2298 4249 14587 2305 4249 14588 1844 4250 14589 2304 4250 14590 2299 4250 14591 2323 4251 14592 2316 4251 14593 2318 4251 14594 2322 4252 14595 2325 4252 14596 2319 4252 14597 2324 4253 14598 2318 4253 14599 2320 4253 14600 2325 4254 14601 2327 4254 14602 2321 4254 14603 2329 4255 14604 2323 4255 14605 2324 4255 14606 2328 4256 14607 2331 4256 14608 2325 4256 14609 2330 4257 14610 2324 4257 14611 2326 4257 14612 2331 4258 14613 2333 4258 14614 2327 4258 14615 695 4259 14616 83 4259 14617 703 4259 14618 694 4260 14619 2317 4260 14620 702 4260 14621 703 4261 14622 705 4261 14623 2318 4261 14624 2319 4262 14625 704 4262 14626 702 4262 14627 705 4263 14628 707 4263 14629 2320 4263 14630 2321 4264 14631 706 4264 14632 704 4264 14633 707 4265 14634 81 4265 14635 697 4265 14636 696 4266 14637 80 4266 14638 706 4266 14639 2326 4267 14640 2320 4267 14641 697 4267 14642 2327 4268 14643 698 4268 14644 696 4268 14645 2326 4269 14646 699 4269 14647 701 4269 14648 700 4270 14649 698 4270 14650 2327 4270 14651 2332 4271 14652 701 4271 14653 94 4271 14654 665 4272 14655 95 4272 14656 700 4272 14657 662 4273 14658 2330 4273 14659 2332 4273 14660 665 4274 14661 2333 4274 14662 2331 4274 14663 660 4275 14664 2329 4275 14665 2330 4275 14666 661 4276 14667 663 4276 14668 2331 4276 14669 691 4277 14670 2329 4277 14671 660 4277 14672 661 4278 14673 2328 4278 14674 690 4278 14675 691 4279 14676 693 4279 14677 2323 4279 14678 690 4280 14679 2328 4280 14680 2322 4280 14681 695 4281 14682 2316 4281 14683 2323 4281 14684 2322 4282 14685 2317 4282 14686 694 4282 14687 2341 4283 14688 2334 4283 14689 2336 4283 14690 2340 4284 14691 2343 4284 14692 2337 4284 14693 2342 4285 14694 2336 4285 14695 2338 4285 14696 2343 4286 14697 2345 4286 14698 2339 4286 14699 2347 4287 14700 2341 4287 14701 2342 4287 14702 2346 4288 14703 2349 4288 14704 2343 4288 14705 2342 4289 14706 2344 4289 14707 2350 4289 14708 2351 4290 14709 2345 4290 14710 2343 4290 14711 864 4291 14712 120 4291 14713 810 4291 14714 865 4292 14715 2335 4292 14716 811 4292 14717 810 4293 14718 812 4293 14719 2336 4293 14720 2337 1458 14721 813 1458 14722 811 1458 14723 2336 4294 14724 812 4294 14725 814 4294 14726 2337 4295 14727 2339 4295 14728 815 4295 14729 814 4296 14730 134 4296 14731 919 4296 14732 918 4297 14733 135 4297 14734 815 4297 14735 2338 4298 14736 919 4298 14737 921 4298 14738 920 4299 14739 918 4299 14740 2339 4299 14741 2350 4300 14742 2344 4300 14743 921 4300 14744 2351 4301 14745 922 4301 14746 920 4301 14747 840 4302 14748 2350 4302 14749 923 4302 14750 841 4303 14751 132 4303 14752 922 4303 14753 2348 4304 14754 2350 4304 14755 840 4304 14756 841 4305 14757 2351 4305 14758 2349 4305 14759 2347 4306 14760 2348 4306 14761 842 4306 14762 843 4307 14763 2349 4307 14764 2346 4307 14765 118 4308 14766 868 4308 14767 2347 4308 14768 119 4309 14769 845 4309 14770 2346 4309 14771 866 4310 14772 2341 4310 14773 2347 4310 14774 2346 4311 14775 2340 4311 14776 867 4311 14777 864 4312 14778 2334 4312 14779 2341 4312 14780 2340 4313 14781 2335 4313 14782 865 4313 14783 2352 4314 14784 2354 4314 14785 2360 4314 14786 2361 4315 14787 2355 4315 14788 2353 4315 14789 2354 4316 14790 2356 4316 14791 2362 4316 14792 2361 4317 14793 2363 4317 14794 2357 4317 14795 2365 4318 14796 2359 4318 14797 2360 4318 14798 2364 4319 14799 2367 4319 14800 2361 4319 14801 2360 4320 14802 2362 4320 14803 2368 4320 14804 2369 4321 14805 2363 4321 14806 2361 4321 14807 888 4322 14808 124 4322 14809 942 4322 14810 889 4323 14811 2353 4323 14812 943 4323 14813 942 4324 14814 944 4324 14815 2354 4324 14816 2355 4325 14817 945 4325 14818 943 4325 14819 2354 4326 14820 944 4326 14821 946 4326 14822 2355 4327 14823 2357 4327 14824 947 4327 14825 946 4328 14826 139 4328 14827 895 4328 14828 894 4329 14829 138 4329 14830 947 4329 14831 2362 4330 14832 2356 4330 14833 895 4330 14834 896 4331 14835 894 4331 14836 2357 4331 14837 2368 4332 14838 2362 4332 14839 897 4332 14840 2369 4333 14841 898 4333 14842 896 4333 14843 930 4334 14844 2368 4334 14845 899 4334 14846 931 4335 14847 136 4335 14848 898 4335 14849 2366 4336 14850 2368 4336 14851 930 4336 14852 931 4337 14853 2369 4337 14854 2367 4337 14855 2365 4338 14856 2366 4338 14857 932 4338 14858 933 4339 14859 2367 4339 14860 2364 4339 14861 122 4340 14862 892 4340 14863 2365 4340 14864 123 4341 14865 935 4341 14866 2364 4341 14867 890 4342 14868 2359 4342 14869 2365 4342 14870 2364 1482 14871 2358 1482 14872 891 1482 14873 888 4343 14874 2352 4343 14875 2359 4343 14876 891 4344 14877 2358 4344 14878 2353 4344 14879 2370 4345 14880 2372 4345 14881 2378 4345 14882 2376 4346 14883 2379 4346 14884 2373 4346 14885 2372 4347 14886 2374 4347 14887 2380 4347 14888 2381 4348 14889 2375 4348 14890 2373 4348 14891 2377 4349 14892 2378 4349 14893 2384 4349 14894 2385 4350 14895 2379 4350 14896 2376 4350 14897 2378 4351 14898 2380 4351 14899 2386 4351 14900 2387 4352 14901 2381 4352 14902 2379 4352 14903 128 4353 14904 954 4353 14905 2370 4353 14906 2371 4354 14907 955 4354 14908 129 4354 14909 2370 4355 14910 954 4355 14911 956 4355 14912 2371 4356 14913 2373 4356 14914 957 4356 14915 956 4357 14916 958 4357 14917 2374 4357 14918 2375 4358 14919 959 4358 14920 957 4358 14921 2374 4359 14922 958 4359 14923 143 4359 14924 870 4360 14925 142 4360 14926 959 4360 14927 2380 4361 14928 2374 4361 14929 871 4361 14930 2381 4362 14931 872 4362 14932 870 4362 14933 2386 4363 14934 2380 4363 14935 873 4363 14936 2387 4364 14937 874 4364 14938 872 4364 14939 2386 4365 14940 875 4365 14941 141 4365 14942 949 4366 14943 140 4366 14944 874 4366 14945 950 4367 14946 2384 4367 14947 2386 4367 14948 951 4368 14949 949 4368 14950 2387 4368 14951 2383 4369 14952 2384 4369 14953 950 4369 14954 951 4370 14955 2385 4370 14956 2382 4370 14957 126 4371 14958 916 4371 14959 2383 4371 14960 953 4372 14961 2382 4372 14962 917 4372 14963 914 4373 14964 2377 4373 14965 2383 4373 14966 917 4374 14967 2382 4374 14968 2376 4374 14969 912 4375 14970 2370 4375 14971 2377 4375 14972 2376 4376 14973 2371 4376 14974 913 4376 14975 2395 4377 14976 2388 4377 14977 2390 4377 14978 2394 4378 14979 2397 4378 14980 2391 4378 14981 2390 4379 14982 2392 4379 14983 2398 4379 14984 2397 4380 14985 2399 4380 14986 2393 4380 14987 2401 706 14988 2395 706 14989 2396 706 14990 2400 704 14991 2403 704 14992 2397 704 14993 2396 4381 14994 2398 4381 14995 2404 4381 14996 2403 4382 14997 2405 4382 14998 2399 4382 14999 804 4383 15000 302 4383 15001 1703 4383 15002 805 4384 15003 2389 4384 15004 1702 4384 15005 1703 4385 15006 1701 4385 15007 2390 4385 15008 2391 4386 15009 1700 4386 15010 1702 4386 15011 1701 4387 15012 1699 4387 15013 2392 4387 15014 2393 2221 15015 1698 2221 15016 1700 2221 15017 1699 4388 15018 263 4388 15019 685 4388 15020 684 4389 15021 262 4389 15022 1698 4389 15023 2392 2130 15024 685 2130 15025 687 2130 15026 2399 704 15027 686 704 15028 684 704 15029 2404 706 15030 2398 706 15031 687 706 15032 2405 704 15033 688 704 15034 686 704 15035 941 706 15036 2404 706 15037 689 706 15038 940 4390 15039 108 4390 15040 688 4390 15041 2402 4391 15042 2404 4391 15043 941 4391 15044 938 4392 15045 940 4392 15046 2405 4392 15047 937 706 15048 2401 706 15049 2402 706 15050 938 704 15051 2403 704 15052 2400 704 15053 808 4393 15054 2401 4393 15055 937 4393 15056 936 704 15057 2400 704 15058 809 704 15059 806 4394 15060 2395 4394 15061 2401 4394 15062 2400 704 15063 2394 704 15064 807 704 15065 804 4395 15066 2388 4395 15067 2395 4395 15068 2394 4396 15069 2389 4396 15070 805 4396 15071 2406 4397 15072 2408 4397 15073 2414 4397 15074 2412 4398 15075 2415 4398 15076 2409 4398 15077 2414 4399 15078 2408 4399 15079 2410 4399 15080 2417 4400 15081 2411 4400 15082 2409 4400 15083 2419 4401 15084 2413 4401 15085 2414 4401 15086 2418 4402 15087 2421 4402 15088 2415 4402 15089 2414 4403 15090 2416 4403 15091 2422 4403 15092 2423 4404 15093 2417 4404 15094 2415 4404 15095 924 4405 15096 110 4405 15097 976 4405 15098 2407 4406 15099 977 4406 15100 111 4406 15101 2406 4407 15102 976 4407 15103 974 4407 15104 2409 4408 15105 975 4408 15106 977 4408 15107 974 4409 15108 972 4409 15109 2410 4409 15110 2409 4410 15111 2411 4410 15112 973 4410 15113 972 4411 15114 113 4411 15115 979 4411 15116 2411 4412 15117 978 4412 15118 112 4412 15119 2416 4413 15120 2410 4413 15121 979 4413 15122 980 4414 15123 978 4414 15124 2411 4414 15125 2422 4415 15126 2416 4415 15127 981 4415 15128 982 4416 15129 980 4416 15130 2417 4416 15131 958 4417 15132 2422 4417 15133 983 4417 15134 142 4418 15135 982 4418 15136 2423 4418 15137 2420 4419 15138 2422 4419 15139 958 4419 15140 959 4420 15141 2423 4420 15142 2421 4420 15143 954 4421 15144 2419 4421 15145 2420 4421 15146 955 4422 15147 957 4422 15148 2421 4422 15149 928 4423 15150 2419 4423 15151 954 4423 15152 955 4424 15153 2418 4424 15154 929 4424 15155 926 4425 15156 2413 4425 15157 2419 4425 15158 2418 4426 15159 2412 4426 15160 927 4426 15161 924 4427 15162 2406 4427 15163 2413 4427 15164 927 4428 15165 2412 4428 15166 2407 4428 15167 2431 4429 15168 2424 4429 15169 2426 4429 15170 2430 4430 15171 2433 4430 15172 2427 4430 15173 2426 4431 15174 2428 4431 15175 2434 4431 15176 2435 4432 15177 2429 4432 15178 2427 4432 15179 2431 4433 15180 2432 4433 15181 2438 4433 15182 2436 4434 15183 2439 4434 15184 2433 4434 15185 2438 4435 15186 2432 4435 15187 2434 4435 15188 2439 4436 15189 2441 4436 15190 2435 4436 15191 126 4437 15192 952 4437 15193 2424 4437 15194 2425 4438 15195 953 4438 15196 127 4438 15197 2424 4439 15198 952 4439 15199 950 4439 15200 2427 4440 15201 951 4440 15202 953 4440 15203 950 4441 15204 948 4441 15205 2428 4441 15206 2427 4442 15207 2429 4442 15208 949 4442 15209 948 4443 15210 141 4443 15211 883 4443 15212 2429 4444 15213 882 4444 15214 140 4444 15215 2434 4445 15216 2428 4445 15217 883 4445 15218 2435 4446 15219 884 4446 15220 882 4446 15221 2434 4447 15222 885 4447 15223 887 4447 15224 886 4448 15225 884 4448 15226 2435 4448 15227 946 4449 15228 2440 4449 15229 887 4449 15230 947 4450 15231 138 4450 15232 886 4450 15233 944 4451 15234 2438 4451 15235 2440 4451 15236 945 4452 15237 947 4452 15238 2441 4452 15239 2437 4453 15240 2438 4453 15241 944 4453 15242 945 4454 15243 2439 4454 15244 2436 4454 15245 124 4455 15246 904 4455 15247 2437 4455 15248 125 4456 15249 943 4456 15250 2436 4456 15251 904 4457 15252 902 4457 15253 2431 4457 15254 905 4458 15255 2436 4458 15256 2430 4458 15257 900 4459 15258 2424 4459 15259 2431 4459 15260 2430 4460 15261 2425 4460 15262 901 4460 15263 2442 4461 15264 2444 4461 15265 2450 4461 15266 2451 4462 15267 2445 4462 15268 2443 4462 15269 2450 4463 15270 2444 4463 15271 2446 4463 15272 2451 4464 15273 2453 4464 15274 2447 4464 15275 2455 4465 15276 2449 4465 15277 2450 4465 15278 2454 4466 15279 2457 4466 15280 2451 4466 15281 2450 4467 15282 2452 4467 15283 2458 4467 15284 2459 4468 15285 2453 4468 15286 2451 4468 15287 828 4469 15288 116 4469 15289 846 4469 15290 2443 4470 15291 847 4470 15292 117 4470 15293 2442 4471 15294 846 4471 15295 848 4471 15296 2443 4472 15297 2445 4472 15298 849 4472 15299 2444 4473 15300 848 4473 15301 850 4473 15302 2445 4474 15303 2447 4474 15304 851 4474 15305 850 4475 15306 131 4475 15307 823 4475 15308 822 4476 15309 130 4476 15310 851 4476 15311 2446 4477 15312 823 4477 15313 825 4477 15314 824 4478 15315 822 4478 15316 2447 4478 15317 2452 4479 15318 825 4479 15319 827 4479 15320 826 4480 15321 824 4480 15322 2453 4480 15323 940 4481 15324 2458 4481 15325 827 4481 15326 109 4482 15327 826 4482 15328 2459 4482 15329 2456 4483 15330 2458 4483 15331 940 4483 15332 941 4484 15333 2459 4484 15334 2457 4484 15335 2455 4485 15336 2456 4485 15337 938 4485 15338 937 4486 15339 939 4486 15340 2457 4486 15341 832 4487 15342 2455 4487 15343 936 4487 15344 114 4488 15345 937 4488 15346 2454 4488 15347 832 4489 15348 830 4489 15349 2449 4489 15350 833 4490 15351 2454 4490 15352 2448 4490 15353 830 4491 15354 828 4491 15355 2442 4491 15356 831 4492 15357 2448 4492 15358 2443 4492 15359 2460 4493 15360 2462 4493 15361 2468 4493 15362 2469 4494 15363 2463 4494 15364 2461 4494 15365 2468 4495 15366 2462 4495 15367 2464 4495 15368 2469 4496 15369 2471 4496 15370 2465 4496 15371 2467 4497 15372 2468 4497 15373 2474 4497 15374 2475 4498 15375 2469 4498 15376 2466 4498 15377 2474 4499 15378 2468 4499 15379 2470 4499 15380 2475 4500 15381 2477 4500 15382 2471 4500 15383 876 4501 15384 122 4501 15385 934 4501 15386 877 4502 15387 2461 4502 15388 935 4502 15389 934 4503 15390 932 4503 15391 2462 4503 15392 2463 4504 15393 933 4504 15394 935 4504 15395 2462 4505 15396 932 4505 15397 930 4505 15398 2463 4506 15399 2465 4506 15400 931 4506 15401 930 4507 15402 137 4507 15403 907 4507 15404 906 4508 15405 136 4508 15406 931 4508 15407 2464 4509 15408 907 4509 15409 909 4509 15410 908 4510 15411 906 4510 15412 2465 4510 15413 2470 4511 15414 909 4511 15415 911 4511 15416 910 4512 15417 908 4512 15418 2471 4512 15419 814 4513 15420 2476 4513 15421 911 4513 15422 815 4514 15423 135 4514 15424 910 4514 15425 812 4515 15426 2474 4515 15427 2476 4515 15428 813 4516 15429 815 4516 15430 2477 4516 15431 2473 4517 15432 2474 4517 15433 812 4517 15434 813 4518 15435 2475 4518 15436 2472 4518 15437 880 4519 15438 2473 4519 15439 810 4519 15440 811 4520 15441 2472 4520 15442 881 4520 15443 878 4521 15444 2467 4521 15445 2473 4521 15446 2472 4522 15447 2466 4522 15448 879 4522 15449 878 4523 15450 876 4523 15451 2460 4523 15452 879 4524 15453 2466 4524 15454 2461 4524 15455 2485 4525 15456 2478 4525 15457 2480 4525 15458 2484 4526 15459 2487 4526 15460 2481 4526 15461 2486 4527 15462 2480 4527 15463 2482 4527 15464 2487 4528 15465 2489 4528 15466 2483 4528 15467 2491 4529 15468 2485 4529 15469 2486 4529 15470 2490 4530 15471 2493 4530 15472 2487 4530 15473 2492 4531 15474 2486 4531 15475 2488 4531 15476 2493 4532 15477 2495 4532 15478 2489 4532 15479 118 4533 15480 844 4533 15481 2478 4533 15482 853 4534 15483 2479 4534 15484 845 4534 15485 844 4535 15486 842 4535 15487 2480 4535 15488 2481 4536 15489 843 4536 15490 845 4536 15491 2480 4537 15492 842 4537 15493 840 4537 15494 2481 4538 15495 2483 4538 15496 841 4538 15497 2482 4539 15498 840 4539 15499 133 4539 15500 2483 4540 15501 816 4540 15502 132 4540 15503 2488 4541 15504 2482 4541 15505 817 4541 15506 2489 4542 15507 818 4542 15508 816 4542 15509 2494 4543 15510 2488 4543 15511 819 4543 15512 2495 4544 15513 820 4544 15514 818 4544 15515 2494 4545 15516 821 4545 15517 131 4545 15518 130 4546 15519 820 4546 15520 2495 4546 15521 2492 4547 15522 2494 4547 15523 850 4547 15524 851 4548 15525 2495 4548 15526 2493 4548 15527 846 4549 15528 2491 4549 15529 2492 4549 15530 847 4550 15531 849 4550 15532 2493 4550 15533 856 4551 15534 2491 4551 15535 846 4551 15536 847 4552 15537 2490 4552 15538 857 4552 15539 854 4553 15540 2485 4553 15541 2491 4553 15542 2490 4554 15543 2484 4554 15544 855 4554 15545 852 4555 15546 2478 4555 15547 2485 4555 15548 2484 4556 15549 2479 4556 15550 853 4556 15551 2496 4557 15552 2498 4557 15553 2504 4557 15554 2502 4558 15555 2505 4558 15556 2499 4558 15557 2504 2226 15558 2498 2226 15559 2500 2226 15560 2505 4559 15561 2507 4559 15562 2501 4559 15563 2503 4560 15564 2504 4560 15565 2510 4560 15566 2511 4561 15567 2505 4561 15568 2502 4561 15569 2504 4562 15570 2506 4562 15571 2512 4562 15572 2513 4563 15573 2507 4563 15574 2505 4563 15575 76 4564 15576 970 4564 15577 2496 4564 15578 985 4565 15579 2497 4565 15580 971 4565 15581 970 4566 15582 968 4566 15583 2498 4566 15584 2497 4567 15585 2499 4567 15586 969 4567 15587 968 704 15588 966 704 15589 2500 704 15590 2499 706 15591 2501 706 15592 967 706 15593 966 4568 15594 73 4568 15595 1105 4568 15596 1104 4569 15597 72 4569 15598 967 4569 15599 2500 4570 15600 1105 4570 15601 1107 4570 15602 1106 706 15603 1104 706 15604 2501 706 15605 2512 4571 15606 2506 4571 15607 1107 4571 15608 2513 4572 15609 1108 4572 15610 1106 4572 15611 1224 4573 15612 2512 4573 15613 1109 4573 15614 1225 4574 15615 184 4574 15616 1108 4574 15617 2510 4575 15618 2512 4575 15619 1224 4575 15620 1227 4576 15621 1225 4576 15622 2513 4576 15623 1228 4577 15624 2509 4577 15625 2510 4577 15626 1227 4578 15627 2511 4578 15628 2508 4578 15629 988 4579 15630 2509 4579 15631 1228 4579 15632 1229 4580 15633 2508 4580 15634 989 4580 15635 986 4581 15636 2503 4581 15637 2509 4581 15638 2508 4582 15639 2502 4582 15640 987 4582 15641 984 4583 15642 2496 4583 15643 2503 4583 15644 987 4584 15645 2502 4584 15646 2497 4584 15647 2514 4585 15648 2516 4585 15649 2522 4585 15650 2523 4586 15651 2517 4586 15652 2515 4586 15653 2522 4587 15654 2516 4587 15655 2518 4587 15656 2525 4588 15657 2519 4588 15658 2517 4588 15659 2527 1769 15660 2521 1769 15661 2522 1769 15662 2529 4589 15663 2523 4589 15664 2520 4589 15665 2522 4590 15666 2524 4590 15667 2530 4590 15668 2531 1729 15669 2525 1729 15670 2523 1729 15671 990 4591 15672 144 4591 15673 1228 4591 15674 991 4592 15675 2515 4592 15676 1229 4592 15677 1228 4593 15678 1226 4593 15679 2516 4593 15680 2517 4594 15681 1227 4594 15682 1229 4594 15683 2516 4595 15684 1226 4595 15685 1224 4595 15686 2517 4596 15687 2519 4596 15688 1225 4596 15689 1224 4597 15690 185 4597 15691 1111 4597 15692 1110 4598 15693 184 4598 15694 1225 4598 15695 2518 4599 15696 1111 4599 15697 1113 4599 15698 1112 706 15699 1110 706 15700 2519 706 15701 2530 4600 15702 2524 4600 15703 1113 4600 15704 2531 4601 15705 1114 4601 15706 1112 4601 15707 1230 704 15708 2530 704 15709 1115 704 15710 186 4602 15711 1114 4602 15712 2531 4602 15713 1232 4603 15714 2528 4603 15715 2530 4603 15716 1233 4604 15717 1231 4604 15718 2531 4604 15719 2527 4605 15720 2528 4605 15721 1232 4605 15722 1233 4606 15723 2529 4606 15724 2526 4606 15725 146 4607 15726 994 4607 15727 2527 4607 15728 147 4608 15729 1235 4608 15730 2526 4608 15731 994 4609 15732 992 4609 15733 2521 4609 15734 995 4610 15735 2526 4610 15736 2520 4610 15737 992 4611 15738 990 4611 15739 2514 4611 15740 993 2104 15741 2520 2104 15742 2515 2104 15743 2532 4612 15744 2534 4612 15745 2540 4612 15746 2541 4613 15747 2535 4613 15748 2533 4613 15749 2540 4614 15750 2534 4614 15751 2536 4614 15752 2541 2063 15753 2543 2063 15754 2537 2063 15755 2545 2067 15756 2539 2067 15757 2540 2067 15758 2544 4615 15759 2547 4615 15760 2541 4615 15761 2540 4616 15762 2542 4616 15763 2548 4616 15764 2549 2140 15765 2543 2140 15766 2541 2140 15767 996 4617 15768 146 4617 15769 1234 4617 15770 997 4618 15771 2533 4618 15772 1235 4618 15773 1234 4619 15774 1232 4619 15775 2534 4619 15776 2535 4620 15777 1233 4620 15778 1235 4620 15779 2534 1746 15780 1232 1746 15781 1230 1746 15782 2535 4621 15783 2537 4621 15784 1231 4621 15785 1230 4622 15786 187 4622 15787 1117 4622 15788 2537 4623 15789 1116 4623 15790 186 4623 15791 2542 4624 15792 2536 4624 15793 1117 4624 15794 2543 4625 15795 1118 4625 15796 1116 4625 15797 2548 4609 15798 2542 4609 15799 1119 4609 15800 1120 4626 15801 1118 4626 15802 2543 4626 15803 1236 704 15804 2548 704 15805 1121 704 15806 1237 4627 15807 188 4627 15808 1120 4627 15809 2546 4628 15810 2548 4628 15811 1236 4628 15812 1237 4629 15813 2549 4629 15814 2547 4629 15815 2545 4630 15816 2546 4630 15817 1238 4630 15818 1239 4631 15819 2547 4631 15820 2544 4631 15821 148 4632 15822 1000 4632 15823 2545 4632 15824 149 4633 15825 1241 4633 15826 2544 4633 15827 998 4634 15828 2539 4634 15829 2545 4634 15830 1001 4635 15831 2544 4635 15832 2538 4635 15833 996 4636 15834 2532 4636 15835 2539 4636 15836 2538 4637 15837 2533 4637 15838 997 4637 15839 2557 4638 15840 2550 4638 15841 2552 4638 15842 2556 4639 15843 2559 4639 15844 2553 4639 15845 2552 4640 15846 2554 4640 15847 2560 4640 15848 2561 4641 15849 2555 4641 15850 2553 4641 15851 2563 4642 15852 2557 4642 15853 2558 4642 15854 2562 4643 15855 2565 4643 15856 2559 4643 15857 2558 4644 15858 2560 4644 15859 2566 4644 15860 2567 4645 15861 2561 4645 15862 2559 4645 15863 1002 4646 15864 148 4646 15865 1240 4646 15866 2551 4647 15867 1241 4647 15868 149 4647 15869 1240 4648 15870 1238 4648 15871 2552 4648 15872 2553 4649 15873 1239 4649 15874 1241 4649 15875 1238 4650 15876 1236 4650 15877 2554 4650 15878 2555 1773 15879 1237 1773 15880 1239 1773 15881 2554 4651 15882 1236 4651 15883 189 4651 15884 2555 4652 15885 1122 4652 15886 188 4652 15887 2560 4653 15888 2554 4653 15889 1123 4653 15890 2561 4625 15891 1124 4625 15892 1122 4625 15893 2566 4654 15894 2560 4654 15895 1125 4654 15896 2567 4655 15897 1126 4655 15898 1124 4655 15899 1242 704 15900 2566 704 15901 1127 704 15902 190 1832 15903 1126 1832 15904 2567 1832 15905 2564 4656 15906 2566 4656 15907 1242 4656 15908 1245 4657 15909 1243 4657 15910 2567 4657 15911 1246 4658 15912 2563 4658 15913 2564 4658 15914 1245 4659 15915 2565 4659 15916 2562 4659 15917 1006 4660 15918 2563 4660 15919 1246 4660 15920 1247 706 15921 2562 706 15922 1007 706 15923 1004 4634 15924 2557 4634 15925 2563 4634 15926 1007 4635 15927 2562 4635 15928 2556 4635 15929 1002 4661 15930 2550 4661 15931 2557 4661 15932 2556 4662 15933 2551 4662 15934 1003 4662 15935 2568 4663 15936 2570 4663 15937 2576 4663 15938 2577 4664 15939 2571 4664 15940 2569 4664 15941 2576 4665 15942 2570 4665 15943 2572 4665 15944 2577 2140 15945 2579 2140 15946 2573 2140 15947 2575 4666 15948 2576 4666 15949 2582 4666 15950 2583 4667 15951 2577 4667 15952 2574 4667 15953 2582 4668 15954 2576 4668 15955 2578 4668 15956 2583 4669 15957 2585 4669 15958 2579 4669 15959 1008 4670 15960 150 4670 15961 1246 4670 15962 1009 4671 15963 2569 4671 15964 1247 4671 15965 1246 4619 15966 1244 4619 15967 2570 4619 15968 2571 4620 15969 1245 4620 15970 1247 4620 15971 2570 1746 15972 1244 1746 15973 1242 1746 15974 2571 4672 15975 2573 4672 15976 1243 4672 15977 1242 4673 15978 191 4673 15979 1129 4673 15980 1128 4674 15981 190 4674 15982 1243 4674 15983 2572 4675 15984 1129 4675 15985 1131 4675 15986 1130 706 15987 1128 706 15988 2573 706 15989 2584 4600 15990 2578 4600 15991 1131 4600 15992 2585 4655 15993 1132 4655 15994 1130 4655 15995 1248 704 15996 2584 704 15997 1133 704 15998 192 1756 15999 1132 1756 16000 2585 1756 16001 1250 4676 16002 2582 4676 16003 2584 4676 16004 1251 4677 16005 1249 4677 16006 2585 4677 16007 2581 4605 16008 2582 4605 16009 1250 4605 16010 1251 4606 16011 2583 4606 16012 2580 4606 16013 152 4678 16014 1012 4678 16015 2581 4678 16016 153 4608 16017 1253 4608 16018 2580 4608 16019 1010 4679 16020 2575 4679 16021 2581 4679 16022 2580 4680 16023 2574 4680 16024 1011 4680 16025 1010 4681 16026 1008 4681 16027 2568 4681 16028 1011 2104 16029 2574 2104 16030 2569 2104 16031 2586 4682 16032 2588 4682 16033 2594 4682 16034 2592 4683 16035 2595 4683 16036 2589 4683 16037 2594 4684 16038 2588 4684 16039 2590 4684 16040 2597 4685 16041 2591 4685 16042 2589 4685 16043 2599 1839 16044 2593 1839 16045 2594 1839 16046 2601 4686 16047 2595 4686 16048 2592 4686 16049 2600 1900 16050 2594 1900 16051 2596 1900 16052 2603 2063 16053 2597 2063 16054 2595 2063 16055 1014 4687 16056 152 4687 16057 1252 4687 16058 1015 4688 16059 2587 4688 16060 1253 4688 16061 1252 4689 16062 1250 4689 16063 2588 4689 16064 2589 4690 16065 1251 4690 16066 1253 4690 16067 2588 4691 16068 1250 4691 16069 1248 4691 16070 2589 4692 16071 2591 4692 16072 1249 4692 16073 1248 4693 16074 193 4693 16075 1135 4693 16076 2591 4694 16077 1134 4694 16078 192 4694 16079 2596 4695 16080 2590 4695 16081 1135 4695 16082 2597 4625 16083 1136 4625 16084 1134 4625 16085 2602 4600 16086 2596 4600 16087 1137 4600 16088 1138 1758 16089 1136 1758 16090 2597 1758 16091 2602 4696 16092 1139 4696 16093 195 4696 16094 194 1832 16095 1138 1832 16096 2603 1832 16097 2600 4697 16098 2602 4697 16099 1254 4697 16100 1257 4698 16101 1255 4698 16102 2603 4698 16103 2599 4630 16104 2600 4630 16105 1256 4630 16106 1257 4631 16107 2601 4631 16108 2598 4631 16109 154 4607 16110 1018 4607 16111 2599 4607 16112 155 4699 16113 1259 4699 16114 2598 4699 16115 1016 4679 16116 2593 4679 16117 2599 4679 16118 1019 4610 16119 2598 4610 16120 2592 4610 16121 1014 4661 16122 2586 4661 16123 2593 4661 16124 2592 4662 16125 2587 4662 16126 1015 4662 16127 2604 4700 16128 2606 4700 16129 2612 4700 16130 2613 4701 16131 2607 4701 16132 2605 4701 16133 2612 4702 16134 2606 4702 16135 2608 4702 16136 2613 1727 16137 2615 1727 16138 2609 1727 16139 2611 4703 16140 2612 4703 16141 2618 4703 16142 2619 4704 16143 2613 4704 16144 2610 4704 16145 2618 4705 16146 2612 4705 16147 2614 4705 16148 2621 1727 16149 2615 1727 16150 2613 1727 16151 1020 4706 16152 154 4706 16153 1258 4706 16154 1021 4707 16155 2605 4707 16156 1259 4707 16157 1258 4708 16158 1256 4708 16159 2606 4708 16160 2607 4620 16161 1257 4620 16162 1259 4620 16163 2606 1746 16164 1256 1746 16165 1254 1746 16166 2607 4709 16167 2609 4709 16168 1255 4709 16169 1254 4710 16170 195 4710 16171 1141 4710 16172 1140 4711 16173 194 4711 16174 1255 4711 16175 2608 4712 16176 1141 4712 16177 1143 4712 16178 1142 706 16179 1140 706 16180 2609 706 16181 2620 4713 16182 2614 4713 16183 1143 4713 16184 1144 4714 16185 1142 4714 16186 2615 4714 16187 1260 4715 16188 2620 4715 16189 1145 4715 16190 1261 4716 16191 196 4716 16192 1144 4716 16193 2618 4717 16194 2620 4717 16195 1260 4717 16196 1261 1903 16197 2621 1903 16198 2619 1903 16199 2617 4630 16200 2618 4630 16201 1262 4630 16202 1263 4631 16203 2619 4631 16204 2616 4631 16205 1024 4718 16206 2617 4718 16207 1264 4718 16208 1265 706 16209 2616 706 16210 1025 706 16211 1024 4719 16212 1022 4719 16213 2611 4719 16214 1025 4720 16215 2616 4720 16216 2610 4720 16217 1022 4721 16218 1020 4721 16219 2604 4721 16220 1023 4722 16221 2610 4722 16222 2605 4722 16223 2622 4700 16224 2624 4700 16225 2630 4700 16226 2628 4723 16227 2631 4723 16228 2625 4723 16229 2630 4684 16230 2624 4684 16231 2626 4684 16232 2633 4685 16233 2627 4685 16234 2625 4685 16235 2635 2262 16236 2629 2262 16237 2630 2262 16238 2637 4724 16239 2631 4724 16240 2628 4724 16241 2636 4725 16242 2630 4725 16243 2632 4725 16244 2639 1992 16245 2633 1992 16246 2631 1992 16247 1026 4726 16248 156 4726 16249 1264 4726 16250 2623 4647 16251 1265 4647 16252 157 4647 16253 1264 4727 16254 1262 4727 16255 2624 4727 16256 2625 4728 16257 1263 4728 16258 1265 4728 16259 1262 4729 16260 1260 4729 16261 2626 4729 16262 2627 4730 16263 1261 4730 16264 1263 4730 16265 2626 4731 16266 1260 4731 16267 197 4731 16268 2627 4732 16269 1146 4732 16270 196 4732 16271 2632 4733 16272 2626 4733 16273 1147 4733 16274 2633 4734 16275 1148 4734 16276 1146 4734 16277 2638 4735 16278 2632 4735 16279 1149 4735 16280 1150 4736 16281 1148 4736 16282 2633 4736 16283 2638 4737 16284 1151 4737 16285 199 4737 16286 198 4738 16287 1150 4738 16288 2639 4738 16289 2636 4717 16290 2638 4717 16291 1266 4717 16292 1269 4739 16293 1267 4739 16294 2639 4739 16295 2635 2367 16296 2636 2367 16297 1268 2367 16298 1269 4740 16299 2637 4740 16300 2634 4740 16301 158 4632 16302 1030 4632 16303 2635 4632 16304 159 4741 16305 1271 4741 16306 2634 4741 16307 1028 4742 16308 2629 4742 16309 2635 4742 16310 1031 4743 16311 2634 4743 16312 2628 4743 16313 1026 4744 16314 2622 4744 16315 2629 4744 16316 2628 1911 16317 2623 1911 16318 1027 1911 16319 2640 4745 16320 2642 4745 16321 2648 4745 16322 2646 4723 16323 2649 4723 16324 2643 4723 16325 2642 4746 16326 2644 4746 16327 2650 4746 16328 2651 4747 16329 2645 4747 16330 2643 4747 16331 2653 4748 16332 2647 4748 16333 2648 4748 16334 2655 4749 16335 2649 4749 16336 2646 4749 16337 2654 4750 16338 2648 4750 16339 2650 4750 16340 2657 4751 16341 2651 4751 16342 2649 4751 16343 1032 4752 16344 158 4752 16345 1270 4752 16346 1033 4753 16347 2641 4753 16348 1271 4753 16349 1270 4708 16350 1268 4708 16351 2642 4708 16352 2643 4620 16353 1269 4620 16354 1271 4620 16355 1268 4754 16356 1266 4754 16357 2644 4754 16358 2645 4755 16359 1267 4755 16360 1269 4755 16361 2644 4756 16362 1266 4756 16363 199 4756 16364 2645 4757 16365 1152 4757 16366 198 4757 16367 2650 4758 16368 2644 4758 16369 1153 4758 16370 2651 4759 16371 1154 4759 16372 1152 4759 16373 2656 4760 16374 2650 4760 16375 1155 4760 16376 2657 4761 16377 1156 4761 16378 1154 4761 16379 1272 704 16380 2656 704 16381 1157 704 16382 200 4762 16383 1156 4762 16384 2657 4762 16385 1274 4763 16386 2654 4763 16387 2656 4763 16388 1275 4764 16389 1273 4764 16390 2657 4764 16391 2653 4638 16392 2654 4638 16393 1274 4638 16394 1275 4765 16395 2655 4765 16396 2652 4765 16397 160 4766 16398 1036 4766 16399 2653 4766 16400 161 4741 16401 1277 4741 16402 2652 4741 16403 1034 4767 16404 2647 4767 16405 2653 4767 16406 2652 4768 16407 2646 4768 16408 1035 4768 16409 1032 4769 16410 2640 4769 16411 2647 4769 16412 2646 4770 16413 2641 4770 16414 1033 4770 16415 2658 4745 16416 2660 4745 16417 2666 4745 16418 2667 4771 16419 2661 4771 16420 2659 4771 16421 2666 4772 16422 2660 4772 16423 2662 4772 16424 2667 1911 16425 2669 1911 16426 2663 1911 16427 2671 1937 16428 2665 1937 16429 2666 1937 16430 2673 4773 16431 2667 4773 16432 2664 4773 16433 2672 4774 16434 2666 4774 16435 2668 4774 16436 2675 4775 16437 2669 4775 16438 2667 4775 16439 1038 4776 16440 160 4776 16441 1276 4776 16442 1039 4777 16443 2659 4777 16444 1277 4777 16445 1276 4708 16446 1274 4708 16447 2660 4708 16448 2661 4620 16449 1275 4620 16450 1277 4620 16451 2660 2024 16452 1274 2024 16453 1272 2024 16454 2661 4778 16455 2663 4778 16456 1273 4778 16457 1272 4779 16458 201 4779 16459 1159 4779 16460 1158 4780 16461 200 4780 16462 1273 4780 16463 2662 4712 16464 1159 4712 16465 1161 4712 16466 1160 706 16467 1158 706 16468 2663 706 16469 2674 4600 16470 2668 4600 16471 1161 4600 16472 1162 4781 16473 1160 4781 16474 2669 4781 16475 1278 704 16476 2674 704 16477 1163 704 16478 1279 4782 16479 202 4782 16480 1162 4782 16481 2672 4783 16482 2674 4783 16483 1278 4783 16484 1281 4784 16485 1279 4784 16486 2675 4784 16487 1282 4785 16488 2671 4785 16489 2672 4785 16490 1281 4786 16491 2673 4786 16492 2670 4786 16493 1042 4787 16494 2671 4787 16495 1282 4787 16496 1283 706 16497 2670 706 16498 1043 706 16499 1040 4788 16500 2665 4788 16501 2671 4788 16502 1043 4789 16503 2670 4789 16504 2664 4789 16505 1038 4790 16506 2658 4790 16507 2665 4790 16508 2664 1911 16509 2659 1911 16510 1039 1911 16511 2676 4791 16512 2678 4791 16513 2684 4791 16514 2685 4792 16515 2679 4792 16516 2677 4792 16517 2684 4793 16518 2678 4793 16519 2680 4793 16520 2685 2063 16521 2687 2063 16522 2681 2063 16523 2689 2114 16524 2683 2114 16525 2684 2114 16526 2691 4794 16527 2685 4794 16528 2682 4794 16529 2690 4795 16530 2684 4795 16531 2686 4795 16532 2693 4775 16533 2687 4775 16534 2685 4775 16535 1044 4796 16536 162 4796 16537 1282 4796 16538 2677 4797 16539 1283 4797 16540 163 4797 16541 1282 4798 16542 1280 4798 16543 2678 4798 16544 2679 4799 16545 1281 4799 16546 1283 4799 16547 1280 4800 16548 1278 4800 16549 2680 4800 16550 2679 4801 16551 2681 4801 16552 1279 4801 16553 1278 4802 16554 203 4802 16555 1165 4802 16556 2681 4803 16557 1164 4803 16558 202 4803 16559 2686 4804 16560 2680 4804 16561 1165 4804 16562 1166 4805 16563 1164 4805 16564 2681 4805 16565 2692 4806 16566 2686 4806 16567 1167 4806 16568 1168 4807 16569 1166 4807 16570 2687 4807 16571 2692 4737 16572 1169 4737 16573 205 4737 16574 1285 4808 16575 204 4808 16576 1168 4808 16577 2690 4809 16578 2692 4809 16579 1284 4809 16580 1287 4810 16581 1285 4810 16582 2693 4810 16583 1288 4811 16584 2689 4811 16585 2690 4811 16586 1287 4812 16587 2691 4812 16588 2688 4812 16589 1048 4813 16590 2689 4813 16591 1288 4813 16592 1289 706 16593 2688 706 16594 1049 706 16595 1046 4814 16596 2683 4814 16597 2689 4814 16598 1049 4815 16599 2688 4815 16600 2682 4815 16601 1044 4790 16602 2676 4790 16603 2683 4790 16604 1047 4816 16605 2682 4816 16606 2677 4816 16607 2694 4745 16608 2696 4745 16609 2702 4745 16610 2700 4817 16611 2703 4817 16612 2697 4817 16613 2702 4818 16614 2696 4818 16615 2698 4818 16616 2703 4775 16617 2705 4775 16618 2699 4775 16619 2701 4819 16620 2702 4819 16621 2708 4819 16622 2709 4820 16623 2703 4820 16624 2700 4820 16625 2708 4821 16626 2702 4821 16627 2704 4821 16628 2711 4822 16629 2705 4822 16630 2703 4822 16631 1050 4823 16632 164 4823 16633 1288 4823 16634 2695 4824 16635 1289 4824 16636 165 4824 16637 1288 4825 16638 1286 4825 16639 2696 4825 16640 2695 4826 16641 2697 4826 16642 1287 4826 16643 2696 4827 16644 1286 4827 16645 1284 4827 16646 2697 4828 16647 2699 4828 16648 1285 4828 16649 1284 4829 16650 205 4829 16651 1171 4829 16652 1170 4830 16653 204 4830 16654 1285 4830 16655 2698 4831 16656 1171 4831 16657 1173 4831 16658 1172 706 16659 1170 706 16660 2699 706 16661 2710 4832 16662 2704 4832 16663 1173 4832 16664 1174 4833 16665 1172 4833 16666 2705 4833 16667 1290 4834 16668 2710 4834 16669 1175 4834 16670 1291 4782 16671 206 4782 16672 1174 4782 16673 2708 4835 16674 2710 4835 16675 1290 4835 16676 1291 4836 16677 2711 4836 16678 2709 4836 16679 1294 4837 16680 2707 4837 16681 2708 4837 16682 1295 4838 16683 1293 4838 16684 2709 4838 16685 1054 4839 16686 2707 4839 16687 1294 4839 16688 1295 706 16689 2706 706 16690 1055 706 16691 1052 4788 16692 2701 4788 16693 2707 4788 16694 1055 4840 16695 2706 4840 16696 2700 4840 16697 1052 4841 16698 1050 4841 16699 2694 4841 16700 1053 4842 16701 2700 4842 16702 2695 4842 16703 2719 4843 16704 2712 4843 16705 2714 4843 16706 2718 4844 16707 2721 4844 16708 2715 4844 16709 2714 4746 16710 2716 4746 16711 2722 4746 16712 2723 4845 16713 2717 4845 16714 2715 4845 16715 2725 2195 16716 2719 2195 16717 2720 2195 16718 2724 4615 16719 2727 4615 16720 2721 4615 16721 2720 4846 16722 2722 4846 16723 2728 4846 16724 2729 2214 16725 2723 2214 16726 2721 2214 16727 1056 4847 16728 166 4847 16729 1294 4847 16730 2713 4848 16731 1295 4848 16732 167 4848 16733 2712 4849 16734 1294 4849 16735 1292 4849 16736 2713 4850 16737 2715 4850 16738 1293 4850 16739 1292 4851 16740 1290 4851 16741 2716 4851 16742 2717 4852 16743 1291 4852 16744 1293 4852 16745 1290 4802 16746 207 4802 16747 1177 4802 16748 2717 4853 16749 1176 4853 16750 206 4853 16751 2716 4675 16752 1177 4675 16753 1179 4675 16754 2723 4854 16755 1178 4854 16756 1176 4854 16757 2728 4855 16758 2722 4855 16759 1179 4855 16760 1180 4781 16761 1178 4781 16762 2723 4781 16763 1296 704 16764 2728 704 16765 1181 704 16766 1297 4856 16767 208 4856 16768 1180 4856 16769 2726 4835 16770 2728 4835 16771 1296 4835 16772 1297 4836 16773 2729 4836 16774 2727 4836 16775 1300 4857 16776 2725 4857 16777 2726 4857 16778 1301 4858 16779 1299 4858 16780 2727 4858 16781 1060 4839 16782 2725 4839 16783 1300 4839 16784 1301 706 16785 2724 706 16786 1061 706 16787 1058 4859 16788 2719 4859 16789 2725 4859 16790 1061 4860 16791 2724 4860 16792 2718 4860 16793 1058 4861 16794 1056 4861 16795 2712 4861 16796 1059 4862 16797 2718 4862 16798 2713 4862 16799 2730 4700 16800 2732 4700 16801 2738 4700 16802 2739 4701 16803 2733 4701 16804 2731 4701 16805 2738 4702 16806 2732 4702 16807 2734 4702 16808 2739 4863 16809 2741 4863 16810 2735 4863 16811 2743 4864 16812 2737 4864 16813 2738 4864 16814 2745 4724 16815 2739 4724 16816 2736 4724 16817 2744 4865 16818 2738 4865 16819 2740 4865 16820 2745 4866 16821 2747 4866 16822 2741 4866 16823 168 4867 16824 1300 4867 16825 2730 4867 16826 2731 4868 16827 1301 4868 16828 169 4868 16829 2730 4869 16830 1300 4869 16831 1298 4869 16832 2731 4870 16833 2733 4870 16834 1299 4870 16835 1298 4871 16836 1296 4871 16837 2734 4871 16838 2733 4872 16839 2735 4872 16840 1297 4872 16841 1296 4873 16842 209 4873 16843 1183 4873 16844 2735 4874 16845 1182 4874 16846 208 4874 16847 2734 4675 16848 1183 4675 16849 1185 4675 16850 1184 706 16851 1182 706 16852 2735 706 16853 2740 4875 16854 1185 4875 16855 1187 4875 16856 1186 4876 16857 1184 4876 16858 2741 4876 16859 2746 4877 16860 1187 4877 16861 211 4877 16862 210 4878 16863 1186 4878 16864 2747 4878 16865 2744 4697 16866 2746 4697 16867 1302 4697 16868 1305 4698 16869 1303 4698 16870 2747 4698 16871 1306 1726 16872 2743 1726 16873 2744 1726 16874 1307 4879 16875 1305 4879 16876 2745 4879 16877 1066 4813 16878 2743 4813 16879 1306 4813 16880 1307 706 16881 2742 706 16882 1067 706 16883 1066 4600 16884 1064 4600 16885 2737 4600 16886 1067 4880 16887 2742 4880 16888 2736 4880 16889 1064 4861 16890 1062 4861 16891 2730 4861 16892 1065 4722 16893 2736 4722 16894 2731 4722 16895 2748 4881 16896 2750 4881 16897 2756 4881 16898 2757 4882 16899 2751 4882 16900 2749 4882 16901 2756 4883 16902 2750 4883 16903 2752 4883 16904 2757 4863 16905 2759 4863 16906 2753 4863 16907 2755 4884 16908 2756 4884 16909 2762 4884 16910 2763 4885 16911 2757 4885 16912 2754 4885 16913 2762 4886 16914 2756 4886 16915 2758 4886 16916 2763 4887 16917 2765 4887 16918 2759 4887 16919 170 4888 16920 1306 4888 16921 2748 4888 16922 2749 4889 16923 1307 4889 16924 171 4889 16925 2748 4890 16926 1306 4890 16927 1304 4890 16928 2749 4891 16929 2751 4891 16930 1305 4891 16931 1304 4892 16932 1302 4892 16933 2752 4892 16934 2753 4893 16935 1303 4893 16936 1305 4893 16937 1302 4894 16938 211 4894 16939 1189 4894 16940 2753 4895 16941 1188 4895 16942 210 4895 16943 2752 4896 16944 1189 4896 16945 1191 4896 16946 2759 4897 16947 1190 4897 16948 1188 4897 16949 2764 4898 16950 2758 4898 16951 1191 4898 16952 2765 4899 16953 1192 4899 16954 1190 4899 16955 1308 704 16956 2764 704 16957 1193 704 16958 212 4900 16959 1192 4900 16960 2765 4900 16961 2762 4901 16962 2764 4901 16963 1308 4901 16964 1309 4902 16965 2765 4902 16966 2763 4902 16967 1312 4903 16968 2761 4903 16969 2762 4903 16970 1313 4879 16971 1311 4879 16972 2763 4879 16973 1072 4904 16974 2761 4904 16975 1312 4904 16976 1313 706 16977 2760 706 16978 1073 706 16979 1070 4905 16980 2755 4905 16981 2761 4905 16982 1073 4720 16983 2760 4720 16984 2754 4720 16985 1068 4906 16986 2748 4906 16987 2755 4906 16988 2754 1911 16989 2749 1911 16990 1069 1911 16991 2766 4907 16992 2768 4907 16993 2774 4907 16994 2772 4908 16995 2775 4908 16996 2769 4908 16997 2774 4684 16998 2768 4684 16999 2770 4684 17000 2777 4685 17001 2771 4685 17002 2769 4685 17003 2773 4909 17004 2774 4909 17005 2780 4909 17006 2781 4589 17007 2775 4589 17008 2772 4589 17009 2780 4910 17010 2774 4910 17011 2776 4910 17012 2781 4911 17013 2783 4911 17014 2777 4911 17015 1074 4912 17016 172 4912 17017 1312 4912 17018 2767 4913 17019 1313 4913 17020 173 4913 17021 2766 4914 17022 1312 4914 17023 1310 4914 17024 2767 4915 17025 2769 4915 17026 1311 4915 17027 2768 1839 17028 1310 1839 17029 1308 1839 17030 2769 4916 17031 2771 4916 17032 1309 4916 17033 1308 4894 17034 213 4894 17035 1195 4894 17036 1194 4917 17037 212 4917 17038 1309 4917 17039 2770 4918 17040 1195 4918 17041 1197 4918 17042 1196 4919 17043 1194 4919 17044 2771 4919 17045 2782 4920 17046 2776 4920 17047 1197 4920 17048 1198 4921 17049 1196 4921 17050 2777 4921 17051 1314 704 17052 2782 704 17053 1199 704 17054 1315 4922 17055 214 4922 17056 1198 4922 17057 1316 4923 17058 2780 4923 17059 2782 4923 17060 1317 4698 17061 1315 4698 17062 2783 4698 17063 1318 4924 17064 2779 4924 17065 2780 4924 17066 1317 4659 17067 2781 4659 17068 2778 4659 17069 1078 4660 17070 2779 4660 17071 1318 4660 17072 1319 706 17073 2778 706 17074 1079 706 17075 1076 4905 17076 2773 4905 17077 2779 4905 17078 1079 4720 17079 2778 4720 17080 2772 4720 17081 1076 4925 17082 1074 4925 17083 2766 4925 17084 1077 4722 17085 2772 4722 17086 2767 4722 17087 2784 4907 17088 2786 4907 17089 2792 4907 17090 2793 4701 17091 2787 4701 17092 2785 4701 17093 2792 4684 17094 2786 4684 17095 2788 4684 17096 2793 4926 17097 2795 4926 17098 2789 4926 17099 2791 4927 17100 2792 4927 17101 2798 4927 17102 2799 4928 17103 2793 4928 17104 2790 4928 17105 2798 2280 17106 2792 2280 17107 2794 2280 17108 2799 4866 17109 2801 4866 17110 2795 4866 17111 174 4929 17112 1318 4929 17113 2784 4929 17114 2785 4930 17115 1319 4930 17116 175 4930 17117 2784 4931 17118 1318 4931 17119 1316 4931 17120 2785 4870 17121 2787 4870 17122 1317 4870 17123 1316 4932 17124 1314 4932 17125 2788 4932 17126 2787 4621 17127 2789 4621 17128 1315 4621 17129 2788 4933 17130 1314 4933 17131 215 4933 17132 2789 4895 17133 1200 4895 17134 214 4895 17135 2794 4934 17136 2788 4934 17137 1201 4934 17138 2795 4854 17139 1202 4854 17140 1200 4854 17141 2800 4600 17142 2794 4600 17143 1203 4600 17144 1204 1758 17145 1202 1758 17146 2795 1758 17147 1320 704 17148 2800 704 17149 1205 704 17150 216 2552 17151 1204 2552 17152 2801 2552 17153 2798 4935 17154 2800 4935 17155 1320 4935 17156 1323 4604 17157 1321 4604 17158 2801 4604 17159 1324 4936 17160 2797 4936 17161 2798 4936 17162 1325 2524 17163 1323 2524 17164 2799 2524 17165 1084 4813 17166 2797 4813 17167 1324 4813 17168 1325 706 17169 2796 706 17170 1085 706 17171 1082 4937 17172 2791 4937 17173 2797 4937 17174 1085 4938 17175 2796 4938 17176 2790 4938 17177 1080 4939 17178 2784 4939 17179 2791 4939 17180 2790 4940 17181 2785 4940 17182 1081 4940 17183 2809 4638 17184 2802 4638 17185 2804 4638 17186 2808 4941 17187 2811 4941 17188 2805 4941 17189 2804 4942 17190 2806 4942 17191 2812 4942 17192 2813 4943 17193 2807 4943 17194 2805 4943 17195 2815 2067 17196 2809 2067 17197 2810 2067 17198 2817 4944 17199 2811 4944 17200 2808 4944 17201 2816 2280 17202 2810 2280 17203 2812 2280 17204 2817 4866 17205 2819 4866 17206 2813 4866 17207 176 4929 17208 1324 4929 17209 2802 4929 17210 2803 4930 17211 1325 4930 17212 177 4930 17213 2802 4945 17214 1324 4945 17215 1322 4945 17216 2803 4915 17217 2805 4915 17218 1323 4915 17219 1322 4946 17220 1320 4946 17221 2806 4946 17222 2807 1780 17223 1321 1780 17224 1323 1780 17225 2806 4947 17226 1320 4947 17227 217 4947 17228 2807 4895 17229 1206 4895 17230 216 4895 17231 2812 4934 17232 2806 4934 17233 1207 4934 17234 2813 4897 17235 1208 4897 17236 1206 4897 17237 2818 4600 17238 2812 4600 17239 1209 4600 17240 2819 4948 17241 1210 4948 17242 1208 4948 17243 1326 704 17244 2818 704 17245 1211 704 17246 1327 4922 17247 218 4922 17248 1210 4922 17249 2816 4697 17250 2818 4697 17251 1326 4697 17252 1327 1762 17253 2819 1762 17254 2817 1762 17255 1330 4924 17256 2815 4924 17257 2816 4924 17258 1331 2524 17259 1329 2524 17260 2817 2524 17261 1090 4660 17262 2815 4660 17263 1330 4660 17264 1331 706 17265 2814 706 17266 1091 706 17267 1088 4634 17268 2809 4634 17269 2815 4634 17270 2814 4949 17271 2808 4949 17272 1089 4949 17273 1086 4636 17274 2802 4636 17275 2809 4636 17276 2808 4637 17277 2803 4637 17278 1087 4637 17279 2820 4950 17280 2822 4950 17281 2828 4950 17282 2826 4951 17283 2829 4951 17284 2823 4951 17285 2828 4952 17286 2822 4952 17287 2824 4952 17288 2831 4578 17289 2825 4578 17290 2823 4578 17291 2833 1769 17292 2827 1769 17293 2828 1769 17294 2832 4953 17295 2835 4953 17296 2829 4953 17297 2828 4954 17298 2830 4954 17299 2836 4954 17300 2837 1729 17301 2831 1729 17302 2829 1729 17303 178 4955 17304 1330 4955 17305 2820 4955 17306 2821 4956 17307 1331 4956 17308 179 4956 17309 2820 4957 17310 1330 4957 17311 1328 4957 17312 2821 4958 17313 2823 4958 17314 1329 4958 17315 1328 4959 17316 1326 4959 17317 2824 4959 17318 2823 4960 17319 2825 4960 17320 1327 4960 17321 1326 4961 17322 219 4961 17323 1213 4961 17324 2825 4962 17325 1212 4962 17326 218 4962 17327 2824 4896 17328 1213 4896 17329 1215 4896 17330 1214 706 17331 1212 706 17332 2825 706 17333 2836 4963 17334 2830 4963 17335 1215 4963 17336 2837 4964 17337 1216 4964 17338 1214 4964 17339 1332 4965 17340 2836 4965 17341 1217 4965 17342 1333 4966 17343 220 4966 17344 1216 4966 17345 2834 4967 17346 2836 4967 17347 1332 4967 17348 1333 4968 17349 2837 4968 17350 2835 4968 17351 1336 1726 17352 2833 1726 17353 2834 1726 17354 1337 4969 17355 1335 4969 17356 2835 4969 17357 1096 4813 17358 2833 4813 17359 1336 4813 17360 1337 706 17361 2832 706 17362 1097 706 17363 1094 4937 17364 2827 4937 17365 2833 4937 17366 2832 4970 17367 2826 4970 17368 1095 4970 17369 1094 4971 17370 1092 4971 17371 2820 4971 17372 1095 4722 17373 2826 4722 17374 2821 4722 17375 2838 4907 17376 2840 4907 17377 2846 4907 17378 2847 4701 17379 2841 4701 17380 2839 4701 17381 2846 4684 17382 2840 4684 17383 2842 4684 17384 2849 4685 17385 2843 4685 17386 2841 4685 17387 2851 2067 17388 2845 2067 17389 2846 2067 17390 2850 4972 17391 2853 4972 17392 2847 4972 17393 2846 4973 17394 2848 4973 17395 2854 4973 17396 2855 2063 17397 2849 2063 17398 2847 2063 17399 180 4955 17400 1336 4955 17401 2838 4955 17402 2839 4956 17403 1337 4956 17404 181 4956 17405 2838 4957 17406 1336 4957 17407 1334 4957 17408 2839 4870 17409 2841 4870 17410 1335 4870 17411 1334 4974 17412 1332 4974 17413 2842 4974 17414 2843 4975 17415 1333 4975 17416 1335 4975 17417 1332 4976 17418 221 4976 17419 1219 4976 17420 2843 4977 17421 1218 4977 17422 220 4977 17423 2842 4918 17424 1219 4918 17425 1221 4918 17426 1220 4919 17427 1218 4919 17428 2843 4919 17429 2854 4963 17430 2848 4963 17431 1221 4963 17432 1222 2158 17433 1220 2158 17434 2849 2158 17435 1339 4978 17436 2854 4978 17437 1223 4978 17438 1338 4979 17439 222 4979 17440 1222 4979 17441 2852 4980 17442 2854 4980 17443 1339 4980 17444 1338 4981 17445 2855 4981 17446 2853 4981 17447 2851 4982 17448 2852 4982 17449 1341 4982 17450 1340 4983 17451 2853 4983 17452 2850 4983 17453 182 4984 17454 1102 4984 17455 2851 4984 17456 183 4985 17457 1342 4985 17458 2850 4985 17459 1102 2618 17460 1100 2618 17461 2845 2618 17462 1103 4986 17463 2850 4986 17464 2844 4986 17465 1100 4925 17466 1098 4925 17467 2838 4925 17468 1101 4987 17469 2844 4987 17470 2839 4987 17471 2856 4988 17472 2858 4988 17473 2864 4988 17474 2862 4989 17475 2865 4989 17476 2859 4989 17477 2864 1758 17478 2858 1758 17479 2860 1758 17480 2865 4990 17481 2867 4990 17482 2861 4990 17483 2863 4991 17484 2864 4991 17485 2870 4991 17486 2871 4992 17487 2865 4992 17488 2862 4992 17489 2864 4993 17490 2866 4993 17491 2872 4993 17492 2873 4994 17493 2867 4994 17494 2865 4994 17495 40 4995 17496 625 4995 17497 2856 4995 17498 1465 4996 17499 2857 4996 17500 624 4996 17501 625 4997 17502 627 4997 17503 2858 4997 17504 2857 4998 17505 2859 4998 17506 626 4998 17507 627 706 17508 629 706 17509 2860 706 17510 2859 704 17511 2861 704 17512 628 704 17513 629 4999 17514 37 4999 17515 1345 4999 17516 1344 5000 17517 36 5000 17518 628 5000 17519 2860 5001 17520 1345 5001 17521 1347 5001 17522 1346 704 17523 1344 704 17524 2861 704 17525 2872 5002 17526 2866 5002 17527 1347 5002 17528 2873 5003 17529 1348 5003 17530 1346 5003 17531 1584 5004 17532 2872 5004 17533 1349 5004 17534 1585 5005 17535 224 5005 17536 1348 5005 17537 2870 5006 17538 2872 5006 17539 1584 5006 17540 1587 5007 17541 1585 5007 17542 2873 5007 17543 1588 5008 17544 2869 5008 17545 2870 5008 17546 1587 4931 17547 2871 4931 17548 2868 4931 17549 1468 5009 17550 2869 5009 17551 1588 5009 17552 1589 5010 17553 2868 5010 17554 1469 5010 17555 1466 5011 17556 2863 5011 17557 2869 5011 17558 2868 5012 17559 2862 5012 17560 1467 5012 17561 1464 5013 17562 2856 5013 17563 2863 5013 17564 1467 5014 17565 2862 5014 17566 2857 5014 17567 2874 5015 17568 2876 5015 17569 2882 5015 17570 2883 5016 17571 2877 5016 17572 2875 5016 17573 2882 5017 17574 2876 5017 17575 2878 5017 17576 2885 5018 17577 2879 5018 17578 2877 5018 17579 2887 2236 17580 2881 2236 17581 2882 2236 17582 2889 5019 17583 2883 5019 17584 2880 5019 17585 2882 5020 17586 2884 5020 17587 2890 5020 17588 2891 2197 17589 2885 2197 17590 2883 2197 17591 1470 5021 17592 264 5021 17593 1588 5021 17594 1471 5022 17595 2875 5022 17596 1589 5022 17597 1588 5023 17598 1586 5023 17599 2876 5023 17600 2877 4595 17601 1587 4595 17602 1589 4595 17603 2876 4594 17604 1586 4594 17605 1584 4594 17606 2877 5024 17607 2879 5024 17608 1585 5024 17609 1584 5025 17610 225 5025 17611 1351 5025 17612 1350 5026 17613 224 5026 17614 1585 5026 17615 2878 5027 17616 1351 5027 17617 1353 5027 17618 1352 704 17619 1350 704 17620 2879 704 17621 2890 5028 17622 2884 5028 17623 1353 5028 17624 2891 5029 17625 1354 5029 17626 1352 5029 17627 1590 706 17628 2890 706 17629 1355 706 17630 226 5030 17631 1354 5030 17632 2891 5030 17633 1592 5031 17634 2888 5031 17635 2890 5031 17636 1593 5032 17637 1591 5032 17638 2891 5032 17639 2887 5033 17640 2888 5033 17641 1592 5033 17642 1593 5034 17643 2889 5034 17644 2886 5034 17645 266 5035 17646 1474 5035 17647 2887 5035 17648 267 5036 17649 1595 5036 17650 2886 5036 17651 1474 5037 17652 1472 5037 17653 2881 5037 17654 1475 5038 17655 2886 5038 17656 2880 5038 17657 1472 5039 17658 1470 5039 17659 2874 5039 17660 1473 2564 17661 2880 2564 17662 2875 2564 17663 2892 5040 17664 2894 5040 17665 2900 5040 17666 2901 5041 17667 2895 5041 17668 2893 5041 17669 2900 5042 17670 2894 5042 17671 2896 5042 17672 2901 1963 17673 2903 1963 17674 2897 1963 17675 2905 2527 17676 2899 2527 17677 2900 2527 17678 2904 5043 17679 2907 5043 17680 2901 5043 17681 2900 5044 17682 2902 5044 17683 2908 5044 17684 2909 2600 17685 2903 2600 17686 2901 2600 17687 1476 5045 17688 266 5045 17689 1594 5045 17690 1477 5046 17691 2893 5046 17692 1595 5046 17693 1594 5047 17694 1592 5047 17695 2894 5047 17696 2895 5048 17697 1593 5048 17698 1595 5048 17699 2894 2214 17700 1592 2214 17701 1590 2214 17702 2895 5049 17703 2897 5049 17704 1591 5049 17705 1590 5050 17706 227 5050 17707 1357 5050 17708 2897 5051 17709 1356 5051 17710 226 5051 17711 2902 5052 17712 2896 5052 17713 1357 5052 17714 2903 5053 17715 1358 5053 17716 1356 5053 17717 2908 5037 17718 2902 5037 17719 1359 5037 17720 1360 5054 17721 1358 5054 17722 2903 5054 17723 1596 706 17724 2908 706 17725 1361 706 17726 1597 5055 17727 228 5055 17728 1360 5055 17729 2906 5056 17730 2908 5056 17731 1596 5056 17732 1597 4668 17733 2909 4668 17734 2907 4668 17735 2905 5057 17736 2906 5057 17737 1598 5057 17738 1599 4809 17739 2907 4809 17740 2904 4809 17741 268 5058 17742 1480 5058 17743 2905 5058 17744 269 5059 17745 1601 5059 17746 2904 5059 17747 1478 5060 17748 2899 5060 17749 2905 5060 17750 1481 5061 17751 2904 5061 17752 2898 5061 17753 1476 5062 17754 2892 5062 17755 2899 5062 17756 2898 5063 17757 2893 5063 17758 1477 5063 17759 2917 5064 17760 2910 5064 17761 2912 5064 17762 2916 5065 17763 2919 5065 17764 2913 5065 17765 2912 5066 17766 2914 5066 17767 2920 5066 17768 2921 5067 17769 2915 5067 17770 2913 5067 17771 2923 5068 17772 2917 5068 17773 2918 5068 17774 2922 5069 17775 2925 5069 17776 2919 5069 17777 2918 5070 17778 2920 5070 17779 2926 5070 17780 2927 5071 17781 2921 5071 17782 2919 5071 17783 1482 5072 17784 268 5072 17785 1600 5072 17786 2911 5073 17787 1601 5073 17788 269 5073 17789 1600 5074 17790 1598 5074 17791 2912 5074 17792 2913 5075 17793 1599 5075 17794 1601 5075 17795 1598 5076 17796 1596 5076 17797 2914 5076 17798 2915 2240 17799 1597 2240 17800 1599 2240 17801 2914 5077 17802 1596 5077 17803 229 5077 17804 2915 5078 17805 1362 5078 17806 228 5078 17807 2920 5079 17808 2914 5079 17809 1363 5079 17810 2921 5053 17811 1364 5053 17812 1362 5053 17813 2926 5080 17814 2920 5080 17815 1365 5080 17816 2927 5081 17817 1366 5081 17818 1364 5081 17819 1602 706 17820 2926 706 17821 1367 706 17822 230 1793 17823 1366 1793 17824 2927 1793 17825 2924 5082 17826 2926 5082 17827 1602 5082 17828 1605 5083 17829 1603 5083 17830 2927 5083 17831 1606 5084 17832 2923 5084 17833 2924 5084 17834 1605 5085 17835 2925 5085 17836 2922 5085 17837 1486 5086 17838 2923 5086 17839 1606 5086 17840 1607 704 17841 2922 704 17842 1487 704 17843 1484 5060 17844 2917 5060 17845 2923 5060 17846 1487 5061 17847 2922 5061 17848 2916 5061 17849 1482 5087 17850 2910 5087 17851 2917 5087 17852 2916 5088 17853 2911 5088 17854 1483 5088 17855 2928 5089 17856 2930 5089 17857 2936 5089 17858 2937 5090 17859 2931 5090 17860 2929 5090 17861 2936 5091 17862 2930 5091 17863 2932 5091 17864 2937 2600 17865 2939 2600 17866 2933 2600 17867 2935 5092 17868 2936 5092 17869 2942 5092 17870 2943 5093 17871 2937 5093 17872 2934 5093 17873 2942 4629 17874 2936 4629 17875 2938 4629 17876 2943 5094 17877 2945 5094 17878 2939 5094 17879 1488 5095 17880 270 5095 17881 1606 5095 17882 1489 5096 17883 2929 5096 17884 1607 5096 17885 1606 5047 17886 1604 5047 17887 2930 5047 17888 2931 5048 17889 1605 5048 17890 1607 5048 17891 2930 2214 17892 1604 2214 17893 1602 2214 17894 2931 5097 17895 2933 5097 17896 1603 5097 17897 1602 5098 17898 231 5098 17899 1369 5098 17900 1368 5099 17901 230 5099 17902 1603 5099 17903 2932 5100 17904 1369 5100 17905 1371 5100 17906 1370 704 17907 1368 704 17908 2933 704 17909 2944 5028 17910 2938 5028 17911 1371 5028 17912 2945 5081 17913 1372 5081 17914 1370 5081 17915 1608 706 17916 2944 706 17917 1373 706 17918 232 2224 17919 1372 2224 17920 2945 2224 17921 1610 5101 17922 2942 5101 17923 2944 5101 17924 1611 5102 17925 1609 5102 17926 2945 5102 17927 2941 5033 17928 2942 5033 17929 1610 5033 17930 1611 5034 17931 2943 5034 17932 2940 5034 17933 272 5103 17934 1492 5103 17935 2941 5103 17936 273 5036 17937 1613 5036 17938 2940 5036 17939 1490 5104 17940 2935 5104 17941 2941 5104 17942 2940 5105 17943 2934 5105 17944 1491 5105 17945 1490 5106 17946 1488 5106 17947 2928 5106 17948 1491 2564 17949 2934 2564 17950 2929 2564 17951 2946 5107 17952 2948 5107 17953 2954 5107 17954 2952 5108 17955 2955 5108 17956 2949 5108 17957 2954 5109 17958 2948 5109 17959 2950 5109 17960 2957 4945 17961 2951 4945 17962 2949 4945 17963 2959 2304 17964 2953 2304 17965 2954 2304 17966 2961 5110 17967 2955 5110 17968 2952 5110 17969 2960 1762 17970 2954 1762 17971 2956 1762 17972 2963 1963 17973 2957 1963 17974 2955 1963 17975 1494 5111 17976 272 5111 17977 1612 5111 17978 1495 5112 17979 2947 5112 17980 1613 5112 17981 1612 5113 17982 1610 5113 17983 2948 5113 17984 2949 5114 17985 1611 5114 17986 1613 5114 17987 2948 5115 17988 1610 5115 17989 1608 5115 17990 2949 5116 17991 2951 5116 17992 1609 5116 17993 1608 5117 17994 233 5117 17995 1375 5117 17996 2951 5118 17997 1374 5118 17998 232 5118 17999 2956 5119 18000 2950 5119 18001 1375 5119 18002 2957 5053 18003 1376 5053 18004 1374 5053 18005 2962 5028 18006 2956 5028 18007 1377 5028 18008 1378 2226 18009 1376 2226 18010 2957 2226 18011 2962 5120 18012 1379 5120 18013 235 5120 18014 234 1793 18015 1378 1793 18016 2963 1793 18017 2960 5121 18018 2962 5121 18019 1614 5121 18020 1617 5122 18021 1615 5122 18022 2963 5122 18023 2959 5057 18024 2960 5057 18025 1616 5057 18026 1617 4809 18027 2961 4809 18028 2958 4809 18029 274 5035 18030 1498 5035 18031 2959 5035 18032 275 5123 18033 1619 5123 18034 2958 5123 18035 1496 5104 18036 2953 5104 18037 2959 5104 18038 1499 5038 18039 2958 5038 18040 2952 5038 18041 1494 5087 18042 2946 5087 18043 2953 5087 18044 2952 5088 18045 2947 5088 18046 1495 5088 18047 2964 5124 18048 2966 5124 18049 2972 5124 18050 2973 5125 18051 2967 5125 18052 2965 5125 18053 2972 5126 18054 2966 5126 18055 2968 5126 18056 2973 2195 18057 2975 2195 18058 2969 2195 18059 2971 5127 18060 2972 5127 18061 2978 5127 18062 2979 5128 18063 2973 5128 18064 2970 5128 18065 2978 5129 18066 2972 5129 18067 2974 5129 18068 2981 2195 18069 2975 2195 18070 2973 2195 18071 1500 5130 18072 274 5130 18073 1618 5130 18074 1501 5131 18075 2965 5131 18076 1619 5131 18077 1618 5132 18078 1616 5132 18079 2966 5132 18080 2967 5048 18081 1617 5048 18082 1619 5048 18083 2966 2214 18084 1616 2214 18085 1614 2214 18086 2967 5133 18087 2969 5133 18088 1615 5133 18089 1614 5134 18090 235 5134 18091 1381 5134 18092 1380 5135 18093 234 5135 18094 1615 5135 18095 2968 5136 18096 1381 5136 18097 1383 5136 18098 1382 704 18099 1380 704 18100 2969 704 18101 2980 5137 18102 2974 5137 18103 1383 5137 18104 1384 4733 18105 1382 4733 18106 2975 4733 18107 1620 5138 18108 2980 5138 18109 1385 5138 18110 1621 5139 18111 236 5139 18112 1384 5139 18113 2978 5140 18114 2980 5140 18115 1620 5140 18116 1621 2367 18117 2981 2367 18118 2979 2367 18119 2977 5057 18120 2978 5057 18121 1622 5057 18122 1623 4809 18123 2979 4809 18124 2976 4809 18125 1504 5141 18126 2977 5141 18127 1624 5141 18128 1625 704 18129 2976 704 18130 1505 704 18131 1504 5142 18132 1502 5142 18133 2971 5142 18134 1505 5143 18135 2976 5143 18136 2970 5143 18137 1502 5144 18138 1500 5144 18139 2964 5144 18140 1503 5145 18141 2970 5145 18142 2965 5145 18143 2982 5124 18144 2984 5124 18145 2990 5124 18146 2988 5146 18147 2991 5146 18148 2985 5146 18149 2990 5109 18150 2984 5109 18151 2986 5109 18152 2993 4945 18153 2987 4945 18154 2985 4945 18155 2995 1796 18156 2989 1796 18157 2990 1796 18158 2997 5147 18159 2991 5147 18160 2988 5147 18161 2996 5148 18162 2990 5148 18163 2992 5148 18164 2999 2454 18165 2993 2454 18166 2991 2454 18167 1506 5149 18168 276 5149 18169 1624 5149 18170 2983 5073 18171 1625 5073 18172 277 5073 18173 1624 5150 18174 1622 5150 18175 2984 5150 18176 2985 5151 18177 1623 5151 18178 1625 5151 18179 1622 5152 18180 1620 5152 18181 2986 5152 18182 2987 5153 18183 1621 5153 18184 1623 5153 18185 2986 5154 18186 1620 5154 18187 237 5154 18188 2987 5155 18189 1386 5155 18190 236 5155 18191 2992 4714 18192 2986 4714 18193 1387 4714 18194 2993 5156 18195 1388 5156 18196 1386 5156 18197 2998 5157 18198 2992 5157 18199 1389 5157 18200 1390 5158 18201 1388 5158 18202 2993 5158 18203 2998 5159 18204 1391 5159 18205 239 5159 18206 238 5160 18207 1390 5160 18208 2999 5160 18209 2996 5140 18210 2998 5140 18211 1626 5140 18212 1629 5161 18213 1627 5161 18214 2999 5161 18215 2995 1903 18216 2996 1903 18217 1628 1903 18218 1629 5162 18219 2997 5162 18220 2994 5162 18221 278 5058 18222 1510 5058 18223 2995 5058 18224 279 5163 18225 1631 5163 18226 2994 5163 18227 1508 5164 18228 2989 5164 18229 2995 5164 18230 1511 5165 18231 2994 5165 18232 2988 5165 18233 1506 5166 18234 2982 5166 18235 2989 5166 18236 2988 2024 18237 2983 2024 18238 1507 2024 18239 3000 5167 18240 3002 5167 18241 3008 5167 18242 3006 5146 18243 3009 5146 18244 3003 5146 18245 3002 5168 18246 3004 5168 18247 3010 5168 18248 3011 5169 18249 3005 5169 18250 3003 5169 18251 3013 4751 18252 3007 4751 18253 3008 4751 18254 3015 5170 18255 3009 5170 18256 3006 5170 18257 3014 5171 18258 3008 5171 18259 3010 5171 18260 3017 4748 18261 3011 4748 18262 3009 4748 18263 1512 5172 18264 278 5172 18265 1630 5172 18266 1513 5173 18267 3001 5173 18268 1631 5173 18269 1630 5132 18270 1628 5132 18271 3002 5132 18272 3003 5048 18273 1629 5048 18274 1631 5048 18275 1628 5174 18276 1626 5174 18277 3004 5174 18278 3005 5175 18279 1627 5175 18280 1629 5175 18281 3004 5176 18282 1626 5176 18283 239 5176 18284 3005 5177 18285 1392 5177 18286 238 5177 18287 3010 5178 18288 3004 5178 18289 1393 5178 18290 3011 5179 18291 1394 5179 18292 1392 5179 18293 3016 5180 18294 3010 5180 18295 1395 5180 18296 3017 5181 18297 1396 5181 18298 1394 5181 18299 1632 706 18300 3016 706 18301 1397 706 18302 240 5182 18303 1396 5182 18304 3017 5182 18305 1634 5183 18306 3014 5183 18307 3016 5183 18308 1635 5184 18309 1633 5184 18310 3017 5184 18311 3013 5064 18312 3014 5064 18313 1634 5064 18314 1635 5185 18315 3015 5185 18316 3012 5185 18317 280 5186 18318 1516 5186 18319 3013 5186 18320 281 5163 18321 1637 5163 18322 3012 5163 18323 1514 5187 18324 3007 5187 18325 3013 5187 18326 3012 4804 18327 3006 4804 18328 1515 4804 18329 1512 5188 18330 3000 5188 18331 3007 5188 18332 3006 5189 18333 3001 5189 18334 1513 5189 18335 3018 5167 18336 3020 5167 18337 3026 5167 18338 3027 5190 18339 3021 5190 18340 3019 5190 18341 3026 5191 18342 3020 5191 18343 3022 5191 18344 3027 2024 18345 3029 2024 18346 3023 2024 18347 3031 2400 18348 3025 2400 18349 3026 2400 18350 3033 5192 18351 3027 5192 18352 3024 5192 18353 3032 5193 18354 3026 5193 18355 3028 5193 18356 3035 5194 18357 3029 5194 18358 3027 5194 18359 1518 5195 18360 280 5195 18361 1636 5195 18362 1519 5196 18363 3019 5196 18364 1637 5196 18365 1636 5132 18366 1634 5132 18367 3020 5132 18368 3021 5048 18369 1635 5048 18370 1637 5048 18371 3020 1911 18372 1634 1911 18373 1632 1911 18374 3021 5197 18375 3023 5197 18376 1633 5197 18377 1632 5198 18378 241 5198 18379 1399 5198 18380 1398 5199 18381 240 5199 18382 1633 5199 18383 3022 5136 18384 1399 5136 18385 1401 5136 18386 1400 704 18387 1398 704 18388 3023 704 18389 3034 5028 18390 3028 5028 18391 1401 5028 18392 1402 5200 18393 1400 5200 18394 3029 5200 18395 1638 706 18396 3034 706 18397 1403 706 18398 1639 5201 18399 242 5201 18400 1402 5201 18401 3032 5202 18402 3034 5202 18403 1638 5202 18404 1641 5203 18405 1639 5203 18406 3035 5203 18407 1642 5204 18408 3031 5204 18409 3032 5204 18410 1641 5205 18411 3033 5205 18412 3030 5205 18413 1522 5206 18414 3031 5206 18415 1642 5206 18416 1643 704 18417 3030 704 18418 1523 704 18419 1520 5207 18420 3025 5207 18421 3031 5207 18422 1523 5208 18423 3030 5208 18424 3024 5208 18425 1518 5209 18426 3018 5209 18427 3025 5209 18428 3024 2024 18429 3019 2024 18430 1519 2024 18431 3036 5210 18432 3038 5210 18433 3044 5210 18434 3045 5211 18435 3039 5211 18436 3037 5211 18437 3044 5212 18438 3038 5212 18439 3040 5212 18440 3045 1963 18441 3047 1963 18442 3041 1963 18443 3049 2574 18444 3043 2574 18445 3044 2574 18446 3051 5213 18447 3045 5213 18448 3042 5213 18449 3050 5214 18450 3044 5214 18451 3046 5214 18452 3053 5194 18453 3047 5194 18454 3045 5194 18455 1524 5215 18456 282 5215 18457 1642 5215 18458 3037 5216 18459 1643 5216 18460 283 5216 18461 1642 5217 18462 1640 5217 18463 3038 5217 18464 3039 5218 18465 1641 5218 18466 1643 5218 18467 1640 5219 18468 1638 5219 18469 3040 5219 18470 3039 5220 18471 3041 5220 18472 1639 5220 18473 1638 5221 18474 243 5221 18475 1405 5221 18476 3041 5222 18477 1404 5222 18478 242 5222 18479 3046 4768 18480 3040 4768 18481 1405 4768 18482 1406 5223 18483 1404 5223 18484 3041 5223 18485 3052 5224 18486 3046 5224 18487 1407 5224 18488 1408 5225 18489 1406 5225 18490 3047 5225 18491 3052 5159 18492 1409 5159 18493 245 5159 18494 1645 5226 18495 244 5226 18496 1408 5226 18497 3050 4631 18498 3052 4631 18499 1644 4631 18500 1647 5227 18501 1645 5227 18502 3053 5227 18503 1648 5228 18504 3049 5228 18505 3050 5228 18506 1647 5229 18507 3051 5229 18508 3048 5229 18509 1528 5230 18510 3049 5230 18511 1648 5230 18512 1649 704 18513 3048 704 18514 1529 704 18515 1526 5231 18516 3043 5231 18517 3049 5231 18518 1529 5232 18519 3048 5232 18520 3042 5232 18521 1524 5209 18522 3036 5209 18523 3043 5209 18524 1527 5233 18525 3042 5233 18526 3037 5233 18527 3054 5167 18528 3056 5167 18529 3062 5167 18530 3060 5234 18531 3063 5234 18532 3057 5234 18533 3062 5235 18534 3056 5235 18535 3058 5235 18536 3063 5194 18537 3065 5194 18538 3059 5194 18539 3061 5236 18540 3062 5236 18541 3068 5236 18542 3069 5237 18543 3063 5237 18544 3060 5237 18545 3068 5238 18546 3062 5238 18547 3064 5238 18548 3071 5239 18549 3065 5239 18550 3063 5239 18551 1530 5240 18552 284 5240 18553 1648 5240 18554 3055 5241 18555 1649 5241 18556 285 5241 18557 1648 5242 18558 1646 5242 18559 3056 5242 18560 3055 5243 18561 3057 5243 18562 1647 5243 18563 3056 5244 18564 1646 5244 18565 1644 5244 18566 3057 5245 18567 3059 5245 18568 1645 5245 18569 1644 5246 18570 245 5246 18571 1411 5246 18572 1410 5247 18573 244 5247 18574 1645 5247 18575 3058 5248 18576 1411 5248 18577 1413 5248 18578 1412 704 18579 1410 704 18580 3059 704 18581 3070 5249 18582 3064 5249 18583 1413 5249 18584 1414 5250 18585 1412 5250 18586 3065 5250 18587 1650 5251 18588 3070 5251 18589 1415 5251 18590 1651 5201 18591 246 5201 18592 1414 5201 18593 3068 5252 18594 3070 5252 18595 1650 5252 18596 1651 5253 18597 3071 5253 18598 3069 5253 18599 1654 5254 18600 3067 5254 18601 3068 5254 18602 1655 5255 18603 1653 5255 18604 3069 5255 18605 1534 5256 18606 3067 5256 18607 1654 5256 18608 1655 704 18609 3066 704 18610 1535 704 18611 1532 5207 18612 3061 5207 18613 3067 5207 18614 1535 5257 18615 3066 5257 18616 3060 5257 18617 1532 5258 18618 1530 5258 18619 3054 5258 18620 1533 5259 18621 3060 5259 18622 3055 5259 18623 3079 5260 18624 3072 5260 18625 3074 5260 18626 3078 5261 18627 3081 5261 18628 3075 5261 18629 3074 5168 18630 3076 5168 18631 3082 5168 18632 3083 5262 18633 3077 5262 18634 3075 5262 18635 3085 1727 18636 3079 1727 18637 3080 1727 18638 3084 5043 18639 3087 5043 18640 3081 5043 18641 3080 5263 18642 3082 5263 18643 3088 5263 18644 3089 1746 18645 3083 1746 18646 3081 1746 18647 1536 5264 18648 286 5264 18649 1654 5264 18650 3073 5265 18651 1655 5265 18652 287 5265 18653 3072 5266 18654 1654 5266 18655 1652 5266 18656 3073 5267 18657 3075 5267 18658 1653 5267 18659 1652 5268 18660 1650 5268 18661 3076 5268 18662 3077 5269 18663 1651 5269 18664 1653 5269 18665 1650 5221 18666 247 5221 18667 1417 5221 18668 3077 5270 18669 1416 5270 18670 246 5270 18671 3076 5100 18672 1417 5100 18673 1419 5100 18674 3083 5271 18675 1418 5271 18676 1416 5271 18677 3088 5272 18678 3082 5272 18679 1419 5272 18680 1420 5200 18681 1418 5200 18682 3083 5200 18683 1656 706 18684 3088 706 18685 1421 706 18686 1657 5273 18687 248 5273 18688 1420 5273 18689 3086 5252 18690 3088 5252 18691 1656 5252 18692 1657 5253 18693 3089 5253 18694 3087 5253 18695 1660 5274 18696 3085 5274 18697 3086 5274 18698 1661 5275 18699 1659 5275 18700 3087 5275 18701 1540 5256 18702 3085 5256 18703 1660 5256 18704 1661 704 18705 3084 704 18706 1541 704 18707 1538 5276 18708 3079 5276 18709 3085 5276 18710 1541 5277 18711 3084 5277 18712 3078 5277 18713 1538 5278 18714 1536 5278 18715 3072 5278 18716 1539 5279 18717 3078 5279 18718 3073 5279 18719 3090 5124 18720 3092 5124 18721 3098 5124 18722 3099 5125 18723 3093 5125 18724 3091 5125 18725 3098 5126 18726 3092 5126 18727 3094 5126 18728 3099 5280 18729 3101 5280 18730 3095 5280 18731 3103 5281 18732 3097 5281 18733 3098 5281 18734 3105 5147 18735 3099 5147 18736 3096 5147 18737 3104 5282 18738 3098 5282 18739 3100 5282 18740 3105 5283 18741 3107 5283 18742 3101 5283 18743 288 5284 18744 1660 5284 18745 3090 5284 18746 3091 5285 18747 1661 5285 18748 289 5285 18749 3090 5286 18750 1660 5286 18751 1658 5286 18752 3091 5287 18753 3093 5287 18754 1659 5287 18755 1658 5288 18756 1656 5288 18757 3094 5288 18758 3093 5289 18759 3095 5289 18760 1657 5289 18761 1656 5290 18762 249 5290 18763 1423 5290 18764 3095 5291 18765 1422 5291 18766 248 5291 18767 3094 5100 18768 1423 5100 18769 1425 5100 18770 1424 704 18771 1422 704 18772 3095 704 18773 3100 5292 18774 1425 5292 18775 1427 5292 18776 1426 5293 18777 1424 5293 18778 3101 5293 18779 3106 5294 18780 1427 5294 18781 251 5294 18782 250 5295 18783 1426 5295 18784 3107 5295 18785 3104 5121 18786 3106 5121 18787 1662 5121 18788 1665 5122 18789 1663 5122 18790 3107 5122 18791 1666 2194 18792 3103 2194 18793 3104 2194 18794 1667 5296 18795 1665 5296 18796 3105 5296 18797 1546 5230 18798 3103 5230 18799 1666 5230 18800 1667 704 18801 3102 704 18802 1547 704 18803 1546 5028 18804 1544 5028 18805 3097 5028 18806 1547 5297 18807 3102 5297 18808 3096 5297 18809 1544 5278 18810 1542 5278 18811 3090 5278 18812 1545 5145 18813 3096 5145 18814 3091 5145 18815 3108 5298 18816 3110 5298 18817 3116 5298 18818 3117 5299 18819 3111 5299 18820 3109 5299 18821 3116 5300 18822 3110 5300 18823 3112 5300 18824 3117 5280 18825 3119 5280 18826 3113 5280 18827 3115 5301 18828 3116 5301 18829 3122 5301 18830 3123 5302 18831 3117 5302 18832 3114 5302 18833 3122 5303 18834 3116 5303 18835 3118 5303 18836 3123 5304 18837 3125 5304 18838 3119 5304 18839 290 5305 18840 1666 5305 18841 3108 5305 18842 3109 5306 18843 1667 5306 18844 291 5306 18845 3108 5307 18846 1666 5307 18847 1664 5307 18848 3109 5308 18849 3111 5308 18850 1665 5308 18851 1664 5309 18852 1662 5309 18853 3112 5309 18854 3113 5310 18855 1663 5310 18856 1665 5310 18857 1662 5311 18858 251 5311 18859 1429 5311 18860 3113 5312 18861 1428 5312 18862 250 5312 18863 3112 5313 18864 1429 5313 18865 1431 5313 18866 3119 5314 18867 1430 5314 18868 1428 5314 18869 3124 5315 18870 3118 5315 18871 1431 5315 18872 3125 5316 18873 1432 5316 18874 1430 5316 18875 1668 706 18876 3124 706 18877 1433 706 18878 252 5317 18879 1432 5317 18880 3125 5317 18881 3122 5318 18882 3124 5318 18883 1668 5318 18884 1669 5319 18885 3125 5319 18886 3123 5319 18887 1672 5320 18888 3121 5320 18889 3122 5320 18890 1673 5296 18891 1671 5296 18892 3123 5296 18893 1552 5321 18894 3121 5321 18895 1672 5321 18896 1673 704 18897 3120 704 18898 1553 704 18899 1550 5322 18900 3115 5322 18901 3121 5322 18902 1553 5143 18903 3120 5143 18904 3114 5143 18905 1548 5323 18906 3108 5323 18907 3115 5323 18908 3114 2024 18909 3109 2024 18910 1549 2024 18911 3126 5324 18912 3128 5324 18913 3134 5324 18914 3132 5325 18915 3135 5325 18916 3129 5325 18917 3134 5109 18918 3128 5109 18919 3130 5109 18920 3137 4945 18921 3131 4945 18922 3129 4945 18923 3133 5326 18924 3134 5326 18925 3140 5326 18926 3141 5019 18927 3135 5019 18928 3132 5019 18929 3140 5327 18930 3134 5327 18931 3136 5327 18932 3141 5328 18933 3143 5328 18934 3137 5328 18935 1554 5329 18936 292 5329 18937 1672 5329 18938 3127 5330 18939 1673 5330 18940 293 5330 18941 3126 5331 18942 1672 5331 18943 1670 5331 18944 3127 5332 18945 3129 5332 18946 1671 5332 18947 3128 2304 18948 1670 2304 18949 1668 2304 18950 3129 5333 18951 3131 5333 18952 1669 5333 18953 1668 5311 18954 253 5311 18955 1435 5311 18956 1434 5334 18957 252 5334 18958 1669 5334 18959 3130 5335 18960 1435 5335 18961 1437 5335 18962 1436 5336 18963 1434 5336 18964 3131 5336 18965 3142 5337 18966 3136 5337 18967 1437 5337 18968 1438 5338 18969 1436 5338 18970 3137 5338 18971 1674 706 18972 3142 706 18973 1439 706 18974 1675 5339 18975 254 5339 18976 1438 5339 18977 1676 5340 18978 3140 5340 18979 3142 5340 18980 1677 5122 18981 1675 5122 18982 3143 5122 18983 1678 5341 18984 3139 5341 18985 3140 5341 18986 1677 5085 18987 3141 5085 18988 3138 5085 18989 1558 5086 18990 3139 5086 18991 1678 5086 18992 1679 704 18993 3138 704 18994 1559 704 18995 1556 5322 18996 3133 5322 18997 3139 5322 18998 1559 5143 18999 3138 5143 19000 3132 5143 19001 1556 5342 19002 1554 5342 19003 3126 5342 19004 1557 5145 19005 3132 5145 19006 3127 5145 19007 3144 5324 19008 3146 5324 19009 3152 5324 19010 3153 5125 19011 3147 5125 19012 3145 5125 19013 3152 5109 19014 3146 5109 19015 3148 5109 19016 3153 5343 19017 3155 5343 19018 3149 5343 19019 3151 5344 19020 3152 5344 19021 3158 5344 19022 3159 5345 19023 3153 5345 19024 3150 5345 19025 3158 1814 19026 3152 1814 19027 3154 1814 19028 3159 5283 19029 3161 5283 19030 3155 5283 19031 294 5346 19032 1678 5346 19033 3144 5346 19034 3145 5347 19035 1679 5347 19036 295 5347 19037 3144 4578 19038 1678 4578 19039 1676 4578 19040 3145 5287 19041 3147 5287 19042 1677 5287 19043 1676 5348 19044 1674 5348 19045 3148 5348 19046 3147 5049 19047 3149 5049 19048 1675 5049 19049 3148 5349 19050 1674 5349 19051 255 5349 19052 3149 5312 19053 1440 5312 19054 254 5312 19055 3154 5350 19056 3148 5350 19057 1441 5350 19058 3155 5271 19059 1442 5271 19060 1440 5271 19061 3160 5028 19062 3154 5028 19063 1443 5028 19064 1444 2226 19065 1442 2226 19066 3155 2226 19067 1680 706 19068 3160 706 19069 1445 706 19070 256 2092 19071 1444 2092 19072 3161 2092 19073 3158 5351 19074 3160 5351 19075 1680 5351 19076 1683 5032 19077 1681 5032 19078 3161 5032 19079 1684 5352 19080 3157 5352 19081 3158 5352 19082 1685 2064 19083 1683 2064 19084 3159 2064 19085 1564 5230 19086 3157 5230 19087 1684 5230 19088 1685 704 19089 3156 704 19090 1565 704 19091 1562 5353 19092 3151 5353 19093 3157 5353 19094 1565 5354 19095 3156 5354 19096 3150 5354 19097 1560 5355 19098 3144 5355 19099 3151 5355 19100 3150 5356 19101 3145 5356 19102 1561 5356 19103 3169 5064 19104 3162 5064 19105 3164 5064 19106 3168 5357 19107 3171 5357 19108 3165 5357 19109 3164 5358 19110 3166 5358 19111 3172 5358 19112 3173 4957 19113 3167 4957 19114 3165 4957 19115 3175 2527 19116 3169 2527 19117 3170 2527 19118 3177 5359 19119 3171 5359 19120 3168 5359 19121 3176 1814 19122 3170 1814 19123 3172 1814 19124 3177 5283 19125 3179 5283 19126 3173 5283 19127 296 5346 19128 1684 5346 19129 3162 5346 19130 3163 5347 19131 1685 5347 19132 297 5347 19133 3162 4685 19134 1684 4685 19135 1682 4685 19136 3163 5332 19137 3165 5332 19138 1683 5332 19139 1682 5360 19140 1680 5360 19141 3166 5360 19142 3167 2247 19143 1681 2247 19144 1683 2247 19145 3166 5361 19146 1680 5361 19147 257 5361 19148 3167 5312 19149 1446 5312 19150 256 5312 19151 3172 5350 19152 3166 5350 19153 1447 5350 19154 3173 5314 19155 1448 5314 19156 1446 5314 19157 3178 5028 19158 3172 5028 19159 1449 5028 19160 3179 5362 19161 1450 5362 19162 1448 5362 19163 1686 706 19164 3178 706 19165 1451 706 19166 1687 5339 19167 258 5339 19168 1450 5339 19169 3176 5121 19170 3178 5121 19171 1686 5121 19172 1687 1900 19173 3179 1900 19174 3177 1900 19175 1690 5341 19176 3175 5341 19177 3176 5341 19178 1691 2064 19179 1689 2064 19180 3177 2064 19181 1570 5086 19182 3175 5086 19183 1690 5086 19184 1691 704 19185 3174 704 19186 1571 704 19187 1568 5060 19188 3169 5060 19189 3175 5060 19190 3174 5363 19191 3168 5363 19192 1569 5363 19193 1566 5062 19194 3162 5062 19195 3169 5062 19196 3168 5063 19197 3163 5063 19198 1567 5063 19199 3180 5364 19200 3182 5364 19201 3188 5364 19202 3186 5365 19203 3189 5365 19204 3183 5365 19205 3188 5366 19206 3182 5366 19207 3184 5366 19208 3191 4931 19209 3185 4931 19210 3183 4931 19211 3193 2236 19212 3187 2236 19213 3188 2236 19214 3192 5367 19215 3195 5367 19216 3189 5367 19217 3188 5368 19218 3190 5368 19219 3196 5368 19220 3197 2197 19221 3191 2197 19222 3189 2197 19223 298 5369 19224 1690 5369 19225 3180 5369 19226 3181 5370 19227 1691 5370 19228 299 5370 19229 3180 4943 19230 1690 4943 19231 1688 4943 19232 3181 5371 19233 3183 5371 19234 1689 5371 19235 1688 5372 19236 1686 5372 19237 3184 5372 19238 3183 5373 19239 3185 5373 19240 1687 5373 19241 1686 5374 19242 259 5374 19243 1453 5374 19244 3185 5375 19245 1452 5375 19246 258 5375 19247 3184 5313 19248 1453 5313 19249 1455 5313 19250 1454 704 19251 1452 704 19252 3185 704 19253 3196 5376 19254 3190 5376 19255 1455 5376 19256 3197 5377 19257 1456 5377 19258 1454 5377 19259 1692 5378 19260 3196 5378 19261 1457 5378 19262 1693 5379 19263 260 5379 19264 1456 5379 19265 3194 5380 19266 3196 5380 19267 1692 5380 19268 1693 5381 19269 3197 5381 19270 3195 5381 19271 1696 2194 19272 3193 2194 19273 3194 2194 19274 1697 5382 19275 1695 5382 19276 3195 5382 19277 1576 5230 19278 3193 5230 19279 1696 5230 19280 1697 704 19281 3192 704 19282 1577 704 19283 1574 5353 19284 3187 5353 19285 3193 5353 19286 3192 5383 19287 3186 5383 19288 1575 5383 19289 1574 5384 19290 1572 5384 19291 3180 5384 19292 1575 5145 19293 3186 5145 19294 3181 5145 19295 3198 5324 19296 3200 5324 19297 3206 5324 19298 3207 5125 19299 3201 5125 19300 3199 5125 19301 3206 5109 19302 3200 5109 19303 3202 5109 19304 3209 4945 19305 3203 4945 19306 3201 4945 19307 3211 2527 19308 3205 2527 19309 3206 2527 19310 3210 5385 19311 3213 5385 19312 3207 5385 19313 3206 5386 19314 3208 5386 19315 3214 5386 19316 3215 1963 19317 3209 1963 19318 3207 1963 19319 300 5369 19320 1696 5369 19321 3198 5369 19322 3199 5370 19323 1697 5370 19324 301 5370 19325 3198 4943 19326 1696 4943 19327 1694 4943 19328 3199 5287 19329 3201 5287 19330 1695 5287 19331 1694 5387 19332 1692 5387 19333 3202 5387 19334 3203 5388 19335 1693 5388 19336 1695 5388 19337 1692 5389 19338 261 5389 19339 1459 5389 19340 3203 5390 19341 1458 5390 19342 260 5390 19343 3202 5335 19344 1459 5335 19345 1461 5335 19346 1460 5336 19347 1458 5336 19348 3203 5336 19349 3214 5376 19350 3208 5376 19351 1461 5376 19352 1462 2618 19353 1460 2618 19354 3209 2618 19355 1699 5391 19356 3214 5391 19357 1463 5391 19358 1698 5392 19359 262 5392 19360 1462 5392 19361 3212 5393 19362 3214 5393 19363 1699 5393 19364 1698 5394 19365 3215 5394 19366 3213 5394 19367 3211 5395 19368 3212 5395 19369 1701 5395 19370 1700 5396 19371 3213 5396 19372 3210 5396 19373 302 5397 19374 1582 5397 19375 3211 5397 19376 303 5398 19377 1702 5398 19378 3210 5398 19379 1582 2158 19380 1580 2158 19381 3205 2158 19382 1583 5399 19383 3210 5399 19384 3204 5399 19385 1580 5342 19386 1578 5342 19387 3198 5342 19388 1581 5400 19389 3204 5400 19390 3199 5400 19391 3223 5401 19392 3216 5401 19393 3218 5401 19394 3225 5402 19395 3219 5402 19396 3217 5402 19397 3224 5403 19398 3218 5403 19399 3220 5403 19400 3227 5404 19401 3221 5404 19402 3219 5404 19403 3223 5405 19404 3224 5405 19405 3230 5405 19406 3228 5406 19407 3231 5406 19408 3225 5406 19409 3224 5407 19410 3226 5407 19411 3232 5407 19412 3231 5408 19413 3233 5408 19414 3227 5408 19415 515 1109 19416 39 1109 19417 1705 1109 19418 3217 1120 19419 1704 1120 19420 38 1120 19421 1705 5409 19422 1707 5409 19423 3218 5409 19424 3217 5410 19425 3219 5410 19426 1706 5410 19427 1707 5411 19428 1709 5411 19429 3220 5411 19430 3221 5412 19431 1708 5412 19432 1706 5412 19433 3220 5413 19434 1709 5413 19435 305 5413 19436 3221 5414 19437 1753 5414 19438 304 5414 19439 3220 5415 19440 1752 5415 19441 1754 5415 19442 3227 5416 19443 1755 5416 19444 1753 5416 19445 3226 5417 19446 1754 5417 19447 1756 5417 19448 3233 5418 19449 1757 5418 19450 1755 5418 19451 3232 5419 19452 1756 5419 19453 312 5419 19454 313 5420 19455 1757 5420 19456 3233 5420 19457 3230 5421 19458 3232 5421 19459 1732 5421 19460 1733 5422 19461 3233 5422 19462 3231 5422 19463 1728 5423 19464 3229 5423 19465 3230 5423 19466 1731 5424 19467 3231 5424 19468 3228 5424 19469 511 3966 19470 3229 3966 19471 1728 3966 19472 42 5425 19473 1729 5425 19474 3228 5425 19475 513 5426 19476 3223 5426 19477 3229 5426 19478 510 5427 19479 3228 5427 19480 3222 5427 19481 513 1109 19482 515 1109 19483 3216 1109 19484 3222 1120 19485 3217 1120 19486 514 1120 19487 3234 5428 19488 3236 5428 19489 3242 5428 19490 3243 5429 19491 3237 5429 19492 3235 5429 19493 3242 5430 19494 3236 5430 19495 3238 5430 19496 3245 5431 19497 3239 5431 19498 3237 5431 19499 3247 5432 19500 3241 5432 19501 3242 5432 19502 3246 5433 19503 3249 5433 19504 3243 5433 19505 3248 5434 19506 3242 5434 19507 3244 5434 19508 3251 1120 19509 3245 1120 19510 3243 1120 19511 1752 5435 19512 305 5435 19513 1711 5435 19514 3235 2781 19515 1710 2781 19516 304 2781 19517 3234 1109 19518 1711 1109 19519 1713 1109 19520 3237 5436 19521 1712 5436 19522 1710 5436 19523 1713 5437 19524 1715 5437 19525 3238 5437 19526 3237 5438 19527 3239 5438 19528 1714 5438 19529 1715 5439 19530 307 5439 19531 1758 5439 19532 3239 5440 19533 1759 5440 19534 306 5440 19535 3238 5441 19536 1758 5441 19537 1760 5441 19538 3245 5442 19539 1761 5442 19540 1759 5442 19541 3244 5443 19542 1760 5443 19543 1762 5443 19544 3251 5444 19545 1763 5444 19546 1761 5444 19547 1738 2653 19548 3250 2653 19549 1762 2653 19550 315 5445 19551 1763 5445 19552 3251 5445 19553 3248 5446 19554 3250 5446 19555 1738 5446 19556 1739 5447 19557 3251 5447 19558 3249 5447 19559 3247 5448 19560 3248 5448 19561 1736 5448 19562 1735 2809 19563 1737 2809 19564 3249 2809 19565 1756 5449 19566 3247 5449 19567 1734 5449 19568 1735 5450 19569 3246 5450 19570 1757 5450 19571 1754 5451 19572 3241 5451 19573 3247 5451 19574 1757 5452 19575 3246 5452 19576 3240 5452 19577 1752 5453 19578 3234 5453 19579 3241 5453 19580 1755 5454 19581 3240 5454 19582 3235 5454 19583 3259 5455 19584 3252 5455 19585 3254 5455 19586 3261 5456 19587 3255 5456 19588 3253 5456 19589 3260 5457 19590 3254 5457 19591 3256 5457 19592 3263 5458 19593 3257 5458 19594 3255 5458 19595 3265 5459 19596 3259 5459 19597 3260 5459 19598 3267 5460 19599 3261 5460 19600 3258 5460 19601 3266 5461 19602 3260 5461 19603 3262 5461 19604 3269 5462 19605 3263 5462 19606 3261 5462 19607 1758 2667 19608 307 2667 19609 1717 2667 19610 3253 5463 19611 1716 5463 19612 306 5463 19613 3252 5464 19614 1717 5464 19615 1719 5464 19616 3255 5465 19617 1718 5465 19618 1716 5465 19619 1719 5466 19620 1721 5466 19621 3256 5466 19622 3255 5467 19623 3257 5467 19624 1720 5467 19625 1721 5468 19626 309 5468 19627 1764 5468 19628 3257 5469 19629 1765 5469 19630 308 5469 19631 3256 5470 19632 1764 5470 19633 1766 5470 19634 3263 5471 19635 1767 5471 19636 1765 5471 19637 3262 5472 19638 1766 5472 19639 1768 5472 19640 3269 5473 19641 1769 5473 19642 1767 5473 19643 1744 2689 19644 3268 2689 19645 1768 2689 19646 317 5474 19647 1769 5474 19648 3269 5474 19649 1742 5475 19650 3266 5475 19651 3268 5475 19652 1745 5476 19653 3269 5476 19654 3267 5476 19655 3265 5477 19656 3266 5477 19657 1742 5477 19658 1741 5478 19659 1743 5478 19660 3267 5478 19661 1762 5479 19662 3265 5479 19663 1740 5479 19664 1741 1120 19665 3264 1120 19666 1763 1120 19667 1760 5480 19668 3259 5480 19669 3265 5480 19670 1763 5481 19671 3264 5481 19672 3258 5481 19673 1758 5482 19674 3252 5482 19675 3259 5482 19676 1761 5483 19677 3258 5483 19678 3253 5483 19679 3277 5484 19680 3270 5484 19681 3272 5484 19682 3279 5485 19683 3273 5485 19684 3271 5485 19685 3278 5486 19686 3272 5486 19687 3274 5486 19688 3281 5431 19689 3275 5431 19690 3273 5431 19691 3283 5487 19692 3277 5487 19693 3278 5487 19694 3285 5488 19695 3279 5488 19696 3276 5488 19697 3284 5489 19698 3278 5489 19699 3280 5489 19700 3287 1120 19701 3281 1120 19702 3279 1120 19703 1764 5490 19704 309 5490 19705 1723 5490 19706 3271 5491 19707 1722 5491 19708 308 5491 19709 3270 1109 19710 1723 1109 19711 1725 1109 19712 3273 5492 19713 1724 5492 19714 1722 5492 19715 1725 2689 19716 1727 2689 19717 3274 2689 19718 3273 5493 19719 3275 5493 19720 1726 5493 19721 1727 5494 19722 311 5494 19723 1771 5494 19724 3275 5495 19725 1770 5495 19726 310 5495 19727 3280 2848 19728 3274 2848 19729 1771 2848 19730 3281 5496 19731 1772 5496 19732 1770 5496 19733 3286 5497 19734 3280 5497 19735 1773 5497 19736 1774 5498 19737 1772 5498 19738 3281 5498 19739 1750 5499 19740 3286 5499 19741 1775 5499 19742 319 5500 19743 1774 5500 19744 3287 5500 19745 3284 5501 19746 3286 5501 19747 1750 5501 19748 1751 5502 19749 3287 5502 19750 3285 5502 19751 3283 5503 19752 3284 5503 19753 1748 5503 19754 1747 5504 19755 1749 5504 19756 3285 5504 19757 1768 1109 19758 3283 1109 19759 1746 1109 19760 317 5505 19761 1747 5505 19762 3282 5505 19763 1766 5506 19764 3277 5506 19765 3283 5506 19766 1769 5507 19767 3282 5507 19768 3276 5507 19769 1764 5508 19770 3270 5508 19771 3277 5508 19772 1767 5509 19773 3276 5509 19774 3271 5509 19775 3295 5510 19776 3288 5510 19777 3290 5510 19778 3297 5511 19779 3291 5511 19780 3289 5511 19781 3296 5512 19782 3290 5512 19783 3292 5512 19784 3299 5513 19785 3293 5513 19786 3291 5513 19787 3295 5514 19788 3296 5514 19789 3302 5514 19790 3300 5515 19791 3303 5515 19792 3297 5515 19793 3296 5516 19794 3298 5516 19795 3304 5516 19796 3303 5517 19797 3305 5517 19798 3299 5517 19799 677 1120 19800 75 1120 19801 1801 1120 19802 3289 1109 19803 1800 1109 19804 74 1109 19805 1801 5518 19806 1803 5518 19807 3290 5518 19808 3289 5519 19809 3291 5519 19810 1802 5519 19811 1803 5520 19812 1805 5520 19813 3292 5520 19814 3293 5521 19815 1804 5521 19816 1802 5521 19817 3292 5522 19818 1805 5522 19819 329 5522 19820 3293 5523 19821 1825 5523 19822 328 5523 19823 3292 5524 19824 1824 5524 19825 1826 5524 19826 3299 5525 19827 1827 5525 19828 1825 5525 19829 3298 5526 19830 1826 5526 19831 1828 5526 19832 3305 5527 19833 1829 5527 19834 1827 5527 19835 3304 5528 19836 1828 5528 19837 320 5528 19838 321 5529 19839 1829 5529 19840 3305 5529 19841 3302 5530 19842 3304 5530 19843 1780 5530 19844 1781 5531 19845 3305 5531 19846 3303 5531 19847 1776 5532 19848 3301 5532 19849 3302 5532 19850 1779 5533 19851 3303 5533 19852 3300 5533 19853 673 4242 19854 3301 4242 19855 1776 4242 19856 78 5534 19857 1777 5534 19858 3300 5534 19859 675 5535 19860 3295 5535 19861 3301 5535 19862 672 5536 19863 3300 5536 19864 3294 5536 19865 675 1120 19866 677 1120 19867 3288 1120 19868 3294 1109 19869 3289 1109 19870 676 1109 19871 3306 5537 19872 3308 5537 19873 3314 5537 19874 3315 5538 19875 3309 5538 19876 3307 5538 19877 3314 5539 19878 3308 5539 19879 3310 5539 19880 3317 5540 19881 3311 5540 19882 3309 5540 19883 3319 5541 19884 3313 5541 19885 3314 5541 19886 3318 5542 19887 3321 5542 19888 3315 5542 19889 3320 5543 19890 3314 5543 19891 3316 5543 19892 3323 1109 19893 3317 1109 19894 3315 1109 19895 1824 5544 19896 329 5544 19897 1807 5544 19898 3307 2667 19899 1806 2667 19900 328 2667 19901 3306 1120 19902 1807 1120 19903 1809 1120 19904 3309 5545 19905 1808 5545 19906 1806 5545 19907 1809 5546 19908 1811 5546 19909 3310 5546 19910 3309 5547 19911 3311 5547 19912 1810 5547 19913 1811 5548 19914 331 5548 19915 1830 5548 19916 3311 5549 19917 1831 5549 19918 330 5549 19919 3310 5550 19920 1830 5550 19921 1832 5550 19922 3317 5551 19923 1833 5551 19924 1831 5551 19925 3316 5552 19926 1832 5552 19927 1834 5552 19928 3323 5553 19929 1835 5553 19930 1833 5553 19931 1786 2767 19932 3322 2767 19933 1834 2767 19934 323 5554 19935 1835 5554 19936 3323 5554 19937 3320 5555 19938 3322 5555 19939 1786 5555 19940 1787 5556 19941 3323 5556 19942 3321 5556 19943 3319 5557 19944 3320 5557 19945 1784 5557 19946 1783 2695 19947 1785 2695 19948 3321 2695 19949 1828 5558 19950 3319 5558 19951 1782 5558 19952 1783 5559 19953 3318 5559 19954 1829 5559 19955 1826 5560 19956 3313 5560 19957 3319 5560 19958 1829 5561 19959 3318 5561 19960 3312 5561 19961 1824 5562 19962 3306 5562 19963 3313 5562 19964 1827 5563 19965 3312 5563 19966 3307 5563 19967 3331 5564 19968 3324 5564 19969 3326 5564 19970 3333 5565 19971 3327 5565 19972 3325 5565 19973 3332 5566 19974 3326 5566 19975 3328 5566 19976 3335 5567 19977 3329 5567 19978 3327 5567 19979 3337 5568 19980 3331 5568 19981 3332 5568 19982 3339 5569 19983 3333 5569 19984 3330 5569 19985 3338 5570 19986 3332 5570 19987 3334 5570 19988 3341 5571 19989 3335 5571 19990 3333 5571 19991 1830 2781 19992 331 2781 19993 1813 2781 19994 3325 5572 19995 1812 5572 19996 330 5572 19997 3324 5573 19998 1813 5573 19999 1815 5573 20000 3327 5574 20001 1814 5574 20002 1812 5574 20003 1815 5575 20004 1817 5575 20005 3328 5575 20006 3327 5576 20007 3329 5576 20008 1816 5576 20009 1817 5577 20010 333 5577 20011 1836 5577 20012 3329 5578 20013 1837 5578 20014 332 5578 20015 3328 5579 20016 1836 5579 20017 1838 5579 20018 3335 5580 20019 1839 5580 20020 1837 5580 20021 3334 5581 20022 1838 5581 20023 1840 5581 20024 3341 5582 20025 1841 5582 20026 1839 5582 20027 1792 2803 20028 3340 2803 20029 1840 2803 20030 325 5583 20031 1841 5583 20032 3341 5583 20033 1790 5584 20034 3338 5584 20035 3340 5584 20036 1793 5585 20037 3341 5585 20038 3339 5585 20039 3337 5586 20040 3338 5586 20041 1790 5586 20042 1789 5587 20043 1791 5587 20044 3339 5587 20045 1834 5588 20046 3337 5588 20047 1788 5588 20048 1789 1109 20049 3336 1109 20050 1835 1109 20051 1832 5589 20052 3331 5589 20053 3337 5589 20054 1835 5590 20055 3336 5590 20056 3330 5590 20057 1830 5591 20058 3324 5591 20059 3331 5591 20060 1833 5592 20061 3330 5592 20062 3325 5592 20063 3349 5593 20064 3342 5593 20065 3344 5593 20066 3351 5594 20067 3345 5594 20068 3343 5594 20069 3350 5595 20070 3344 5595 20071 3346 5595 20072 3353 5540 20073 3347 5540 20074 3345 5540 20075 3355 5596 20076 3349 5596 20077 3350 5596 20078 3357 5597 20079 3351 5597 20080 3348 5597 20081 3356 5598 20082 3350 5598 20083 3352 5598 20084 3359 1109 20085 3353 1109 20086 3351 1109 20087 1836 5599 20088 333 5599 20089 1819 5599 20090 3343 5600 20091 1818 5600 20092 332 5600 20093 3342 1120 20094 1819 1120 20095 1821 1120 20096 3345 5601 20097 1820 5601 20098 1818 5601 20099 1821 2803 20100 1823 2803 20101 3346 2803 20102 3345 5602 20103 3347 5602 20104 1822 5602 20105 1823 5603 20106 335 5603 20107 1843 5603 20108 3347 5604 20109 1842 5604 20110 334 5604 20111 3352 2734 20112 3346 2734 20113 1843 2734 20114 3353 5605 20115 1844 5605 20116 1842 5605 20117 3358 5606 20118 3352 5606 20119 1845 5606 20120 1846 5607 20121 1844 5607 20122 3353 5607 20123 1798 5608 20124 3358 5608 20125 1847 5608 20126 327 5609 20127 1846 5609 20128 3359 5609 20129 3356 5610 20130 3358 5610 20131 1798 5610 20132 1799 5611 20133 3359 5611 20134 3357 5611 20135 3355 5612 20136 3356 5612 20137 1796 5612 20138 1795 5613 20139 1797 5613 20140 3357 5613 20141 1840 1120 20142 3355 1120 20143 1794 1120 20144 325 5614 20145 1795 5614 20146 3354 5614 20147 1838 5615 20148 3349 5615 20149 3355 5615 20150 1841 5616 20151 3354 5616 20152 3348 5616 20153 1836 5617 20154 3342 5617 20155 3349 5617 20156 1839 5618 20157 3348 5618 20158 3343 5618 20159</p>
        </triangles>
      </mesh>
    </geometry>
  </library_geometries>
  <library_visual_scenes>
    <visual_scene id="Scene" name="Scene">
      <node id="Boards--col" name="Boards--col" type="NODE">
        <matrix sid="transform">1 0 0 0 0 1 0 0 0 0 1 0 0 0 0 1</matrix>
        <instance_geometry url="#Plane_006-mesh" name="Boards--col"/>
      </node>
    </visual_scene>
  </library_visual_scenes>
  <scene>
    <instance_visual_scene url="#Scene"/>
  </scene>
</COLLADA>