<?xml version="1.0" encoding="utf-8"?>
<COLLADA xmlns="http://www.collada.org/2005/11/COLLADASchema" version="1.4.1" xmlns:xsi="http://www.w3.org/2001/XMLSchema-instance">
  <asset>
    <contributor>
      <author>Blender User</author>
      <authoring_tool>Blender 2.91.2 commit date:2021-01-19, commit time:16:15, hash:5be9ef417703</authoring_tool>
    </contributor>
    <created>2021-05-23T17:10:27</created>
    <modified>2021-05-23T17:10:27</modified>
    <unit name="meter" meter="1"/>
    <up_axis>Z_UP</up_axis>
  </asset>
  <library_effects>
    <effect id="Material_001-effect">
      <profile_COMMON>
        <technique sid="common">
          <lambert>
            <emission>
              <color sid="emission">0 0 0 1</color>
            </emission>
            <diffuse>
              <color sid="diffuse">0.7839187 0.8000001 0.7010481 1</color>
            </diffuse>
            <index_of_refraction>
              <float sid="ior">1.45</float>
            </index_of_refraction>
          </lambert>
        </technique>
      </profile_COMMON>
    </effect>
    <effect id="Material-effect">
      <profile_COMMON>
        <technique sid="common">
          <lambert>
            <emission>
              <color sid="emission">0 0 0 1</color>
            </emission>
            <diffuse>
              <color sid="diffuse">0.8000001 0 0.004244769 1</color>
            </diffuse>
            <reflectivity>
              <float sid="specular">0.4113475</float>
            </reflectivity>
            <index_of_refraction>
              <float sid="ior">1.45</float>
            </index_of_refraction>
          </lambert>
        </technique>
      </profile_COMMON>
    </effect>
  </library_effects>
  <library_images/>
  <library_materials>
    <material id="Material_001-material" name="Material.001">
      <instance_effect url="#Material_001-effect"/>
    </material>
    <material id="Material-material" name="Material">
      <instance_effect url="#Material-effect"/>
    </material>
  </library_materials>
  <library_geometries>
    <geometry id="Plane_003-mesh" name="Plane.003">
      <mesh>
        <source id="Plane_003-mesh-positions">
          <float_array id="Plane_003-mesh-positions-array" count="3558">0.9 0.3029208 7.14465 0.9 0.3029208 7.360217 0.9 2.301444 7.140919 0.9 2.304398 7.363948 0.9 3.383231 7.118915 0.9 3.423617 7.327519 0.9 4.11224 6.859912 0.9 4.213886 7.021663 0.9 4.606394 6.386653 0.9 4.752062 6.501548 0.9 4.949647 5.800055 0.9 5.129492 5.861037 0.9 5.034161 5.035369 0.9 5.239758 5.048011 0.9 5.028247 4.04169 0.9 5.245672 4.04169 0.9 5.028247 3.04169 0.9 5.245672 3.04169 0.9 5.028247 2.04169 0.9 5.245672 2.04169 0.9 5.031034 1.04169 0.9 5.242885 1.04169 0.9 5.032893 0.1416898 0.9 5.241026 0.1416898 0.9 1.302921 7.143721 0.9 1.302921 7.361146 1.9 0.3029208 7.140934 1.9 0.3029208 7.363934 1.9 2.301407 7.138132 1.9 2.304435 7.366735 1.9 3.382701 7.116178 1.9 3.424147 7.330255 1.9 4.110757 6.857552 1.9 4.215369 7.024023 1.9 4.604206 6.384927 1.9 4.754251 6.503274 1.9 4.947008 5.79916 1.9 5.132132 5.861932 1.9 5.031378 5.035198 1.9 5.242541 5.048182 1.9 5.02546 4.04169 1.9 5.248459 4.04169 1.9 5.02546 3.04169 1.9 5.248459 3.04169 1.9 5.02546 2.04169 1.9 5.248459 2.04169 1.9 5.028247 1.04169 1.9 5.245672 1.04169 1.9 5.029176 0.1416898 1.9 5.244743 0.1416898 1.9 1.302921 7.140934 1.9 1.302921 7.363934 2.884593 0.3029208 7.133537 2.915408 0.3029208 7.37133 2.884942 2.301721 7.132781 2.915058 2.304121 7.372087 2.887506 3.383769 7.110474 2.912494 3.423078 7.33596 2.892622 4.111942 6.854596 2.907378 4.214184 7.026978 2.894929 4.603332 6.384819 2.905071 4.755124 6.503382 2.895476 4.947571 5.798084 2.904525 5.131568 5.863008 2.898092 5.031569 5.032822 2.901908 5.24235 5.050558 2.9 5.02546 4.04169 2.9 5.248459 4.04169 2.9 5.02546 3.04169 2.9 5.248459 3.04169 2.9 5.02546 2.04169 2.9 5.248459 2.04169 2.9 5.028247 1.04169 2.9 5.245672 1.04169 2.9 5.029176 0.1416898 2.9 5.244743 0.1416898 2.884945 1.302921 7.135607 2.915055 1.302921 7.36926 3.882024 5.038394 5.029832 3.917976 5.235525 5.053547 3.881723 5.031728 4.04169 3.918277 5.242191 4.04169 3.881723 5.031728 3.04169 3.918277 5.242191 3.04169 3.881723 5.031728 2.04169 3.918277 5.242191 2.04169 3.8822 5.034474 1.04169 3.9178 5.239445 1.04169 3.882627 5.03693 0.1416898 3.917373 5.236989 0.1416898 4.626291 4.77794 5.030927 4.739735 4.935014 5.052453 4.621361 4.775062 4.04169 4.744665 4.937892 4.04169 4.621361 4.775062 3.04169 4.744665 4.937892 3.04169 4.621361 4.775062 2.04169 4.744665 4.937892 2.04169 4.623044 4.777285 1.04169 4.742982 4.93567 1.04169 4.625491 4.780516 0.1416898 4.740535 4.932438 0.1416898 5.077497 4.142155 5.0352 5.253329 4.215136 5.04818 5.071075 4.141588 4.04169 5.259751 4.215702 4.04169 5.071075 4.141588 3.04169 5.259751 4.215702 3.04169 5.071075 4.141588 2.04169 5.259751 4.215702 2.04169 5.073669 4.142607 1.04169 5.257156 4.214683 1.04169 5.077681 4.144183 0.1416898 5.253145 4.213107 0.1416898 5.164067 3.372835 5.036666 5.375404 3.389755 5.046713 5.161231 3.372769 4.04169 5.378239 3.389822 4.04169 5.161231 3.372769 3.04169 5.378239 3.389822 3.04169 5.161231 3.372769 2.04169 5.378239 3.389822 2.04169 5.164011 3.372987 1.04169 5.37546 3.389603 1.04169 5.165821 3.373129 0.1416898 5.37365 3.389461 0.1416898 5.187711 2.280174 5.035972 5.410735 2.282417 5.047408 5.184935 2.279764 4.04169 5.413511 2.282827 4.04169 5.184935 2.279764 3.04169 5.413511 2.282827 3.04169 5.184935 2.279764 2.04169 5.413511 2.282827 2.04169 5.187722 2.279801 1.04169 5.410724 2.282789 1.04169 5.187718 2.279801 0.1416898 5.410727 2.282789 0.1416898 5.190526 1.281295 5.03567 5.40792 1.281295 5.04771 5.187723 1.281295 4.04169 5.410723 1.281295 4.04169 5.187723 1.281295 3.04169 5.410723 1.281295 3.04169 5.187723 1.281295 2.04169 5.410723 1.281295 2.04169 5.19051 1.281295 1.04169 5.407936 1.281295 1.04169 5.204934 1.281295 0.1416898 5.393512 1.281295 0.1416898 5.191402 0.2812953 5.035718 5.407044 0.2812953 5.047662 5.187723 0.2812953 4.04169 5.410723 0.2812953 4.04169 5.187723 0.2812953 3.04169 5.410723 0.2812953 3.04169 5.187723 0.2812953 2.04169 5.410723 0.2812953 2.04169 5.18882 0.2812953 1.04169 5.409626 0.2812953 1.04169 5.20961 0.6443603 0.1416898 5.388836 0.6443603 0.1416898 5.107354 3.372426 5.902825 5.291092 3.390165 5.980555 5.101999 2.280927 5.899974 5.296447 2.281663 5.983406 5.104727 1.281295 5.900693 5.293719 1.281295 5.982686 5.107324 0.2812953 5.90182 5.291122 0.2812953 5.98156 4.6251 3.372442 6.472733 4.745987 3.390149 6.610647 4.618767 2.281295 6.466377 4.75232 2.281295 6.617002 4.620617 1.281295 6.468463 4.75047 1.281295 6.614917 4.623631 0.2812953 6.471863 4.747456 0.2812953 6.611517 4.044627 3.367971 6.843456 4.12646 3.39462 7.039924 4.039611 2.280934 6.83866 4.131476 2.281657 7.04472 4.040464 1.281295 6.84133 4.130623 1.281295 7.04205 4.040573 0.2812953 6.841824 4.130515 0.2812953 7.041556 3.9396 4.122408 6.703692 3.99185 4.203718 6.852578 3.869764 4.820242 5.761898 3.904098 4.982227 5.824588 4.518223 4.636037 5.821019 4.598088 4.757876 5.878914 4.571922 4.04054 6.417486 4.660063 4.095572 6.520949 5.002271 4.128366 5.793019 5.150593 4.19776 5.853359 3.909958 4.536972 6.359359 3.946039 4.659081 6.457178 4.443827 4.367155 6.250682 4.497214 4.442673 6.316936 0 0.3029208 7.148367 0 0.3029208 7.356501 -0.9 0.3029208 7.14465 -0.9 0.3029208 7.360217 0 2.301481 7.143706 0 2.304361 7.361161 -0.9 2.301444 7.140919 -0.9 2.304398 7.363948 0 3.38376 7.121652 0 3.423087 7.324782 -0.9 3.383231 7.118915 -0.9 3.423617 7.327519 0 4.113723 6.862272 0 4.212403 7.019303 -0.9 4.11224 6.859912 -0.9 4.213886 7.021663 0 4.608583 6.388379 0 4.749874 6.499822 -0.9 4.606394 6.386653 -0.9 4.752062 6.501548 0 4.952287 5.80095 0 5.126852 5.860142 -0.9 4.949647 5.800055 -0.9 5.129492 5.861037 0 5.036943 5.03554 0 5.236976 5.04784 -0.9 5.034161 5.035369 -0.9 5.239758 5.048011 0 5.031034 4.04169 0 5.242885 4.04169 -0.9 5.028247 4.04169 -0.9 5.245672 4.04169 0 5.031034 3.04169 0 5.242885 3.04169 -0.9 5.028247 3.04169 -0.9 5.245672 3.04169 0 5.031034 2.04169 0 5.242885 2.04169 -0.9 5.028247 2.04169 -0.9 5.245672 2.04169 0 5.033822 1.04169 0 5.240097 1.04169 -0.9 5.031034 1.04169 -0.9 5.242885 1.04169 0 5.03661 0.1416898 0 5.237309 0.1416898 -0.9 5.032893 0.1416898 -0.9 5.241026 0.1416898 0 1.302921 7.167694 0 1.302921 7.337174 -0.9 1.302921 7.143721 -0.9 1.302921 7.361146 -1.9 0.3029208 7.140934 -1.9 0.3029208 7.363934 -1.9 2.301407 7.138132 -1.9 2.304435 7.366735 -1.9 3.382701 7.116178 -1.9 3.424147 7.330255 -1.9 4.110757 6.857552 -1.9 4.215369 7.024023 -1.9 4.604206 6.384927 -1.9 4.754251 6.503274 -1.9 4.947008 5.79916 -1.9 5.132132 5.861932 -1.9 5.031378 5.035198 -1.9 5.242541 5.048182 -1.9 5.02546 4.04169 -1.9 5.248459 4.04169 -1.9 5.02546 3.04169 -1.9 5.248459 3.04169 -1.9 5.02546 2.04169 -1.9 5.248459 2.04169 -1.9 5.028247 1.04169 -1.9 5.245672 1.04169 -1.9 5.029176 0.1416898 -1.9 5.244743 0.1416898 -1.9 1.302921 7.140934 -1.9 1.302921 7.363934 -2.884593 0.3029208 7.133537 -2.915408 0.3029208 7.37133 -2.884942 2.301721 7.132781 -2.915058 2.304121 7.372087 -2.887506 3.383769 7.110474 -2.912494 3.423078 7.33596 -2.892622 4.111942 6.854596 -2.907378 4.214184 7.026978 -2.894929 4.603332 6.384819 -2.905071 4.755124 6.503382 -2.895476 4.947571 5.798084 -2.904525 5.131568 5.863008 -2.898092 5.031569 5.032822 -2.901908 5.24235 5.050558 -2.9 5.02546 4.04169 -2.9 5.248459 4.04169 -2.9 5.02546 3.04169 -2.9 5.248459 3.04169 -2.9 5.02546 2.04169 -2.9 5.248459 2.04169 -2.9 5.028247 1.04169 -2.9 5.245672 1.04169 -2.9 5.029176 0.1416898 -2.9 5.244743 0.1416898 -2.884945 1.302921 7.135607 -2.915055 1.302921 7.36926 -3.882024 5.038394 5.029832 -3.917976 5.235525 5.053547 -3.881723 5.031728 4.04169 -3.918277 5.242191 4.04169 -3.881723 5.031728 3.04169 -3.918277 5.242191 3.04169 -3.881723 5.031728 2.04169 -3.918277 5.242191 2.04169 -3.8822 5.034474 1.04169 -3.9178 5.239445 1.04169 -3.882627 5.03693 0.1416898 -3.917373 5.236989 0.1416898 -4.626291 4.77794 5.030927 -4.739735 4.935014 5.052453 -4.621361 4.775062 4.04169 -4.744665 4.937892 4.04169 -4.621361 4.775062 3.04169 -4.744665 4.937892 3.04169 -4.621361 4.775062 2.04169 -4.744665 4.937892 2.04169 -4.623044 4.777285 1.04169 -4.742982 4.93567 1.04169 -4.625491 4.780516 0.1416898 -4.740535 4.932438 0.1416898 -5.077497 4.142155 5.0352 -5.253329 4.215136 5.04818 -5.071075 4.141588 4.04169 -5.259751 4.215702 4.04169 -5.071075 4.141588 3.04169 -5.259751 4.215702 3.04169 -5.071075 4.141588 2.04169 -5.259751 4.215702 2.04169 -5.073669 4.142607 1.04169 -5.257156 4.214683 1.04169 -5.077681 4.144183 0.1416898 -5.253145 4.213107 0.1416898 -5.164067 3.372835 5.036666 -5.375404 3.389755 5.046713 -5.161231 3.372769 4.04169 -5.378239 3.389822 4.04169 -5.161231 3.372769 3.04169 -5.378239 3.389822 3.04169 -5.161231 3.372769 2.04169 -5.378239 3.389822 2.04169 -5.164011 3.372987 1.04169 -5.37546 3.389603 1.04169 -5.165821 3.373129 0.1416898 -5.37365 3.389461 0.1416898 -5.187711 2.280174 5.035972 -5.410735 2.282417 5.047408 -5.184935 2.279764 4.04169 -5.413511 2.282827 4.04169 -5.184935 2.279764 3.04169 -5.413511 2.282827 3.04169 -5.184935 2.279764 2.04169 -5.413511 2.282827 2.04169 -5.187722 2.279801 1.04169 -5.410724 2.282789 1.04169 -5.187718 2.279801 0.1416898 -5.410727 2.282789 0.1416898 -5.190526 1.281295 5.03567 -5.40792 1.281295 5.04771 -5.187723 1.281295 4.04169 -5.410723 1.281295 4.04169 -5.187723 1.281295 3.04169 -5.410723 1.281295 3.04169 -5.187723 1.281295 2.04169 -5.410723 1.281295 2.04169 -5.19051 1.281295 1.04169 -5.407936 1.281295 1.04169 -5.204934 1.281295 0.1416898 -5.393512 1.281295 0.1416898 -5.191402 0.2812953 5.035718 -5.407044 0.2812953 5.047662 -5.187723 0.2812953 4.04169 -5.410723 0.2812953 4.04169 -5.187723 0.2812953 3.04169 -5.410723 0.2812953 3.04169 -5.187723 0.2812953 2.04169 -5.410723 0.2812953 2.04169 -5.18882 0.2812953 1.04169 -5.409626 0.2812953 1.04169 -5.20961 0.6443603 0.1416898 -5.388836 0.6443603 0.1416898 -5.107354 3.372426 5.902825 -5.291092 3.390165 5.980555 -5.101999 2.280927 5.899974 -5.296447 2.281663 5.983406 -5.104727 1.281295 5.900693 -5.293719 1.281295 5.982686 -5.107324 0.2812953 5.90182 -5.291122 0.2812953 5.98156 -4.6251 3.372442 6.472733 -4.745987 3.390149 6.610647 -4.618767 2.281295 6.466377 -4.75232 2.281295 6.617002 -4.620617 1.281295 6.468463 -4.75047 1.281295 6.614917 -4.623631 0.2812953 6.471863 -4.747456 0.2812953 6.611517 -4.044627 3.367971 6.843456 -4.12646 3.39462 7.039924 -4.039611 2.280934 6.83866 -4.131476 2.281657 7.04472 -4.040464 1.281295 6.84133 -4.130623 1.281295 7.04205 -4.040573 0.2812953 6.841824 -4.130515 0.2812953 7.041556 -3.9396 4.122408 6.703692 -3.99185 4.203718 6.852578 -3.869764 4.820242 5.761898 -3.904098 4.982227 5.824588 -4.518223 4.636037 5.821019 -4.598088 4.757876 5.878914 -4.571922 4.04054 6.417486 -4.660063 4.095572 6.520949 -5.002271 4.128366 5.793019 -5.150593 4.19776 5.853359 -3.909958 4.536972 6.359359 -3.946039 4.659081 6.457178 -4.443827 4.367155 6.250682 -4.497214 4.442673 6.316936 0.08473998 1.387661 7.252434 0.7912875 1.411633 7.252434 0.7884752 2.191396 7.252434 0.1087373 2.194184 7.252434 0.1087373 2.41162 7.249548 0.7884752 2.414406 7.249474 0.7937591 3.29722 7.226037 0.1034534 3.300007 7.225963 0.1034534 3.500392 7.187165 0.7937591 3.503005 7.186193 0.8044788 4.07353 6.974075 0.09273368 4.076142 6.973104 0.09273368 4.229884 6.876488 0.8044788 4.231893 6.874555 0.8072356 4.612385 6.508421 0.08997684 4.614393 6.506489 0.0899769 4.724794 6.366515 0.8072355 4.726206 6.364111 0.8050469 4.991484 5.912423 0.09216558 4.992895 5.910019 0.09216558 5.050863 5.739075 0.8050469 5.051204 5.736308 0.7970061 5.12434 5.143908 0.1002063 5.124681 5.141141 0.1002063 5.13696 4.941483 0.7970062 5.13696 4.938696 0.7912875 5.13696 4.150403 0.105925 5.13696 4.147615 0.105925 5.13696 3.935765 0.7912875 5.13696 3.932977 0.7912875 5.13696 3.150402 0.105925 5.13696 3.147615 0.105925 5.13696 2.935765 0.7912875 5.13696 2.932977 0.7912875 5.13696 2.150402 0.105925 5.13696 2.147615 0.105925 5.13696 1.935765 0.7912875 5.13696 1.932977 0.794075 5.13696 1.147615 0.1031375 5.13696 1.144827 0.1031375 5.13696 0.9385524 0.794075 5.13696 0.9357649 0.7959333 5.13696 0.2457565 0.10035 5.13696 0.2420398 0.1040666 0.4069874 7.252434 0.7922167 0.4107041 7.252434 0.7912875 1.194208 7.252434 0.08473998 1.218181 7.252434 1.011525 2.191396 7.252434 1.008713 1.411633 7.252434 1.7885 1.414421 7.252434 1.785688 2.188608 7.252434 1.002994 5.12434 5.143908 0.9949531 5.051204 5.736308 1.802259 5.051546 5.733542 1.794219 5.123999 5.146674 1.004067 5.13696 0.2457565 1.005925 5.13696 0.9357649 1.791287 5.13696 0.9329774 1.792217 5.13696 0.2494732 0.9927644 4.612385 6.508421 0.9955212 4.231893 6.874555 1.801691 4.233901 6.872622 1.804448 4.610376 6.510354 1.008713 5.13696 2.150402 1.008713 5.13696 2.932977 1.7885 5.13696 2.93019 1.7885 5.13696 2.15319 1.006241 3.29722 7.226037 1.011525 2.414406 7.249474 1.785688 2.417193 7.2494 1.790971 3.294434 7.22611 1.008713 5.13696 4.150403 1.002994 5.13696 4.938696 1.794219 5.13696 4.935909 1.7885 5.13696 4.15319 1.008713 1.194208 7.252434 1.007783 0.4107041 7.252434 1.7885 0.4144208 7.252434 1.7885 1.191421 7.252434 0.9949531 4.991484 5.912423 0.9927644 4.726206 6.364111 1.804448 4.727618 6.361707 1.802259 4.990072 5.914826 1.005925 5.13696 1.147615 1.008713 5.13696 1.932977 1.7885 5.13696 1.93019 1.791287 5.13696 1.150402 0.9955212 4.07353 6.974075 1.006241 3.503005 7.186193 1.790971 3.505618 7.185222 1.801691 4.070917 6.975047 1.008713 5.13696 3.150402 1.008713 5.13696 3.932977 1.7885 5.13696 3.93019 1.7885 5.13696 3.15319 2.008713 5.13696 1.150402 2.0115 5.13696 1.93019 2.7885 5.13696 1.93019 2.791288 5.13696 1.150402 1.998309 4.070917 6.975047 2.009028 3.505618 7.185222 2.784875 3.511332 7.183097 2.799515 4.068877 6.975805 2.007783 5.13696 0.2494732 2.008713 5.13696 0.9329774 2.791288 5.13696 0.9329774 2.792217 5.13696 0.2494732 1.995552 4.610376 6.510354 1.998309 4.233901 6.872622 2.799515 4.235469 6.871113 2.803561 4.609737 6.510969 2.0115 1.191421 7.252434 2.0115 0.4144208 7.252434 2.780108 0.4228124 7.252434 2.782206 1.185127 7.252434 1.997741 4.990072 5.914826 1.995552 4.727618 6.361707 2.803561 4.728067 6.360942 2.802335 4.99011 5.914761 2.005781 5.123999 5.146674 1.997741 5.051546 5.733542 2.802335 5.051537 5.733617 2.794219 5.123999 5.146674 2.0115 5.13696 4.15319 2.005781 5.13696 4.935909 2.794219 5.13696 4.935909 2.7885 5.13696 4.15319 2.0115 5.13696 3.15319 2.0115 5.13696 3.93019 2.7885 5.13696 3.93019 2.7885 5.13696 3.15319 2.014312 2.188608 7.252434 2.0115 1.414421 7.252434 2.782206 1.420714 7.252434 2.779394 2.182315 7.252434 2.0115 5.13696 2.15319 2.0115 5.13696 2.93019 2.7885 5.13696 2.93019 2.7885 5.13696 2.15319 2.009028 3.294434 7.22611 2.014312 2.417193 7.2494 2.779394 2.423484 7.249233 2.784875 3.288339 7.226272 3.008713 5.13696 1.150402 3.0115 5.13696 1.93019 3.79319 5.13696 1.93488 3.795978 5.13696 1.145712 3.0115 5.13696 3.15319 3.0115 5.13696 3.93019 3.79319 5.13696 3.93488 3.79319 5.13696 3.148499 3.007783 5.13696 0.2494732 3.008713 5.13696 0.9329774 3.795978 5.13696 0.9376678 3.798471 5.13696 0.2432192 3.0115 5.13696 2.15319 3.0115 5.13696 2.93019 3.79319 5.13696 2.93488 3.79319 5.13696 2.148499 3.0115 5.13696 4.15319 3.005781 5.13696 4.935909 3.799107 5.13696 4.940796 3.79319 5.13696 4.148499 3.995582 5.102721 0.2432192 3.997929 5.101881 0.9376678 4.589494 4.889976 0.9423518 4.59331 4.888609 0.236974 4.000553 5.100941 2.148499 4.000553 5.100941 2.93488 4.58687 4.890917 2.939564 4.58687 4.890917 2.143815 4.000553 5.100941 4.148499 3.994983 5.102936 4.940796 4.591245 4.889349 4.944212 4.58687 4.890917 4.143815 3.997929 5.101881 1.145712 4.000553 5.100941 1.93488 4.58687 4.890917 1.939564 4.589494 4.889976 1.141028 4.000553 5.100941 3.148499 4.000553 5.100941 3.93488 4.58687 4.890917 3.939564 4.58687 4.890917 3.143815 4.738262 4.778846 0.236974 4.740612 4.775543 0.9423518 5.108259 4.258953 0.9431208 5.110759 4.255441 0.2359486 4.742228 4.773272 2.143815 4.742228 4.773272 2.939564 5.106643 4.261224 2.940333 5.106643 4.261224 2.143046 4.742228 4.773272 4.143815 4.739534 4.777058 4.944212 5.110091 4.25638 4.946279 5.106643 4.261224 4.143046 4.740612 4.775543 1.141028 4.742228 4.773272 1.939564 5.106643 4.261224 1.940333 5.108259 4.258953 1.140259 4.742228 4.773272 3.143815 4.742228 4.773272 3.939564 5.106643 4.261224 3.940333 5.106643 4.261224 3.143046 5.177641 4.085183 0.2359486 5.1782 4.080909 0.9431208 5.255977 3.486451 0.9356383 5.256213 3.48465 0.2459253 5.178562 4.078145 2.143046 5.178562 4.078145 2.940333 5.255616 3.489214 2.932851 5.255616 3.489214 2.150529 5.178562 4.078145 4.143046 5.177791 4.084041 4.946279 5.255967 3.486527 4.935562 5.255616 3.489214 4.150529 5.1782 4.080909 1.140259 5.178562 4.078145 1.940333 5.255616 3.489214 1.932851 5.255977 3.486451 1.147741 5.178562 4.078145 3.143046 5.178562 4.078145 3.940333 5.255616 3.489214 3.932851 5.255616 3.489214 3.150529 5.272529 3.277097 0.2459253 5.272577 3.275282 0.9356383 5.296235 2.392766 0.9301789 5.296235 2.39277 0.2532045 5.272652 3.272495 2.150529 5.272652 3.272495 2.932851 5.29616 2.395553 2.927391 5.29616 2.395553 2.155988 5.272652 3.272495 4.150529 5.272579 3.275205 4.935562 5.296231 2.39292 4.930025 5.29616 2.395553 4.155988 5.272577 3.275282 1.147741 5.272652 3.272495 1.932851 5.29616 2.395553 1.927391 5.296235 2.392766 1.153201 5.272652 3.272495 3.150529 5.272652 3.272495 3.932851 5.29616 2.395553 3.927391 5.29616 2.395553 3.155988 5.299223 2.16978 0.2532045 5.299223 2.169784 0.9301789 5.299223 1.390008 0.9329774 5.299223 1.375585 0.2359792 5.299223 2.166997 2.155988 5.299223 2.166997 2.927391 5.299223 1.392795 2.93019 5.299223 1.392795 2.15319 5.299223 2.166997 4.155988 5.299223 2.16963 4.930025 5.299223 1.390162 4.932823 5.299223 1.392795 4.15319 5.299223 2.169784 1.153201 5.299223 2.166997 1.927391 5.299223 1.392795 1.93019 5.299223 1.390008 1.150402 5.299223 2.166997 3.155988 5.299223 2.166997 3.927391 5.299223 1.392795 3.93019 5.299223 1.392795 3.15319 5.299223 1.187006 0.2359792 5.299223 1.172583 0.9329774 5.299223 0.4448797 0.9312873 5.299223 0.7048398 0.2313027 5.299223 1.169795 2.15319 5.299223 1.169795 2.93019 5.299223 0.3927953 2.93019 5.299223 0.3927953 2.15319 5.299223 1.169795 4.15319 5.299223 1.172428 4.932823 5.299223 0.3892845 4.933701 5.299223 0.3927953 4.15319 5.299223 1.172583 1.150402 5.299223 1.169795 1.93019 5.299223 0.3927953 1.93019 5.299223 0.3916978 1.152092 5.299223 1.169795 3.15319 5.299223 1.169795 3.93019 5.299223 0.3927953 3.93019 5.299223 0.3927953 3.15319 5.287298 0.3892845 5.149019 5.2872 1.172428 5.149891 5.210598 1.178286 5.839311 5.210286 0.381474 5.842124 5.2872 1.390162 5.149891 5.286891 2.16963 5.152672 5.210906 2.175499 5.836541 5.210598 1.384304 5.839311 5.283899 2.392921 5.152673 5.26429 3.275205 5.147494 5.207046 3.281146 5.841847 5.210906 2.387092 5.836541 5.134072 0.381474 6.017789 5.132231 1.178286 6.019939 4.749192 1.183427 6.467346 4.746237 0.3746194 6.470798 5.132231 1.384304 6.019939 5.130418 2.175499 6.022057 4.751005 2.18064 6.465228 4.749192 1.379163 6.467346 5.130418 2.387092 6.022057 5.134091 3.281146 6.017766 4.745459 3.289167 6.471706 4.751005 2.381951 6.465228 4.607893 0.3746194 6.593457 4.604112 1.183427 6.595977 4.177085 1.171276 6.880662 4.176675 0.3908215 6.880936 4.604112 1.379163 6.595977 4.601793 2.18064 6.597524 4.179405 2.168488 6.879116 4.177085 1.391315 6.880662 4.601793 2.381951 6.597524 4.608889 3.289167 6.592793 4.174779 3.274047 6.8822 4.179405 2.394102 6.879116 2.996721 4.976518 5.911166 2.996086 4.720479 6.357589 3.843043 4.639864 6.339039 3.804301 4.874337 5.876129 3.979596 0.3927711 6.96946 3.979119 1.1732 6.969585 3.013945 1.18303 7.222568 3.015974 0.4207155 7.222036 3.979119 1.393273 6.969585 3.976423 2.170461 6.970292 3.016665 2.180168 7.221855 3.013945 1.418654 7.222568 3.976423 2.396111 6.970292 3.981198 3.275977 6.966469 3.012 3.28624 7.199676 3.016654 2.421364 7.218657 2.999472 4.068747 6.960672 3.012218 3.509455 7.156368 3.964499 3.487764 6.944766 3.890645 4.076565 6.809714 4.059797 4.064038 6.758047 4.158873 3.485115 6.860476 4.599629 3.472483 6.583187 4.556771 4.004117 6.508672 4.666118 4.003551 6.417043 4.736232 3.472462 6.462079 5.118716 3.479148 6.00294 5.039128 4.066376 5.90759 5.166999 4.082149 5.136471 5.099955 4.078594 5.748595 5.191606 3.480053 5.825946 5.247677 3.486532 5.1475 5.025303 4.227688 5.739221 5.099218 4.254583 5.136586 4.725028 4.758162 5.13647 4.624464 4.655756 5.771114 4.495153 4.734712 5.767613 4.576326 4.87073 5.136521 3.993651 5.07251 5.138298 3.973772 4.902043 5.715058 2.996671 5.037989 5.729944 3.800785 4.940007 5.712091 3.797419 5.106765 5.137959 3.005781 5.123999 5.146674 4.470252 4.676487 5.907916 3.979765 4.834212 5.882647 3.997131 4.607149 6.319425 4.427084 4.455419 6.248919 2.999883 4.235869 6.855484 3.872085 4.230566 6.734132 3.852906 4.543024 6.463243 2.996133 4.602107 6.507654 4.601133 4.594308 5.913297 4.516102 4.381325 6.25157 4.632873 4.139266 6.373626 4.958144 4.218671 5.901702 4.521816 4.139685 6.467289 4.433299 4.372641 6.327284 4.008437 4.509341 6.44374 4.039858 4.219302 6.682354 -0.08473998 1.387661 7.252434 -0.1087373 2.194184 7.252434 -0.7884752 2.191396 7.252434 -0.7912875 1.411633 7.252434 -0.1087373 2.41162 7.249548 -0.1034534 3.300007 7.225963 -0.7937591 3.29722 7.226037 -0.7884752 2.414406 7.249474 -0.1034534 3.500392 7.187165 -0.09273368 4.076142 6.973104 -0.8044788 4.07353 6.974075 -0.7937591 3.503005 7.186193 -0.09273368 4.229884 6.876488 -0.08997684 4.614393 6.506489 -0.8072356 4.612385 6.508421 -0.8044788 4.231893 6.874555 -0.0899769 4.724794 6.366515 -0.09216558 4.992895 5.910019 -0.8050469 4.991484 5.912423 -0.8072355 4.726206 6.364111 -0.09216558 5.050863 5.739075 -0.1002063 5.124681 5.141141 -0.7970061 5.12434 5.143908 -0.8050469 5.051204 5.736308 -0.1002063 5.13696 4.941483 -0.105925 5.13696 4.147615 -0.7912875 5.13696 4.150403 -0.7970062 5.13696 4.938696 -0.105925 5.13696 3.935765 -0.105925 5.13696 3.147615 -0.7912875 5.13696 3.150402 -0.7912875 5.13696 3.932977 -0.105925 5.13696 2.935765 -0.105925 5.13696 2.147615 -0.7912875 5.13696 2.150402 -0.7912875 5.13696 2.932977 -0.105925 5.13696 1.935765 -0.1031375 5.13696 1.144827 -0.794075 5.13696 1.147615 -0.7912875 5.13696 1.932977 -0.1031375 5.13696 0.9385524 -0.10035 5.13696 0.2420398 -0.7959333 5.13696 0.2457565 -0.794075 5.13696 0.9357649 -0.1040666 0.4069874 7.252434 -0.08473998 1.218181 7.252434 -0.7912875 1.194208 7.252434 -0.7922167 0.4107041 7.252434 -1.011525 2.191396 7.252434 -1.785688 2.188608 7.252434 -1.7885 1.414421 7.252434 -1.008713 1.411633 7.252434 -1.002994 5.12434 5.143908 -1.794219 5.123999 5.146674 -1.802259 5.051546 5.733542 -0.9949531 5.051204 5.736308 -1.004067 5.13696 0.2457565 -1.792217 5.13696 0.2494732 -1.791287 5.13696 0.9329774 -1.005925 5.13696 0.9357649 -0.9927644 4.612385 6.508421 -1.804448 4.610376 6.510354 -1.801691 4.233901 6.872622 -0.9955212 4.231893 6.874555 -1.008713 5.13696 2.150402 -1.7885 5.13696 2.15319 -1.7885 5.13696 2.93019 -1.008713 5.13696 2.932977 -1.006241 3.29722 7.226037 -1.790971 3.294434 7.22611 -1.785688 2.417193 7.2494 -1.011525 2.414406 7.249474 -1.008713 5.13696 4.150403 -1.7885 5.13696 4.15319 -1.794219 5.13696 4.935909 -1.002994 5.13696 4.938696 -1.008713 1.194208 7.252434 -1.7885 1.191421 7.252434 -1.7885 0.4144208 7.252434 -1.007783 0.4107041 7.252434 -0.9949531 4.991484 5.912423 -1.802259 4.990072 5.914826 -1.804448 4.727618 6.361707 -0.9927644 4.726206 6.364111 -1.005925 5.13696 1.147615 -1.791287 5.13696 1.150402 -1.7885 5.13696 1.93019 -1.008713 5.13696 1.932977 -0.9955212 4.07353 6.974075 -1.801691 4.070917 6.975047 -1.790971 3.505618 7.185222 -1.006241 3.503005 7.186193 -1.008713 5.13696 3.150402 -1.7885 5.13696 3.15319 -1.7885 5.13696 3.93019 -1.008713 5.13696 3.932977 -2.008713 5.13696 1.150402 -2.791288 5.13696 1.150402 -2.7885 5.13696 1.93019 -2.0115 5.13696 1.93019 -1.998309 4.070917 6.975047 -2.799515 4.068877 6.975805 -2.784875 3.511332 7.183097 -2.009028 3.505618 7.185222 -2.007783 5.13696 0.2494732 -2.792217 5.13696 0.2494732 -2.791288 5.13696 0.9329774 -2.008713 5.13696 0.9329774 -1.995552 4.610376 6.510354 -2.803561 4.609737 6.510969 -2.799515 4.235469 6.871113 -1.998309 4.233901 6.872622 -2.0115 1.191421 7.252434 -2.782206 1.185127 7.252434 -2.780108 0.4228124 7.252434 -2.0115 0.4144208 7.252434 -1.997741 4.990072 5.914826 -2.802335 4.99011 5.914761 -2.803561 4.728067 6.360942 -1.995552 4.727618 6.361707 -2.005781 5.123999 5.146674 -2.794219 5.123999 5.146674 -2.802335 5.051537 5.733617 -1.997741 5.051546 5.733542 -2.0115 5.13696 4.15319 -2.7885 5.13696 4.15319 -2.794219 5.13696 4.935909 -2.005781 5.13696 4.935909 -2.0115 5.13696 3.15319 -2.7885 5.13696 3.15319 -2.7885 5.13696 3.93019 -2.0115 5.13696 3.93019 -2.014312 2.188608 7.252434 -2.779394 2.182315 7.252434 -2.782206 1.420714 7.252434 -2.0115 1.414421 7.252434 -2.0115 5.13696 2.15319 -2.7885 5.13696 2.15319 -2.7885 5.13696 2.93019 -2.0115 5.13696 2.93019 -2.009028 3.294434 7.22611 -2.784875 3.288339 7.226272 -2.779394 2.423484 7.249233 -2.014312 2.417193 7.2494 -3.008713 5.13696 1.150402 -3.795978 5.13696 1.145712 -3.79319 5.13696 1.93488 -3.0115 5.13696 1.93019 -3.0115 5.13696 3.15319 -3.79319 5.13696 3.148499 -3.79319 5.13696 3.93488 -3.0115 5.13696 3.93019 -3.007783 5.13696 0.2494732 -3.798471 5.13696 0.2432192 -3.795978 5.13696 0.9376678 -3.008713 5.13696 0.9329774 -3.0115 5.13696 2.15319 -3.79319 5.13696 2.148499 -3.79319 5.13696 2.93488 -3.0115 5.13696 2.93019 -3.0115 5.13696 4.15319 -3.79319 5.13696 4.148499 -3.799107 5.13696 4.940796 -3.005781 5.13696 4.935909 -3.995582 5.102721 0.2432192 -4.59331 4.888609 0.236974 -4.589494 4.889976 0.9423518 -3.997929 5.101881 0.9376678 -4.000553 5.100941 2.148499 -4.58687 4.890917 2.143815 -4.58687 4.890917 2.939564 -4.000553 5.100941 2.93488 -4.000553 5.100941 4.148499 -4.58687 4.890917 4.143815 -4.591245 4.889349 4.944212 -3.994983 5.102936 4.940796 -3.997929 5.101881 1.145712 -4.589494 4.889976 1.141028 -4.58687 4.890917 1.939564 -4.000553 5.100941 1.93488 -4.000553 5.100941 3.148499 -4.58687 4.890917 3.143815 -4.58687 4.890917 3.939564 -4.000553 5.100941 3.93488 -4.738262 4.778846 0.236974 -5.110759 4.255441 0.2359486 -5.108259 4.258953 0.9431208 -4.740612 4.775543 0.9423518 -4.742228 4.773272 2.143815 -5.106643 4.261224 2.143046 -5.106643 4.261224 2.940333 -4.742228 4.773272 2.939564 -4.742228 4.773272 4.143815 -5.106643 4.261224 4.143046 -5.110091 4.25638 4.946279 -4.739534 4.777058 4.944212 -4.740612 4.775543 1.141028 -5.108259 4.258953 1.140259 -5.106643 4.261224 1.940333 -4.742228 4.773272 1.939564 -4.742228 4.773272 3.143815 -5.106643 4.261224 3.143046 -5.106643 4.261224 3.940333 -4.742228 4.773272 3.939564 -5.177641 4.085183 0.2359486 -5.256213 3.48465 0.2459253 -5.255977 3.486451 0.9356383 -5.1782 4.080909 0.9431208 -5.178562 4.078145 2.143046 -5.255616 3.489214 2.150529 -5.255616 3.489214 2.932851 -5.178562 4.078145 2.940333 -5.178562 4.078145 4.143046 -5.255616 3.489214 4.150529 -5.255967 3.486527 4.935562 -5.177791 4.084041 4.946279 -5.1782 4.080909 1.140259 -5.255977 3.486451 1.147741 -5.255616 3.489214 1.932851 -5.178562 4.078145 1.940333 -5.178562 4.078145 3.143046 -5.255616 3.489214 3.150529 -5.255616 3.489214 3.932851 -5.178562 4.078145 3.940333 -5.272529 3.277097 0.2459253 -5.296235 2.39277 0.2532045 -5.296235 2.392766 0.9301789 -5.272577 3.275282 0.9356383 -5.272652 3.272495 2.150529 -5.29616 2.395553 2.155988 -5.29616 2.395553 2.927391 -5.272652 3.272495 2.932851 -5.272652 3.272495 4.150529 -5.29616 2.395553 4.155988 -5.296231 2.39292 4.930025 -5.272579 3.275205 4.935562 -5.272577 3.275282 1.147741 -5.296235 2.392766 1.153201 -5.29616 2.395553 1.927391 -5.272652 3.272495 1.932851 -5.272652 3.272495 3.150529 -5.29616 2.395553 3.155988 -5.29616 2.395553 3.927391 -5.272652 3.272495 3.932851 -5.299223 2.16978 0.2532045 -5.299223 1.375585 0.2359792 -5.299223 1.390008 0.9329774 -5.299223 2.169784 0.9301789 -5.299223 2.166997 2.155988 -5.299223 1.392795 2.15319 -5.299223 1.392795 2.93019 -5.299223 2.166997 2.927391 -5.299223 2.166997 4.155988 -5.299223 1.392795 4.15319 -5.299223 1.390162 4.932823 -5.299223 2.16963 4.930025 -5.299223 2.169784 1.153201 -5.299223 1.390008 1.150402 -5.299223 1.392795 1.93019 -5.299223 2.166997 1.927391 -5.299223 2.166997 3.155988 -5.299223 1.392795 3.15319 -5.299223 1.392795 3.93019 -5.299223 2.166997 3.927391 -5.299223 1.187006 0.2359792 -5.299223 0.7048398 0.2313027 -5.299223 0.4448797 0.9312873 -5.299223 1.172583 0.9329774 -5.299223 1.169795 2.15319 -5.299223 0.3927953 2.15319 -5.299223 0.3927953 2.93019 -5.299223 1.169795 2.93019 -5.299223 1.169795 4.15319 -5.299223 0.3927953 4.15319 -5.299223 0.3892845 4.933701 -5.299223 1.172428 4.932823 -5.299223 1.172583 1.150402 -5.299223 0.3916978 1.152092 -5.299223 0.3927953 1.93019 -5.299223 1.169795 1.93019 -5.299223 1.169795 3.15319 -5.299223 0.3927953 3.15319 -5.299223 0.3927953 3.93019 -5.299223 1.169795 3.93019 -5.287298 0.3892845 5.149019 -5.210286 0.381474 5.842124 -5.210598 1.178286 5.839311 -5.2872 1.172428 5.149891 -5.2872 1.390162 5.149891 -5.210598 1.384304 5.839311 -5.210906 2.175499 5.836541 -5.286891 2.16963 5.152672 -5.283899 2.392921 5.152673 -5.210906 2.387092 5.836541 -5.207046 3.281146 5.841847 -5.26429 3.275205 5.147494 -5.134072 0.381474 6.017789 -4.746237 0.3746194 6.470798 -4.749192 1.183427 6.467346 -5.132231 1.178286 6.019939 -5.132231 1.384304 6.019939 -4.749192 1.379163 6.467346 -4.751005 2.18064 6.465228 -5.130418 2.175499 6.022057 -5.130418 2.387092 6.022057 -4.751005 2.381951 6.465228 -4.745459 3.289167 6.471706 -5.134091 3.281146 6.017766 -4.607893 0.3746194 6.593457 -4.176675 0.3908215 6.880936 -4.177085 1.171276 6.880662 -4.604112 1.183427 6.595977 -4.604112 1.379163 6.595977 -4.177085 1.391315 6.880662 -4.179405 2.168488 6.879116 -4.601793 2.18064 6.597524 -4.601793 2.381951 6.597524 -4.179405 2.394102 6.879116 -4.174779 3.274047 6.8822 -4.608889 3.289167 6.592793 -2.996721 4.976518 5.911166 -3.804301 4.874337 5.876129 -3.843043 4.639864 6.339039 -2.996086 4.720479 6.357589 -3.979596 0.3927711 6.96946 -3.015974 0.4207155 7.222036 -3.013945 1.18303 7.222568 -3.979119 1.1732 6.969585 -3.979119 1.393273 6.969585 -3.013945 1.418654 7.222568 -3.016665 2.180168 7.221855 -3.976423 2.170461 6.970292 -3.976423 2.396111 6.970292 -3.016654 2.421364 7.218657 -3.012 3.28624 7.199676 -3.981198 3.275977 6.966469 -2.999472 4.068747 6.960672 -3.890645 4.076565 6.809714 -3.964499 3.487764 6.944766 -3.012218 3.509455 7.156368 -4.059797 4.064038 6.758047 -4.556771 4.004117 6.508672 -4.599629 3.472483 6.583187 -4.158873 3.485115 6.860476 -4.666118 4.003551 6.417043 -5.039128 4.066376 5.90759 -5.118716 3.479148 6.00294 -4.736232 3.472462 6.462079 -5.166999 4.082149 5.136471 -5.247677 3.486532 5.1475 -5.191606 3.480053 5.825946 -5.099955 4.078594 5.748595 -5.025303 4.227688 5.739221 -4.624464 4.655756 5.771114 -4.725028 4.758162 5.13647 -5.099218 4.254583 5.136586 -4.495153 4.734712 5.767613 -3.973772 4.902043 5.715058 -3.993651 5.07251 5.138298 -4.576326 4.87073 5.136521 -2.996671 5.037989 5.729944 -3.005781 5.123999 5.146674 -3.797419 5.106765 5.137959 -3.800785 4.940007 5.712091 -4.470252 4.676487 5.907916 -4.427084 4.455419 6.248919 -3.997131 4.607149 6.319425 -3.979765 4.834212 5.882647 -2.999883 4.235869 6.855484 -2.996133 4.602107 6.507654 -3.852906 4.543024 6.463243 -3.872085 4.230566 6.734132 -4.601133 4.594308 5.913297 -4.958144 4.218671 5.901702 -4.632873 4.139266 6.373626 -4.516102 4.381325 6.25157 -4.521816 4.139685 6.467289 -4.039858 4.219302 6.682354 -4.008437 4.509341 6.44374 -4.433299 4.372641 6.327284</float_array>
          <technique_common>
            <accessor source="#Plane_003-mesh-positions-array" count="1186" stride="3">
              <param name="X" type="float"/>
              <param name="Y" type="float"/>
              <param name="Z" type="float"/>
            </accessor>
          </technique_common>
        </source>
        <source id="Plane_003-mesh-normals">
          <float_array id="Plane_003-mesh-normals-array" count="3168">-0.7267102 0.6869444 0 0 -0.001464903 -0.9999989 0.7043241 0.7098786 0 0 -0.001464903 0.9999989 -0.007477045 -0.001098632 0.9999715 -0.7072786 -0.7069124 0.00564599 -0.007477045 -0.001098632 -0.9999715 -0.001617491 0.0140388 0.9999002 0 -0.0177012 -0.9998434 -0.001617491 -0.01239067 -0.9999219 0 0.008789479 0.9999614 0.688421 -0.7252881 0.005829155 -0.7051815 0.7089049 -0.01315385 0.7004993 0.7135308 -0.01321464 -0.001586914 -0.1846992 -0.9827939 -0.7087564 -0.6998446 0.08878147 -0.001648008 0.1945603 0.9808892 0 -0.1847289 -0.9827895 0 0.1945312 0.9808964 0.7040465 -0.7044433 0.08987891 -0.6955054 0.6949561 -0.1825057 0.6907727 0.6995012 -0.1831154 -0.001556456 -0.5271313 -0.8497825 -0.001617491 0.5357962 0.8443459 -0.7139425 -0.6211022 0.323293 0 -0.527154 -0.8497698 0 0.5357969 0.844347 0.7092639 -0.6250006 0.326066 -0.7001203 0.5712969 -0.4283125 0.695467 0.5753442 -0.4304705 -0.7087878 -0.4667061 0.5289662 -0.001617491 0.7853081 0.6191031 0 -0.7850406 -0.6194444 -0.001556456 -0.7850396 -0.6194437 0 0.7853091 0.6191039 0.7042258 -0.4693821 0.5326786 -0.7081789 0.406095 -0.5775547 0.7036143 0.4090759 -0.5810196 -0.001556396 -0.9484867 -0.3168133 -0.7007479 -0.2834914 0.6546641 -0.001617491 0.9460186 0.3241086 0 -0.9484757 -0.3168503 0 0.9460198 0.324109 0.6961055 -0.2846803 0.6590861 -0.710798 0.171855 -0.6820792 0.706159 0.1735946 -0.6864434 -0.7000326 -0.06091749 0.711508 -0.001617491 0.9978216 0.0659517 0 -0.9984118 -0.05633878 -0.001586973 -0.9984123 -0.05630832 0 0.9978229 0.06595182 0.6954242 -0.06113111 0.7159945 -0.7127547 0.02649098 -0.7009131 0.7081483 0.02682679 -0.7055541 -0.7048602 3.35706e-4 0.7093464 -0.001617491 0.9999973 0.001739561 0 -0.9999989 0.001464903 -0.001617491 -0.9999976 0.001464903 0 0.9999986 0.001709043 0.7001912 3.35706e-4 0.7139552 -0.7091334 0 -0.7050744 0.7044773 0 -0.7097265 -0.7091334 0 0.7050744 -0.001617491 0.9999987 0 0 -1 0 -0.001617491 -0.9999987 0 0 1 0 0.7044773 0 0.7097265 -0.001617491 0.9999985 -6.71427e-4 0 -0.9999998 -6.71428e-4 -0.001617491 -0.9999985 -6.71427e-4 0 0.9999998 -6.71428e-4 -0.7073204 0 -0.7068932 0.702637 0 -0.7115485 -0.001617491 -0.9999979 -0.001342833 -0.001617491 0.9999979 -0.001342833 -0.7114121 0 0.7027751 0 -0.9999987 -0.001617491 0 0.9999987 -0.001617491 0.7067863 0 0.7074272 -0.7077779 0 -0.706435 0.7024528 0 -0.7117304 -0.001922667 -0.8950108 0.4460405 -0.001922667 0.895029 0.4460038 -0.7115334 0 0.7026523 0 -0.8944516 0.4471648 0 0.8944516 0.4471648 0.7062366 0 0.7079761 -0.7105775 0.7036191 0 0 0.4563823 -0.8897838 0.6907625 0.7230818 0 0 0.4563823 0.8897838 -0.001922667 0.4465901 0.8947367 -0.723857 -0.6899501 0 -0.001922667 0.4465901 -0.8947367 0.7003607 -0.7137892 0 0.702917 -0.7112488 0.005737543 0.707122 0.7070915 0 -0.7112605 0.7029286 0 -0.002594113 -8.54541e-4 0.9999963 -0.7070651 -0.7071261 0.00564599 -0.002044796 -8.54542e-4 -0.9999976 -0.00262463 0.0140388 0.9998981 -0.002044737 -0.01242119 -0.9999209 0.6956737 -0.06109839 0.715755 0.7065165 0.1735009 -0.6860992 -0.7106374 0.1719446 -0.6822241 -6.71412e-4 0.9460196 0.3241089 -0.6997556 -0.06091725 0.7117803 -6.10372e-4 -0.9485182 -0.316722 -6.71419e-4 0.9978206 0.06598216 -6.71413e-4 -0.998422 -0.05615454 0.7034657 0 -0.7107293 0.7057933 0 0.708418 -0.7082504 0 -0.7059614 -6.71427e-4 0.9999992 -0.001098692 -8.24013e-4 -0.8950608 0.4459434 -6.71427e-4 -0.9999992 -0.001098692 -8.24013e-4 0.8950608 0.4459434 -0.7103952 0 0.703803 0.7045331 -0.4692309 0.5324054 0.6957831 0.575048 -0.4303552 -0.699917 0.5714636 -0.4284222 -0.001342833 0.5357964 0.8443462 -0.708589 -0.4668484 0.529107 -0.00112915 -0.5272114 -0.8497334 -9.46082e-4 0.7853087 0.6191036 -8.54552e-4 -0.7850286 -0.619459 0.7047835 0 -0.7094225 0.7047835 0 0.7094225 -0.7089356 0 -0.7052733 -6.71428e-4 0.9999998 0 -0.7089356 0 0.7052733 -6.71428e-4 -0.9999998 0 -6.71427e-4 0.9999995 -6.71427e-4 -6.71427e-4 -0.9999995 -6.71427e-4 0.7008072 0.7132284 -0.0132147 0.7044015 -0.7040963 0.08981645 -0.704952 0.7091331 -0.01315355 -0.002014219 -0.184793 -0.9827755 -0.7085724 -0.7000269 0.08881187 -0.002594113 0.1945599 0.9808872 0.7004994 3.35707e-4 0.713653 0.708468 0.0268262 -0.705233 -0.7125725 0.02652156 -0.7010971 -0.7046304 3.66232e-4 0.7095745 -6.71427e-4 0.9999983 0.001739561 -6.71427e-4 -0.9999987 0.001464903 0.7041863 -0.7100154 0 0.7047835 0.7094225 0 -0.7095289 0.7046765 0 -0.003112912 0.4476875 0.8941847 -0.7089356 -0.7052733 0 -0.002502501 0.4479567 -0.8940518 0.7039172 0.4088609 -0.5808041 0.6964148 -0.2846209 0.6587848 -0.7079864 0.4061812 -0.5777301 -0.700543 -0.283556 0.6548554 0.7029747 0 -0.7112149 0.7071068 0 0.7071068 -0.7071068 0 -0.7071068 -0.7112149 0 0.7029747 0.6910836 0.6992017 -0.1830865 0.7096727 -0.6246451 0.325858 -0.6952723 0.6951807 -0.1825391 -0.7138494 -0.6211619 0.3233838 0.7052733 0 -0.7089356 0.7094072 0 0.7047989 -0.7052887 0 -0.7089204 0.00149542 0.9999987 -6.71427e-4 0.001556456 -0.9999982 -0.001098692 0.001586973 -0.9999986 -6.71427e-4 0.001464903 0.9999983 -0.001098692 -0.7094225 0 0.7047835 0.6883969 0.7017034 -0.1836355 0.7113386 -0.6236574 0.3241126 -0.11997 -0.1832357 -0.9757212 -0.6919597 0.7089589 -0.1362678 0.1088324 0.1874505 0.9762263 -0.06714296 -0.527469 -0.8469169 0.06625735 0.5207201 0.8511524 -0.7186655 -0.6061108 0.3408076 0.706435 0 -0.7077779 0.7079761 0 0.7062366 -0.706435 0 -0.7077779 0.001739561 -0.8954854 0.4450876 0.001739561 0.8954368 0.4451853 -0.7079761 0 0.7062366 0.7060351 -0.4683503 0.5311897 0.6957799 0.575259 -0.4300785 -0.6949707 0.5980739 -0.3991534 -0.7081963 -0.4480208 0.5456514 0.04602229 0.7877198 0.6143122 -0.04135346 -0.782909 -0.6207605 0.7010841 0.7130781 -0.00100708 0.7026675 -0.7115179 -7.93492e-4 -0.108769 0.4508239 -0.8859611 -0.7120516 0.6999963 0.05466049 0.1213448 0.4395087 0.8900043 -0.1279062 0.002105772 -0.9917842 0.1281803 0.001617491 0.9917496 -0.7136102 -0.698381 0.05499637 0.7057023 0.4074963 -0.5795958 0.6991629 -0.2842247 0.6560394 -0.7050524 0.4245207 -0.5680521 -0.06930804 -0.944738 -0.3204162 -0.6993463 -0.2699723 0.6618382 0.06744742 0.9436841 0.3239002 0.6986628 -0.06161707 0.7127929 0.7085628 0.1729824 -0.6841169 -0.707866 0.1957206 -0.6786894 -0.6998088 -0.06146597 0.7116809 0.007232964 0.9973323 0.07263535 -5.49337e-4 -0.9982978 -0.05832123 0.7028058 3.66235e-4 0.7113818 0.7100548 0.027345 -0.7036153 -0.710021 0.04278737 -0.7028795 -0.7033427 8.54534e-4 0.7108504 0.001464903 0.9999975 0.001739561 0.001709043 -0.9999974 0.001525938 0.7071068 0 -0.7071068 -0.7071068 0 0.7071068 0.00149542 0.9999989 0 0.001586973 -0.9999988 0 0.7008915 -0.7132515 0.004821896 0.7050282 0.7091789 -7.93504e-4 -0.7142101 0.6977602 0.05508708 -0.7099794 -0.7018612 0.05762112 0.1271117 0.01489323 0.9917767 -0.1281819 -0.009949326 -0.9917008 0.6985183 0.7154563 -0.01394712 0.7031023 -0.7055133 0.08887201 -0.7070327 0.7060256 0.04040706 -0.7103874 -0.6921982 0.1273247 0.7092704 -9.15581e-5 -0.7049366 0.7133506 -9.15569e-5 0.7008073 -0.1669076 -0.9859723 -6.71415e-4 -0.7021781 0.0732758 -0.7082208 0.1743232 0.9846883 -7.01932e-4 -0.1669718 -0.9859606 -0.00149542 0.174323 0.9846873 -0.001556456 -0.7062558 0.07419329 0.7040584 0.7110935 -9.15571e-5 -0.7030975 0.7110935 -1.22076e-4 0.7030975 -0.1668777 -0.9859763 0.001617491 -0.7039787 0.07367253 -0.7063897 0.174323 0.9846869 0.001831114 -0.7039787 0.07367253 0.7063897 0.1743233 0.9846885 0 -0.1669076 -0.9859725 0 0.7103952 -9.15576e-5 -0.703803 0.7130482 0 0.7011152 -0.7022087 0.0732758 -0.7081904 -0.1479886 -0.8791421 0.4529996 0.1574489 0.8849979 0.4381652 -0.7051717 0.07422214 0.7051412 0.7061448 -3.35707e-4 0.7080675 0.712877 0.02948194 -0.7006692 -0.1723404 -0.9740425 -0.1467655 -0.7026087 0.1267454 -0.7001976 0.1678832 0.9753159 0.1434378 -0.6996835 0.07312405 0.710701 0.6947621 -0.1706615 -0.698699 0.7001972 -0.1713336 0.6930863 -0.6017798 -0.7986599 -0.001892149 -0.6168014 0.3585749 -0.7006998 0.6050991 0.7961477 -0.002014219 -0.5331472 -0.708635 0.4621586 0.5449522 0.7163789 0.4356932 -0.620691 0.3627462 0.6950957 0.6965966 -0.1709064 -0.6968102 0.6965966 -0.1709064 0.6968102 -0.6017809 -0.7986614 0 -0.6190233 0.3605857 -0.6977021 0.6051003 0.7961493 0 -0.6190233 0.3605857 0.6977021 0.6051002 0.7961491 -7.01937e-4 -0.6017808 -0.7986612 -6.40907e-4 0.6918284 -0.1703248 0.7016859 0.7103714 -0.1268389 -0.6923038 -0.5945081 -0.7945899 -0.1232353 -0.6041879 0.3955284 -0.6917474 0.597751 0.7928609 0.118598 -0.6159725 0.3573819 0.7020372 0.6050997 0.7961484 0.001434385 -0.6018339 -0.7986203 0.00125122 0.6948075 -0.1706652 -0.698653 0.6988217 -0.1711499 0.6945185 -0.617624 0.3593066 -0.6995995 -0.6207855 0.3621681 0.6953127 0.5160877 -0.5003396 -0.6952077 0.5220569 -0.5041118 0.6879884 -0.3243594 0.6351988 -0.7009375 0.929774 0.3681252 -0.002075314 -0.828274 -0.3209146 0.4593214 -0.9321209 -0.3621422 -0.001953184 0.8355643 0.3313813 0.4381997 -0.3263438 0.6418533 0.6939194 0.5186411 -0.5019472 -0.692142 0.5186411 -0.5019472 0.692142 -0.3253367 0.638252 -0.6977038 0.9297656 0.3681524 0 -0.3253367 0.638252 0.6977038 -0.932137 -0.362106 0 0.9297654 0.3681523 -7.0194e-4 -0.9321367 -0.362106 -6.71414e-4 0.5164812 -0.4999396 0.6952033 0.5605221 -0.4689939 -0.6825392 -0.3057157 0.6500998 -0.6956351 0.9272364 0.3696188 0.0601229 -0.3239321 0.633459 0.7027074 -0.9301411 -0.3629067 -0.05600315 0.929764 0.3681517 0.001800596 -0.9321708 -0.3620158 0.00149542 0.5170621 -0.5009477 -0.6940448 0.5206331 -0.5031454 0.6897724 -0.3247551 0.6364785 -0.6995922 -0.3259713 0.640437 0.6954014 0.1931257 -0.6783205 -0.7089314 0.195996 -0.6826902 0.7039316 -0.07071149 0.7109299 -0.6996991 0.9965629 0.08282816 -0.001342773 -0.8924502 -0.06457918 0.4464998 -0.9972974 -0.07345902 -0.001342833 0.8937199 0.07553464 0.442221 -0.07086622 0.7161704 0.6943184 0.1945003 -0.6811633 -0.705823 0.1944963 -0.6811797 0.7058084 -0.07077401 0.7123182 -0.6982793 0.9965614 0.08285856 0 -0.07077401 0.7123182 0.6982793 -0.9973005 -0.07342875 0 0.9965611 0.08285856 -6.71414e-4 -0.9973003 -0.07342875 -6.71418e-4 0.1935232 -0.6774381 0.7096665 0.2313991 -0.6745733 -0.7010032 -0.05118024 0.7184771 -0.6936652 0.9955347 0.08362245 0.04379492 -0.07052975 0.7102727 0.7003845 -0.9966994 -0.07257485 -0.03637897 0.996561 0.0828585 8.24008e-4 -0.9973025 -0.07339835 7.01939e-4 0.1937072 -0.679486 -0.7076556 0.195508 -0.683332 0.7034444 -0.07068145 0.7105075 -0.700131 -0.07092636 0.7144826 0.696049 0.0407741 -0.7010039 -0.711991 0.04095667 -0.7027036 0.7103029 -0.01324558 0.710318 -0.7037562 0.9999025 0.01394724 -8.54539e-4 -0.01327598 0.7113802 0.7026821 -0.9999175 -0.01281785 -8.54526e-4 0.897061 0.009674668 0.441801 -0.896413 -0.01434403 0.4429877 0.04089564 -0.7023065 -0.7106992 0.04089564 -0.7023065 0.7106992 0.9999029 0.0139473 0 -0.01324528 0.7103332 0.703741 -0.9999184 -0.01278734 0 0.9999026 0.0139473 -6.71424e-4 -0.9999181 -0.01278734 -6.71414e-4 0.04092609 -0.7002919 0.7126826 0.06228989 -0.7031041 -0.7083535 0.009735584 0.7125605 -0.7015431 0.9982879 0.01321482 0.05697959 -0.0129705 0.7084347 0.7056574 -0.9986119 -0.01257377 -0.05114978 0.9999025 0.01394724 7.93501e-4 -0.9999176 -0.01281785 6.71413e-4 0.04071205 -0.7004674 -0.7125223 0.04110944 -0.7046296 0.7083835 -0.0132454 0.7085083 -0.7055783 -0.0132758 0.7126226 0.701422 0.005829215 -0.7183119 0.6956968 0.005768179 -0.7089391 -0.7052462 -0.9999883 -3.05191e-4 -0.004822015 0.9999883 -3.05191e-4 -0.004822015 0 0.694126 -0.7198536 -0.8976025 -0.006408989 0.4407594 0.8976025 -0.006408989 0.4407594 0 0.7064504 0.7077627 0.005768179 -0.7089391 0.7052462 -0.9999997 -8.54544e-4 0 0.9999997 -8.54544e-4 0 0 0.7047683 -0.7094377 0 0.7047683 0.7094377 0.9999994 -8.54544e-4 -6.71427e-4 -0.9999994 -8.54544e-4 -6.71427e-4 0.00576806 -0.7068203 0.7073696 0.02673441 -0.7103247 -0.7033664 -0.9986748 -0.001068115 -0.05145508 0.998308 -0.001068115 0.05813872 0.02404916 0.706307 -0.7074972 1.52595e-4 0.7027599 0.7114272 0.9999994 -8.54544e-4 7.93505e-4 -0.9999994 -8.54544e-4 7.01947e-4 0.005737662 -0.7071104 -0.7070799 0.005798578 -0.7112485 0.7029168 0 0.702944 -0.7112452 0 0.7070915 0.707122 0 -0.6949801 -0.7190291 0 -0.725196 0.6885426 0 0.8142651 -0.5804931 0.8952398 0.4297053 0.1178943 -0.7715145 0.3628376 0.5226034 -0.8952398 0.4297053 0.1178943 0.7715145 0.3628376 0.5226034 0 0.5705503 0.8212628 0 -0.7071068 -0.7071068 0 -0.7071068 0.7071068 0 0.7071068 -0.7071068 0.8944334 0.4472014 0 0 0.7071068 0.7071068 -0.8944334 0.4472014 0 0.8945432 0.4469817 -2.44152e-4 -0.8945432 0.4469817 -2.44152e-4 1.52597e-4 -0.7050896 0.7091182 0.02383553 -0.709176 -0.7046286 -0.8933202 0.4471331 -0.04529011 0.895241 0.4424323 0.05288922 0.02398806 0.7085342 -0.7052686 2.13635e-4 0.7044467 0.709757 0.8947684 0.4465296 9.46102e-4 -0.8947989 0.4464686 8.24024e-4 0 -0.7052733 -0.7089356 0 -0.7080218 0.7061907 0 0.7063893 -0.7078236 0 0.7091182 0.7050896 -0.05588036 -0.7007178 0.7112469 -0.05588066 0.6978217 0.7140884 -0.9191629 -0.001495361 -0.3938747 0.2037489 -0.7012187 -0.6832121 0.9162256 -0.001586973 0.4006598 -0.8155081 0.4623989 -0.3480429 0.8241025 0.436268 0.361283 0.2055762 0.6984587 -0.6854881 -0.05032593 -0.7016027 0.710789 -0.05600351 0.6978013 0.7140988 -0.9193848 -9.1557e-5 -0.3933594 0.2040208 -0.7011786 -0.6831722 0.9166408 0.001709043 0.3997085 0.205793 0.6969435 -0.6869637 -0.06644034 0.7043532 0.7067337 7.62986e-4 -0.6946226 0.7193739 -0.9228583 -0.1005595 -0.3717802 0.2277324 -0.6907966 -0.6862493 0.9125393 0.09698837 0.3973228 0.201002 0.7064674 -0.678603 -0.3654677 -0.6914131 0.6232026 -0.3676681 0.6854369 0.6284875 0.4987503 -0.7109221 -0.4958204 0.666026 -0.001983761 0.7459259 -0.5860038 0.4559299 -0.6698712 -0.6594039 -0.001922726 -0.7517864 0.597741 0.4433159 0.6679647 0.5026224 0.706003 -0.4989296 -0.3632718 -0.6910803 0.6248533 -0.3667826 0.6870841 0.627205 0.4996045 -0.7098534 -0.4964914 0.6660586 0.001586973 0.7458977 -0.6593399 0.001342833 -0.7518439 0.5028062 0.7056989 -0.4991744 -0.3645188 0.6929336 0.6220685 -0.3361755 -0.6783633 0.6533066 0.5347254 -0.7028552 -0.4691092 0.6630243 0.08319467 0.7439606 0.4970074 0.7132675 -0.4941996 -0.655362 -0.06854534 -0.7521983 -0.5415589 -0.7224143 0.4299206 -0.5424508 0.7208669 0.4313909 0.6375083 -0.6921065 -0.3384846 0.4146311 -0.002899289 0.9099851 -0.3534765 0.4518407 -0.8190814 -0.4038866 -0.00338757 -0.9148029 0.3804234 0.437403 0.8148354 0.6411576 0.6875476 -0.3408744 -0.5422612 -0.7214686 0.4306227 -0.5454078 0.7172917 0.4336162 0.6372687 -0.6934849 -0.3361065 0.4138122 -3.05194e-4 0.9103623 -0.4034879 -0.002471983 -0.9149816 0.6399786 0.6893885 -0.3393687 -0.5391873 0.725356 0.4279438 -0.519622 -0.7161664 0.4659385 0.6725775 -0.6810618 -0.2894726 0.4075533 0.1216189 0.9050465 0.6353215 0.6949869 -0.3366896 -0.3840185 -0.1231435 -0.9150768 0.7013114 -0.3423696 0.6252563 0.7222191 0.3615063 -0.5896719 -0.2346949 -0.77312 -0.58924 0.2370106 0.7708798 0.5912448 -0.6957185 0.4876683 -0.5274044 -0.6589779 -0.1751211 0.7314923 0.1883947 0.9190235 0.3462704 -0.1920854 -0.911353 -0.364059 -0.6545173 0.7154033 0.2445513 -0.6673697 -0.7019177 0.2488559 0.6981655 -0.7048189 -0.1256796 0.7081832 0.6942057 -0.1286662 -0.6576666 0.7122356 0.2453469 -0.6655126 -0.7039368 0.2481251 0.6959941 -0.7078661 -0.1204904 0.7109768 0.6913835 -0.1284556 -0.6508452 0.7196653 0.2418314 -0.6589764 -0.6977057 0.2809928 0.7144445 -0.6987884 -0.03555434 0.7055735 0.6949833 -0.1384351 0.6748742 0.6822903 -0.2811136 0.7467735 -0.6223164 0.2346313 -0.6962022 0.7090202 0.1122188 -0.3086384 -0.4405109 -0.8430258 0.2696356 0.4602268 0.8458653 -0.607173 -0.6725444 0.4231137 0.5554475 0.7119189 -0.4297088 0.7734142 -0.6326603 -0.03964424 -0.574186 0.7354183 0.35982 -0.5953952 -0.3913756 -0.7016623 0.6073282 0.3290864 0.7230868 -0.5280877 -0.628224 0.5713652 0.4295056 0.7245408 -0.5390413 0.6589424 -0.6213426 -0.4239437 -0.4411174 0.714687 0.5428057 -0.8190395 -0.4303185 -0.3794738 -0.1461883 -0.6400242 0.7543197 0.8521538 0.4243984 0.3061369 0.136513 -0.6797878 0.7205922 0.4111593 -0.6736275 -0.6141449 0.1129819 0.6763961 -0.727821 -0.1117922 0.7069796 0.6983426 -0.3856703 0.6141059 0.6885727 -0.2829753 0.7061258 -0.6490851 0.4339823 -0.5751333 0.6934561 -0.4867911 -0.7788048 -0.3955979 0.4616051 0.7900542 0.4034047 0.7195551 -0.2675023 -0.6408457 -0.6652289 0.2406445 0.7067961 -0.5326572 0.5071734 -0.6775334 0.656172 -0.3051962 0.6901403 0.779037 0.04852575 -0.6250974 0.7074634 0.1131343 -0.6976363 -0.6847629 0.3812783 -0.621069 -0.7000513 -0.06824111 0.7108246 0.7021883 -0.06592166 0.7089331 0.6522574 -0.4207994 0.6304666 -0.7377608 -0.05612397 0.6727253 0.6971533 0.1781414 -0.6944372 -0.4254734 -0.6708202 -0.6074311 0.5234389 0.6030336 0.6019654 -0.5368422 0.7412024 -0.4030132 0.6746654 0.5629638 -0.477387 -0.7124846 0.6589528 -0.2411369 -0.6779792 -0.4151497 0.6066259 0.711382 -0.4942349 0.4996674 0.3879988 -0.6870322 0.6143645 0.8260048 -0.3172481 -0.4659076 0.1813771 0.71385 -0.6764027 -0.6390146 0.4677094 0.6106621 -0.6827141 0.7292252 0.04617547 -0.52283 -0.4191551 0.7422654 0.7210612 -0.606612 0.3348024 0.6052619 0.5081794 -0.6127086 -0.688421 -0.7252881 0.005829155 -0.7043241 0.7098786 0 0.7072786 -0.7069124 0.00564599 0.001617491 0.0140388 0.9999002 0.007477045 -0.001098632 -0.9999715 0.001617491 -0.01239067 -0.9999219 0.007477045 -0.001098632 0.9999715 0.7267102 0.6869444 0 -0.7004993 0.7135308 -0.01321464 -0.7040465 -0.7044433 0.08987891 0.7087564 -0.6998446 0.08878147 0.001648008 0.1945603 0.9808892 0.7051815 0.7089049 -0.01315385 0.001586914 -0.1846992 -0.9827939 -0.6907727 0.6995012 -0.1831154 -0.7092639 -0.6250006 0.326066 0.7139425 -0.6211022 0.323293 0.001617491 0.5357962 0.8443459 0.6955054 0.6949561 -0.1825057 0.001556456 -0.5271313 -0.8497825 -0.7042258 -0.4693821 0.5326786 -0.695467 0.5753442 -0.4304705 0.7087878 -0.4667061 0.5289662 0.001617491 0.7853081 0.6191031 0.001556456 -0.7850396 -0.6194437 0.7001203 0.5712969 -0.4283125 -0.7036143 0.4090759 -0.5810196 -0.6961055 -0.2846803 0.6590861 0.7007479 -0.2834914 0.6546641 0.001617491 0.9460186 0.3241086 0.7081789 0.406095 -0.5775547 0.001556396 -0.9484867 -0.3168133 -0.6954242 -0.06113111 0.7159945 -0.706159 0.1735946 -0.6864434 0.7000326 -0.06091749 0.711508 0.001617491 0.9978216 0.0659517 0.001586973 -0.9984123 -0.05630832 0.710798 0.171855 -0.6820792 -0.7001912 3.35706e-4 0.7139552 -0.7081483 0.02682679 -0.7055541 0.7048602 3.35706e-4 0.7093464 0.001617491 0.9999973 0.001739561 0.001617491 -0.9999976 0.001464903 0.7127547 0.02649098 -0.7009131 -0.7044773 0 0.7097265 -0.7044773 0 -0.7097265 0.7091334 0 0.7050744 0.001617491 0.9999987 0 0.7091334 0 -0.7050744 0.001617491 -0.9999987 0 0.001617491 0.9999985 -6.71427e-4 0.001617491 -0.9999985 -6.71427e-4 -0.702637 0 -0.7115485 -0.7067863 0 0.7074272 0.7114121 0 0.7027751 0.001617491 0.9999979 -0.001342833 0.7073204 0 -0.7068932 0.001617491 -0.9999979 -0.001342833 -0.7024528 0 -0.7117304 -0.7062366 0 0.7079761 0.7115334 0 0.7026523 0.001922667 0.895029 0.4460038 0.7077779 0 -0.706435 0.001922667 -0.8950108 0.4460405 -0.6907625 0.7230818 0 -0.7003607 -0.7137892 0 0.723857 -0.6899501 0 0.001922667 0.4465901 -0.8947367 0.001922667 0.4465901 0.8947367 0.7105775 0.7036191 0 0.7070651 -0.7071261 0.00564599 -0.702917 -0.7112488 0.005737543 0.00262463 0.0140388 0.9998981 0.002044796 -8.54542e-4 -0.9999976 0.002044737 -0.01242119 -0.9999209 0.002594113 -8.54541e-4 0.9999963 0.7112605 0.7029286 0 -0.707122 0.7070915 0 0.6997556 -0.06091725 0.7117803 -0.6956737 -0.06109839 0.715755 6.71419e-4 0.9978206 0.06598216 6.10372e-4 -0.9485182 -0.316722 6.71413e-4 -0.998422 -0.05615454 0.7106374 0.1719446 -0.6822241 6.71412e-4 0.9460196 0.3241089 -0.7065165 0.1735009 -0.6860992 0.7103952 0 0.703803 -0.7057933 0 0.708418 8.24013e-4 0.8950608 0.4459434 0.7082504 0 -0.7059614 8.24013e-4 -0.8950608 0.4459434 6.71427e-4 0.9999992 -0.001098692 6.71427e-4 -0.9999992 -0.001098692 -0.7034657 0 -0.7107293 0.708589 -0.4668484 0.529107 -0.7045331 -0.4692309 0.5324054 9.46082e-4 0.7853087 0.6191036 0.00112915 -0.5272114 -0.8497334 8.54552e-4 -0.7850286 -0.619459 0.699917 0.5714636 -0.4284222 0.001342833 0.5357964 0.8443462 -0.6957831 0.575048 -0.4303552 0.7089356 0 0.7052733 -0.7047835 0 0.7094225 6.71427e-4 0.9999995 -6.71427e-4 0.7089356 0 -0.7052733 6.71427e-4 -0.9999995 -6.71427e-4 6.71428e-4 0.9999998 0 6.71428e-4 -0.9999998 0 -0.7047835 0 -0.7094225 0.7085724 -0.7000269 0.08881187 -0.7044015 -0.7040963 0.08981645 0.002594113 0.1945599 0.9808872 0.704952 0.7091331 -0.01315355 0.002014219 -0.184793 -0.9827755 -0.7008072 0.7132284 -0.0132147 0.7046304 3.66232e-4 0.7095745 -0.7004994 3.35707e-4 0.713653 6.71427e-4 0.9999983 0.001739561 6.71427e-4 -0.9999987 0.001464903 0.7125725 0.02652156 -0.7010971 -0.708468 0.0268262 -0.705233 0.7089204 -0.7052887 0 -0.7041863 -0.7100154 0 0.7095441 0.704661 0 0.003112912 0.4476875 0.8941847 0.002502501 0.4479567 -0.8940518 -0.7047835 0.7094225 0 0.700543 -0.283556 0.6548554 -0.6964148 -0.2846209 0.6587848 0.7079864 0.4061812 -0.5777301 -0.7039172 0.4088609 -0.5808041 0.7112149 0 0.7029747 -0.7029747 0 -0.7112149 0.7138494 -0.6211619 0.3233838 -0.7096727 -0.6246451 0.325858 0.6952723 0.6951807 -0.1825391 -0.6910836 0.6992017 -0.1830865 -0.7094072 0 0.7047989 -0.001556456 -0.9999982 -0.001098692 -0.001464903 0.9999983 -0.001098692 0.7094225 0 0.7047835 0.7052887 0 -0.7089204 -0.00149542 0.9999987 -6.71427e-4 -0.001586973 -0.9999986 -6.71427e-4 -0.7052733 0 -0.7089356 -0.7113386 -0.6236574 0.3241126 0.06714296 -0.527469 -0.8469169 0.7186655 -0.6061108 0.3408076 -0.06625735 0.5207201 0.8511524 0.6919597 0.7089589 -0.1362678 -0.1088324 0.1874505 0.9762263 -0.6883969 0.7017034 -0.1836355 0.11997 -0.1832357 -0.9757212 -0.001739561 -0.8954854 0.4450876 -0.001739561 0.8954368 0.4451853 -0.7060351 -0.4683503 0.5311897 0.04135346 -0.782909 -0.6207605 0.7081963 -0.4480208 0.5456514 -0.04602229 0.7877198 0.6143122 0.6949707 0.5980739 -0.3991534 -0.6957799 0.575259 -0.4300785 -0.7026675 -0.7115179 -7.93492e-4 0.1279062 0.002105772 -0.9917842 0.7136102 -0.698381 0.05499637 -0.1281803 0.001617491 0.9917496 0.7120516 0.6999963 0.05466049 -0.1213448 0.4395087 0.8900043 -0.7010841 0.7130781 -0.00100708 0.108769 0.4508239 -0.8859611 -0.6991629 -0.2842247 0.6560394 0.06930804 -0.944738 -0.3204162 0.6993463 -0.2699723 0.6618382 -0.06744742 0.9436841 0.3239002 0.7050524 0.4245207 -0.5680521 -0.7057023 0.4074963 -0.5795958 -0.6986628 -0.06161707 0.7127929 5.49337e-4 -0.9982978 -0.05832123 0.6998088 -0.06146597 0.7116809 -0.007232964 0.9973323 0.07263535 0.707866 0.1957206 -0.6786894 -0.7085628 0.1729824 -0.6841169 0.7033427 8.54534e-4 0.7108504 -0.7028058 3.66235e-4 0.7113818 -0.00149542 0.9999974 0.001739561 -0.001678526 -0.9999975 0.001525938 0.710021 0.04278737 -0.7028795 -0.7100548 0.027345 -0.7036153 -0.00149542 0.9999989 0 -0.001586973 -0.9999988 0 -0.7008915 -0.7132515 0.004821896 0.1281819 -0.009949326 -0.9917008 0.7099794 -0.7018612 0.05762112 -0.1271117 0.01489323 0.9917767 0.7142101 0.6977602 0.05508708 -0.7050282 0.7091789 -7.93504e-4 -0.7031023 -0.7055133 0.08887201 0.7103874 -0.6921982 0.1273247 0.7070327 0.7060256 0.04040706 -0.6985183 0.7154563 -0.01394712 -0.7133506 -9.15569e-5 0.7008073 0.1669718 -0.9859606 -0.00149542 0.7062558 0.07419329 0.7040584 -0.174323 0.9846873 -0.001556456 0.7021781 0.0732758 -0.7082208 -0.1743232 0.9846883 -7.01932e-4 -0.7092704 -9.15581e-5 -0.7049366 0.1669076 -0.9859723 -6.71415e-4 -0.7110935 -9.15571e-5 0.7030975 0.1669076 -0.9859725 0 0.7039787 0.07367253 0.7063897 -0.1743233 0.9846885 0 0.7039787 0.07367253 -0.7063897 -0.174323 0.9846869 0.001831114 -0.7110935 -1.22076e-4 -0.7030975 0.1668777 -0.9859763 0.001617491 -0.7130482 0 0.7011152 0.1479886 -0.8791421 0.4529996 0.7051717 0.07422214 0.7051412 -0.1574489 0.8849979 0.4381652 0.7022087 0.0732758 -0.7081904 -0.7103952 -9.15576e-5 -0.703803 -0.7061448 -3.35707e-4 0.7080675 0.6996835 0.07312405 0.710701 0.1723404 -0.9740425 -0.1467655 0.7026087 0.1267454 -0.7001976 -0.1678832 0.9753159 0.1434378 -0.712877 0.02948194 -0.7006692 -0.7001972 -0.1713336 0.6930863 0.5331472 -0.708635 0.4621586 0.620691 0.3627462 0.6950957 -0.5449522 0.7163789 0.4356932 0.6168014 0.3585749 -0.7006998 -0.6050991 0.7961477 -0.002014219 -0.6947621 -0.1706615 -0.698699 0.6017798 -0.7986599 -0.001892149 -0.6965966 -0.1709064 0.6968102 0.6017808 -0.7986612 -6.40907e-4 0.6190233 0.3605857 0.6977021 -0.6051002 0.7961491 -7.01937e-4 0.6190233 0.3605857 -0.6977021 -0.6051003 0.7961493 0 -0.6966114 -0.1709101 -0.6967945 0.6017809 -0.7986614 0 -0.6918284 -0.1703248 0.7016859 0.6018339 -0.7986203 0.00125122 0.6159725 0.3573819 0.7020372 -0.6050997 0.7961484 0.001434385 0.5945081 -0.7945899 -0.1232353 0.6041879 0.3955284 -0.6917474 -0.597751 0.7928609 0.118598 -0.7103714 -0.1268389 -0.6923038 -0.6988217 -0.1711499 0.6945185 0.6207855 0.3621681 0.6953127 0.617624 0.3593066 -0.6995995 -0.6948075 -0.1706652 -0.698653 0.3263438 0.6418533 0.6939194 -0.5220569 -0.5041118 0.6879884 -0.8355643 0.3313813 0.4381997 0.3243594 0.6351988 -0.7009375 0.828274 -0.3209146 0.4593214 -0.929774 0.3681252 -0.002075314 0.9321209 -0.3621422 -0.001953184 -0.5160877 -0.5003396 -0.6952077 0.3253367 0.638252 0.6977038 -0.5186411 -0.5019472 0.692142 -0.9297654 0.3681523 -7.0194e-4 0.3253367 0.638252 -0.6977038 0.9321367 -0.362106 -6.71414e-4 -0.9297656 0.3681524 0 0.932137 -0.362106 0 -0.5186411 -0.5019472 -0.692142 0.3239321 0.633459 0.7027074 -0.5164812 -0.4999396 0.6952033 -0.929764 0.3681517 0.001800596 0.9301411 -0.3629067 -0.05600315 0.9321708 -0.3620158 0.00149542 0.3057157 0.6500998 -0.6956351 -0.9272364 0.3696188 0.0601229 -0.5605221 -0.4689939 -0.6825392 0.3259713 0.640437 0.6954014 -0.5206331 -0.5031454 0.6897724 0.3247551 0.6364785 -0.6995922 -0.5170621 -0.5009477 -0.6940448 0.07086622 0.7161704 0.6943184 -0.195996 -0.6826902 0.7039316 -0.8937199 0.07553464 0.442221 0.07071149 0.7109299 -0.6996991 0.8924502 -0.06457918 0.4464998 -0.9965629 0.08282816 -0.001342773 0.9972974 -0.07345902 -0.001342833 -0.1931257 -0.6783205 -0.7089314 0.07077401 0.7123182 0.6982793 -0.1945003 -0.6811633 0.705823 -0.9965611 0.08285856 -6.71414e-4 0.07077401 0.7123182 -0.6982793 0.9973003 -0.07342875 -6.71418e-4 -0.9965614 0.08285856 0 0.9973005 -0.07342875 0 -0.1944963 -0.6811797 -0.7058084 0.07052975 0.7102727 0.7003845 -0.1935232 -0.6774381 0.7096665 -0.996561 0.0828585 8.24008e-4 0.9966994 -0.07257485 -0.03637897 0.9973025 -0.07339835 7.01939e-4 0.05118024 0.7184771 -0.6936652 -0.9955347 0.08362245 0.04379492 -0.2313991 -0.6745733 -0.7010032 0.07092636 0.7144826 0.696049 -0.195508 -0.683332 0.7034444 0.07068145 0.7105075 -0.700131 -0.1937072 -0.679486 -0.7076556 0.01327598 0.7113802 0.7026821 -0.04095667 -0.7027036 0.7103029 -0.897061 0.009674668 0.441801 0.9999175 -0.01281785 -8.54526e-4 0.896413 -0.01434403 0.4429877 -0.9999025 0.01394724 -8.54539e-4 0.01324558 0.710318 -0.7037562 -0.0407741 -0.7010039 -0.711991 0.01324528 0.7103332 0.703741 -0.04089564 -0.7023065 0.7106992 -0.9999026 0.0139473 -6.71424e-4 0.9999181 -0.01278734 -6.71414e-4 -0.9999029 0.0139473 0 0.9999184 -0.01278734 0 -0.04089564 -0.7023065 -0.7106992 0.0129705 0.7084347 0.7056574 -0.04092609 -0.7002919 0.7126826 -0.9999025 0.01394724 7.93501e-4 0.9986119 -0.01257377 -0.05114978 0.9999176 -0.01281785 6.71413e-4 -0.009735584 0.7125605 -0.7015431 -0.9982879 0.01321482 0.05697959 -0.06228989 -0.7031041 -0.7083535 0.0132758 0.7126226 0.701422 -0.04110944 -0.7046296 0.7083835 0.0132454 0.7085083 -0.7055783 -0.04071205 -0.7004674 -0.7125223 -0.005829215 -0.7183119 0.6956968 -0.005768179 -0.7089391 -0.7052462 -0.005768179 -0.7089391 0.7052462 -0.00576806 -0.7068203 0.7073696 0.9999994 -8.54544e-4 7.01947e-4 -0.9999994 -8.54544e-4 7.93505e-4 -1.52595e-4 0.7027599 0.7114272 0.9986748 -0.001068115 -0.05145508 -0.02404916 0.706307 -0.7074972 -0.998308 -0.001068115 0.05813872 -0.02673441 -0.7103247 -0.7033664 -0.005798578 -0.7112485 0.7029168 -0.005737662 -0.7071104 -0.7070799 -2.13635e-4 0.7044467 0.709757 -1.52597e-4 -0.7050896 0.7091182 -0.8947684 0.4465296 9.46102e-4 0.8933202 0.4471331 -0.04529011 0.8947989 0.4464686 8.24024e-4 -0.02398806 0.7085342 -0.7052686 -0.895241 0.4424323 0.05288922 -0.02383553 -0.709176 -0.7046286 0.05588066 0.6978217 0.7140884 0.8155081 0.4623989 -0.3480429 -0.2055762 0.6984587 -0.6854881 -0.8241025 0.436268 0.361283 -0.2037489 -0.7012187 -0.6832121 -0.9162256 -0.001586973 0.4006598 0.05588036 -0.7007178 0.7112469 0.9191629 -0.001495361 -0.3938747 0.05600351 0.6978013 0.7140988 -0.205793 0.6969435 -0.6869637 -0.2040208 -0.7011786 -0.6831722 -0.9166408 0.001709043 0.3997085 0.05032593 -0.7016027 0.710789 0.9193848 -9.1557e-5 -0.3933594 0.06644034 0.7043532 0.7067337 -0.201002 0.7064674 -0.678603 0.9228583 -0.1005595 -0.3717802 -0.2277324 -0.6907966 -0.6862493 -0.9125393 0.09698837 0.3973228 -7.62986e-4 -0.6946226 0.7193739 -0.5026224 0.706003 -0.4989296 0.3676681 0.6854369 0.6284875 -0.597741 0.4433159 0.6679647 -0.4987503 -0.7109221 -0.4958204 0.5860038 0.4559299 -0.6698712 -0.666026 -0.001983761 0.7459259 0.6594039 -0.001922726 -0.7517864 0.3654677 -0.6914131 0.6232026 -0.5028062 0.7056989 -0.4991744 0.3667826 0.6870841 0.627205 -0.4996045 -0.7098534 -0.4964914 -0.6660586 0.001586973 0.7458977 0.6593399 0.001342833 -0.7518439 0.3632718 -0.6910803 0.6248533 -0.4970074 0.7132675 -0.4941996 0.3645188 0.6929336 0.6220685 0.655362 -0.06854534 -0.7521983 -0.5347254 -0.7028552 -0.4691092 -0.6630243 0.08319467 0.7439606 0.3361755 -0.6783633 0.6533066 -0.6411576 0.6875476 -0.3408744 0.5424508 0.7208669 0.4313909 -0.3804234 0.437403 0.8148354 -0.6375083 -0.6921065 -0.3384846 0.3534765 0.4518407 -0.8190814 -0.4146311 -0.002899289 0.9099851 0.4038866 -0.00338757 -0.9148029 0.5415589 -0.7224143 0.4299206 -0.6399786 0.6893885 -0.3393687 0.5454078 0.7172917 0.4336162 -0.6372687 -0.6934849 -0.3361065 -0.4138122 -3.05194e-4 0.9103623 0.4034879 -0.002471983 -0.9149816 0.5422612 -0.7214686 0.4306227 -0.6353215 0.6949869 -0.3366896 0.5391873 0.725356 0.4279438 0.3840185 -0.1231435 -0.9150768 -0.6725775 -0.6810618 -0.2894726 -0.4075533 0.1216189 0.9050465 0.519622 -0.7161664 0.4659385 -0.7013114 -0.3423696 0.6252563 0.1920854 -0.911353 -0.364059 -0.1883947 0.9190235 0.3462704 0.6589779 -0.1751211 0.7314923 0.2346949 -0.77312 -0.58924 0.6957185 0.4876683 -0.5274044 -0.2370106 0.7708798 0.5912448 -0.7222191 0.3615063 -0.5896719 -0.7081832 0.6942057 -0.1286662 0.6545173 0.7154033 0.2445513 -0.6981655 -0.7048189 -0.1256796 0.6673697 -0.7019177 0.2488559 -0.7109768 0.6913835 -0.1284556 0.6576666 0.7122356 0.2453469 -0.6959941 -0.7078661 -0.1204904 0.6655126 -0.7039368 0.2481251 -0.7055735 0.6949833 -0.1384351 0.6508452 0.7196653 0.2418314 -0.7144445 -0.6987884 -0.03555434 0.6589764 -0.6977057 0.2809928 -0.7467735 -0.6223164 0.2346313 0.3086384 -0.4405109 -0.8430258 -0.2696356 0.4602268 0.8458653 0.607173 -0.6725444 0.4231137 0.6962022 0.7090202 0.1122188 -0.6748742 0.6822903 -0.2811136 -0.7734142 -0.6326603 -0.03964424 0.5953952 -0.3913756 -0.7016623 -0.6073282 0.3290864 0.7230868 0.5280877 -0.628224 0.5713652 0.574186 0.7354183 0.35982 -0.5554475 0.7119189 -0.4297088 0.1461883 -0.6400242 0.7543197 -0.6589424 -0.6213426 -0.4239437 -0.8521538 0.4243984 0.3061369 0.4411174 0.714687 0.5428057 0.8190395 -0.4303185 -0.3794738 -0.4295056 0.7245408 -0.5390413 0.1117922 0.7069796 0.6983426 -0.136513 -0.6797878 0.7205922 -0.1129819 0.6763961 -0.727821 -0.4111593 -0.6736275 -0.6141449 -0.7195551 -0.2675023 -0.6408457 0.2829753 0.7061258 -0.6490851 -0.4616051 0.7900542 0.4034047 -0.4339823 -0.5751333 0.6934561 0.4867911 -0.7788048 -0.3955979 0.3856703 0.6141059 0.6885727 -0.779037 0.04852575 -0.6250974 0.5326572 0.5071734 -0.6775334 -0.656172 -0.3051962 0.6901403 0.6652289 0.2406445 0.7067961 -0.7021883 -0.06592166 0.7089331 -0.7074634 0.1131343 -0.6976363 0.7000513 -0.06824111 0.7108246 0.6847629 0.3812783 -0.621069 0.7377608 -0.05612397 0.6727253 0.4254734 -0.6708202 -0.6074311 -0.5234389 0.6030336 0.6019654 0.5368422 0.7412024 -0.4030132 -0.6971533 0.1781414 -0.6944372 -0.6522574 -0.4207994 0.6304666 -0.6746654 0.5629638 -0.477387 -0.711382 -0.4942349 0.4996674 0.6779792 -0.4151497 0.6066259 0.7124846 0.6589528 -0.2411369 0.6390146 0.4677094 0.6106621 -0.3879988 -0.6870322 0.6143645 -0.1813771 0.71385 -0.6764027 -0.8260048 -0.3172481 -0.4659076 -0.6052619 0.5081794 -0.6127086 0.6827141 0.7292252 0.04617547 -0.7210612 -0.606612 0.3348024 0.52283 -0.4191551 0.7422654</float_array>
          <technique_common>
            <accessor source="#Plane_003-mesh-normals-array" count="1056" stride="3">
              <param name="X" type="float"/>
              <param name="Y" type="float"/>
              <param name="Z" type="float"/>
            </accessor>
          </technique_common>
        </source>
        <source id="Plane_003-mesh-map-0">
          <float_array id="Plane_003-mesh-map-0-array" count="18240">1 0.5 0 0.5 0 0.5 1 0.5 0 0.5 1 0.5 1 1 1 0.5 1 0.5 1 1 1 0.5 1 1 1 1 0 1 1 1 1 1 0 1 0 1 0 1 0 0.5 0 1 0 1 0 0.5 0 0.5 1 1 0 1 0 1 1 1 0 1 1 1 1 1 1 1 1 1 1 1 1 1 1 1 1 1 0 1 1 1 1 1 0 1 0 1 0 1 0 1 0 1 0 1 0 1 0 1 1 1 0 1 0 1 1 1 0 1 1 1 1 1 1 1 1 1 1 1 1 1 1 1 1 1 0 1 1 1 1 1 0 1 0 1 0 1 0 1 0 1 0 1 0 1 0 1 1 1 0 1 0 1 1 1 0 1 1 1 1 1 1 1 1 1 1 1 1 1 1 1 1 1 0 1 1 1 1 1 0 1 0 1 0 1 0 1 0 1 0 1 0 1 0 1 1 1 0 1 0 1 1 1 0 1 1 1 1 1 1 1 1 1 1 1 1 1 1 1 1 1 0 1 1 1 1 1 0 1 0 1 0 1 0 1 0 1 0 1 0 1 0 1 1 1 0 1 0 1 1 1 0 1 1 1 1 1 1 1 1 1 1 1 1 1 1 1 1 1 0 1 1 1 1 1 0 1 0 1 0 1 0 1 0 1 0 1 0 1 0 1 1 1 0 1 0 1 1 1 0 1 1 1 1 1 1 1 1 1 1 1 1 1 1 1 1 1 0 1 1 1 1 1 0 1 0 1 0 1 0 1 0 1 0 1 0 1 0 1 1 1 0 1 0 1 1 1 0 1 1 1 1 1 1 1 1 1 1 1 1 1 1 1 1 1 0 1 1 1 1 1 0 1 0 1 0 1 0 1 0 1 0 1 0 1 0 1 1 1 0 1 0 1 1 1 0 1 1 1 1 1 1 1 1 1 1 1 1 1 1 1 1 1 0 1 1 1 1 1 0 1 0 1 0 1 0 1 0 1 0 1 0 1 0 1 1 1 0 1 0 1 1 1 0 1 1 1 1 1 1 1 1 1 1 1 1 1 1 1 1 1 0 1 1 1 1 1 0 1 0 1 0 1 0 1 0 1 0 1 0 1 0 1 1 1 0 1 0 1 1 1 0 1 1 1 1 1 1 1 1 1 1 1 1 1 1 1 1 1 0 1 1 1 1 1 0 1 0 1 0 1 0 1 0 1 0 1 0 1 0 1 1 0 0 0 0 0 1 0 0 0 1 0 1 0.5 1 0 1 0 1 0.5 1 0 1 0.5 1 0.5 0 0.5 1 0.5 1 0.5 0 0.5 0 0.5 0 0 0 0.5 0 0.5 0 0 0 0.5 0 0 1 1 1 0.5 1 1 1 1 1 0.5 1 0.5 1 0.5 1 0.5 1 0.5 1 0.5 1 0.5 1 0.5 1 1 1 0.5 1 0.5 1 1 1 0.5 1 1 1 1 1 1 1 1 1 1 1 1 1 1 1 1 1 1 1 1 1 1 1 1 1 1 1 1 1 1 1 1 1 1 1 1 1 1 1 1 1 1 1 1 1 1 1 1 1 1 1 1 1 1 1 1 1 1 1 1 1 1 1 1 1 1 1 1 1 1 1 1 1 1 1 1 1 1 1 1 1 1 1 1 1 1 1 1 1 1 1 1 1 1 1 1 1 1 1 1 1 1 1 1 1 1 1 1 1 1 1 1 1 1 1 1 1 1 1 1 1 1 1 1 1 1 1 1 1 1 1 1 1 1 1 1 1 1 1 1 1 1 1 1 1 1 1 1 1 1 1 1 1 1 1 1 1 1 1 1 1 1 1 1 1 1 1 1 1 1 1 1 1 1 1 1 1 1 1 1 1 1 1 1 1 1 1 1 1 1 1 1 1 1 1 1 1 1 1 1 1 1 1 1 1 1 1 1 1 1 1 1 1 1 1 1 1 1 1 1 1 1 1 1 1 1 1 1 1 1 1 1 1 1 1 1 1 1 1 1 1 1 1 1 1 1 1 1 1 1 1 1 1 1 1 1 1 1 1 1 1 1 1 1 1 1 1 1 1 1 1 1 1 1 1 1 1 1 1 1 1 1 1 1 1 1 1 1 1 1 1 1 1 1 1 1 1 1 1 1 1 1 1 0.5 1 0 1 0.5 1 0.5 1 0 1 0 1 0 1 0 1 0 1 0 1 0 1 0 1 0.5 1 0 1 0 1 0 1 0.5 1 0.5 1 0.5 1 0.5 1 0.5 1 0.5 1 0.5 1 0.5 1 1 1 1 1 1 1 1 1 1 1 1 1 1 1 1 1 1 1 1 1 1 1 1 1 1 1 1 1 1 1 1 1 1 1 1 1 1 1 1 1 1 1 1 1 1 1 1 1 1 1 1 1 1 1 1 1 1 1 1 1 1 1 1 1 1 1 1 1 1 1 1 1 1 1 1 1 1 1 1 1 1 1 1 1 1 1 1 1 1 1 1 1 1 1 1 1 1 1 1 1 1 1 1 1 1 1 1 1 1 1 1 1 1 1 1 1 1 1 1 1 1 1 1 1 1 1 1 1 1 1 1 1 1 1 1 1 1 1 1 1 1 1 1 1 1 1 1 1 1 1 1 1 1 1 1 1 1 1 1 1 1 1 1 1 1 1 1 1 1 1 1 1 1 1 1 1 1 1 1 1 1 1 1 1 1 1 1 1 1 1 1 1 1 1 1 1 1 1 1 1 1 1 1 1 1 1 1 1 1 1 1 1 1 1 1 1 1 1 1 1 1 1 1 1 1 1 1 1 1 1 1 1 1 1 1 1 1 1 1 1 1 1 1 1 1 1 1 1 1 1 1 1 1 1 1 1 1 1 1 1 1 1 1 1 1 1 1 1 1 1 1 1 1 1 1 1 1 1 1 1 1 1 1 1 1 1 1 1 1 1 1 1 1 1 1 1 1 1 1 1 1 1 1 1 1 1 1 1 1 1 1 1 1 1 1 1 1 1 1 1 1 1 1 1 1 1 1 1 1 1 1 1 1 1 1 1 1 1 1 1 1 1 1 1 1 1 1 1 1 1 1 1 1 1 1 1 1 1 1 1 1 1 1 1 1 1 1 1 1 1 1 1 1 1 1 1 1 1 1 1 1 1 1 1 0 1 0.5 1 0.5 1 0.5 1 0 1 0 1 0 1 0 1 0 1 0 1 0 1 0 1 0 1 0.5 1 0 1 0 1 0.5 1 0.5 1 0.5 1 0.5 1 0.5 1 0.5 1 0.5 1 0.5 1 1 1 1 1 1 1 1 1 1 1 1 1 1 1 1 1 1 1 1 1 1 1 1 1 1 1 1 1 1 1 1 1 1 1 1 1 1 1 1 1 1 1 1 1 1 1 1 1 1 1 1 1 1 1 1 1 1 1 1 1 1 1 1 1 1 1 1 1 1 1 1 1 1 1 1 1 1 1 1 1 1 1 1 1 1 1 1 1 1 1 1 1 1 1 1 1 1 1 1 1 1 1 1 1 1 1 1 1 1 1 1 1 1 1 1 1 1 1 1 1 1 1 1 1 1 1 1 1 1 1 1 1 1 1 1 1 1 1 1 1 1 1 1 1 1 1 1 1 1 1 1 1 1 1 1 1 1 1 1 1 1 1 1 1 1 1 1 1 1 1 1 1 1 1 1 1 1 1 1 1 1 1 1 1 1 1 1 1 1 1 1 1 1 1 0.5 1 1 1 1 1 0.5 1 0.5 1 0.5 1 0.5 1 0.5 1 0.5 1 0.5 1 0.5 1 1 1 0.5 1 0.5 1 1 1 0.5 1 1 1 1 1 1 1 1 1 1 1 1 1 1 1 1 1 1 1 1 1 1 1 1 1 1 1 1 1 1 1 1 1 1 1 1 1 1 1 1 1 1 1 1 1 1 1 1 1 1 1 1 1 1 1 1 1 1 1 1 1 1 1 1 1 1 1 1 1 1 1 1 1 1 1 1 1 1 1 1 1 1 1 1 1 1 1 1 1 1 1 1 1 1 1 1 1 1 1 1 1 1 1 1 1 1 1 1 1 1 1 1 1 1 1 1 1 1 1 1 1 1 1 1 1 1 1 1 1 1 1 1 1 1 1 1 1 1 1 1 1 1 1 1 1 1 1 1 1 1 1 1 1 1 1 1 1 1 1 1 1 1 1 1 1 1 1 1 1 1 1 1 1 1 1 1 1 1 1 1 1 1 1 1 1 1 1 1 1 1 1 1 1 1 1 1 1 1 1 1 1 1 1 1 1 1 1 1 1 1 1 1 1 1 1 1 1 1 1 1 1 1 1 1 1 1 1 1 1 1 1 1 1 1 1 1 1 1 1 1 1 1 1 1 1 1 1 1 1 1 1 1 1 1 1 1 1 1 1 1 1 1 1 1 1 1 1 1 1 1 1 1 1 1 1 1 1 1 1 1 1 1 1 1 1 1 1 1 1 1 1 1 1 1 1 1 1 1 1 1 1 1 1 1 1 1 1 1 1 1 1 1 1 1 1 1 1 1 1 1 1 1 1 1 1 1 1 1 1 1 1 1 1 1 1 1 1 1 1 1 1 1 1 1 1 1 1 1 1 1 1 1 1 1 1 1 1 1 1 1 1 1 1 1 1 1 1 1 1 1 1 1 1 1 1 1 1 1 1 1 1 1 1 1 1 1 1 1 1 1 1 1 1 1 1 1 1 1 1 1 1 1 1 1 1 1 1 1 1 1 1 1 1 1 1 1 1 1 1 1 1 1 1 1 1 1 1 1 1 1 1 1 1 1 1 1 1 1 1 1 1 1 1 1 1 1 1 1 1 1 1 1 1 1 1 1 1 1 1 1 1 1 1 1 1 1 1 1 1 1 1 1 1 1 1 1 1 1 1 1 1 1 1 1 1 1 1 1 1 1 1 1 1 1 1 1 1 1 1 1 1 1 1 1 1 1 1 1 1 1 1 1 1 1 1 1 1 1 1 1 1 1 1 1 1 1 1 1 1 1 1 1 1 1 1 1 1 1 1 1 1 1 1 1 1 1 1 1 1 1 1 1 1 1 1 1 1 1 1 1 1 1 1 1 1 1 1 1 1 1 1 1 1 1 1 1 1 1 1 1 1 1 1 1 1 1 1 1 1 1 1 1 1 1 1 1 1 1 1 1 1 1 1 1 1 1 1 1 1 1 1 1 1 1 1 1 1 1 1 1 1 1 1 1 1 1 1 1 1 1 1 1 1 1 1 1 1 1 1 1 1 1 1 1 1 1 1 1 1 1 1 1 1 1 1 1 1 1 1 1 1 1 1 1 1 1 1 1 1 1 1 1 1 1 1 1 1 1 1 1 1 1 1 1 1 1 1 1 1 1 1 1 1 1 1 1 1 1 1 1 1 1 1 1 1 1 1 1 1 1 1 1 1 1 1 1 1 1 1 1 1 1 1 1 1 1 1 1 1 1 1 1 1 1 1 1 1 1 1 1 1 1 1 1 1 1 1 1 1 1 1 1 1 1 1 1 1 1 1 1 1 1 1 1 1 1 1 1 1 1 1 1 1 1 1 1 1 1 1 1 1 1 1 1 1 1 1 1 1 1 1 1 1 1 1 1 1 1 1 1 1 1 1 1 1 1 1 1 1 1 1 1 1 1 1 1 1 1 1 1 1 1 1 1 1 1 1 1 1 1 1 1 1 1 1 1 1 1 1 1 1 1 1 1 1 1 1 1 1 1 1 1 1 1 1 1 1 1 1 1 1 1 1 1 1 1 1 1 1 1 1 1 1 1 1 1 1 1 1 1 1 1 1 1 1 1 1 1 1 1 1 1 1 1 1 1 1 1 1 1 1 1 1 1 1 1 1 1 1 1 1 1 1 1 1 1 1 1 1 1 1 1 1 1 1 1 1 1 1 1 1 1 1 1 1 1 1 1 1 1 1 1 1 1 1 1 1 1 1 1 1 1 1 1 1 1 1 1 1 1 1 1 1 1 1 1 1 1 1 1 1 1 1 1 1 1 1 1 1 1 1 1 1 1 1 1 1 1 1 1 1 1 1 1 1 1 1 1 1 1 1 1 1 1 1 1 1 1 1 1 1 1 1 1 1 1 1 1 1 1 1 1 1 1 1 1 1 1 1 1 1 1 1 1 1 1 1 1 1 1 1 1 1 1 1 1 1 1 1 1 1 1 1 1 1 1 1 1 1 1 1 1 1 1 1 1 1 1 1 1 1 1 1 1 1 1 1 1 1 1 1 1 1 1 1 1 1 1 1 1 1 1 1 1 1 1 1 1 1 1 1 1 1 1 1 1 1 1 1 1 1 1 1 1 1 1 1 1 1 1 1 1 1 1 1 1 1 1 1 1 1 1 1 1 1 1 1 1 1 1 1 1 1 1 1 1 1 1 1 1 1 1 1 1 1 1 1 1 1 1 1 1 1 1 1 1 1 1 1 1 1 1 1 1 1 1 1 1 1 1 1 1 1 1 1 1 1 1 1 1 1 1 1 1 1 1 1 1 1 1 1 1 1 1 1 1 1 1 1 1 1 1 1 1 1 1 1 1 1 1 1 1 1 1 1 1 1 1 1 1 1 1 1 1 1 1 1 1 1 1 1 1 1 1 1 1 1 1 1 1 1 1 1 1 1 1 1 1 1 1 1 1 1 1 1 1 1 1 1 1 1 1 1 1 1 1 1 1 1 1 1 1 1 1 1 1 1 1 1 1 1 1 1 1 1 1 1 1 1 1 1 1 1 1 1 1 1 1 1 1 1 1 1 1 1 1 1 1 1 1 1 1 1 1 1 1 1 1 1 1 1 1 1 1 1 1 1 1 1 1 1 1 1 1 1 1 1 1 1 1 1 1 1 1 1 1 1 1 1 1 1 1 1 1 1 1 1 1 1 1 1 1 1 1 1 1 1 1 1 1 1 1 1 1 1 1 1 1 1 1 1 1 1 1 1 1 1 1 1 1 1 1 1 1 1 1 1 1 1 1 1 1 1 1 1 1 1 1 1 1 1 1 1 1 1 1 1 1 1 1 1 1 1 1 1 1 1 1 1 1 1 1 1 1 1 1 1 1 1 1 1 1 1 1 1 1 1 1 1 1 1 1 1 1 1 1 1 1 1 1 1 1 1 1 1 1 1 1 1 1 1 1 1 1 1 1 1 1 1 1 1 1 1 1 1 1 1 1 1 1 1 1 1 1 1 1 1 1 1 1 1 1 1 1 1 1 1 1 1 1 1 1 1 1 1 1 1 1 1 1 1 1 1 1 1 1 1 1 1 1 1 1 1 1 1 1 1 1 1 1 1 1 1 1 1 1 1 1 1 1 1 1 1 1 1 1 1 1 1 1 1 1 1 1 1 1 1 1 1 1 1 1 1 1 1 1 1 1 1 1 1 1 1 1 1 1 1 1 1 1 1 1 1 1 1 1 1 1 1 1 1 1 1 1 1 1 1 1 1 1 1 1 1 1 1 1 1 1 1 1 1 1 1 1 1 1 1 1 1 1 1 1 1 1 1 1 1 1 1 1 1 1 1 1 1 1 1 1 1 1 1 1 1 1 1 1 1 1 1 1 1 1 1 1 1 1 1 1 1 1 1 1 1 1 1 1 1 1 1 1 1 1 1 1 1 1 1 1 1 1 1 1 1 1 1 1 1 1 1 1 1 1 1 1 1 1 1 1 1 1 1 1 1 1 1 1 1 1 1 1 1 1 1 1 1 1 1 1 1 1 1 1 1 1 1 1 1 1 1 1 1 1 1 1 1 1 1 1 1 1 1 1 1 1 1 1 1 1 1 1 1 1 1 1 1 1 1 1 1 1 1 1 1 1 1 1 1 1 1 1 1 1 1 1 1 1 1 1 1 1 1 1 1 1 1 1 1 1 1 1 1 1 1 1 1 1 1 1 1 1 1 1 1 1 1 1 1 1 1 1 1 1 1 1 1 1 1 1 1 1 1 1 1 1 1 1 1 1 1 1 1 1 1 1 1 1 1 1 1 1 1 1 1 1 1 1 1 1 1 1 1 1 1 1 1 1 1 1 1 1 1 1 1 1 1 1 1 1 1 1 1 1 1 1 1 1 1 1 1 1 1 1 1 1 1 1 1 1 1 1 1 1 1 1 1 1 1 1 1 1 1 1 1 1 1 1 1 1 1 1 1 1 1 1 1 1 1 1 1 1 1 1 1 1 1 1 1 1 1 1 1 1 1 1 1 1 1 1 1 1 1 1 1 1 1 1 1 1 1 1 1 1 1 1 1 1 1 1 1 1 1 1 1 1 1 1 1 1 1 1 1 1 1 1 1 1 1 1 1 1 1 1 1 1 1 1 1 1 1 1 1 1 1 1 1 1 1 1 1 1 1 1 1 1 1 1 1 1 1 1 1 1 1 1 1 1 1 1 1 1 1 1 1 1 1 1 1 1 1 1 1 1 1 1 1 1 1 1 1 1 1 1 1 1 1 1 1 1 1 1 1 1 1 1 1 1 1 1 1 1 1 1 1 1 1 1 1 1 1 1 1 1 1 1 1 1 1 1 1 1 1 1 1 1 1 1 1 1 1 1 1 1 1 1 1 1 1 1 1 1 1 1 1 1 1 1 1 1 1 1 1 1 1 1 1 1 1 1 1 1 1 1 1 1 1 1 1 1 1 1 1 1 1 1 1 1 1 1 1 1 1 1 1 1 1 1 1 1 1 1 1 1 1 1 1 1 1 1 1 1 1 1 1 1 1 1 1 1 1 1 1 1 1 1 1 1 1 1 1 1 1 1 1 1 1 1 1 1 1 1 1 1 1 1 1 1 1 1 1 1 1 1 1 1 1 1 1 1 1 1 1 1 1 1 1 1 1 1 1 1 1 1 1 1 1 1 1 1 1 1 1 1 1 1 1 1 1 1 1 1 1 1 1 1 1 1 1 1 1 1 1 1 1 1 1 1 1 1 1 1 1 1 1 1 1 1 1 1 1 1 1 1 1 1 1 1 1 1 1 1 1 1 1 1 1 1 1 1 1 1 1 1 1 1 1 1 1 1 1 1 1 1 1 1 1 1 1 1 1 1 1 1 1 1 1 1 1 1 1 1 1 1 1 1 1 1 1 1 1 1 1 1 1 1 1 1 1 1 1 1 1 1 1 1 1 1 1 1 1 1 1 1 1 1 1 1 1 1 1 1 1 1 1 1 1 1 1 1 1 1 1 1 1 1 1 1 1 1 1 1 1 1 1 1 1 1 1 1 1 1 1 1 1 1 1 1 1 1 1 1 1 1 1 1 1 1 1 1 1 1 1 1 1 1 1 1 1 1 1 1 1 1 1 1 1 1 1 1 1 1 1 1 1 1 1 1 1 1 1 1 1 1 1 1 1 1 1 1 1 1 1 1 1 1 1 1 1 1 1 1 1 1 1 1 1 1 1 1 1 1 1 1 1 1 1 1 1 1 1 1 1 1 1 1 1 1 1 1 1 1 1 1 1 1 1 1 1 1 1 1 1 1 1 1 1 1 1 1 1 1 1 1 1 1 1 1 1 1 1 1 1 1 1 1 1 1 1 1 1 1 1 1 1 1 1 1 1 1 1 1 1 1 1 1 1 1 1 1 1 1 1 1 1 1 1 1 1 1 1 1 1 1 1 1 1 1 1 1 1 1 1 1 1 1 1 1 1 1 1 1 1 1 1 1 1 1 1 1 1 1 1 1 1 1 1 1 1 1 1 1 1 1 1 1 1 1 1 1 1 1 1 1 1 1 1 1 1 1 1 1 1 1 1 1 1 1 1 1 1 1 1 1 1 1 1 1 1 1 1 1 1 1 1 1 1 1 1 1 1 1 1 1 1 1 1 1 1 1 1 1 1 1 1 1 1 1 1 1 1 1 1 1 1 1 1 1 1 1 1 1 1 1 1 1 1 1 1 1 1 1 1 1 1 1 1 1 1 1 1 1 1 1 1 1 1 1 1 1 1 1 1 1 1 1 1 1 1 1 1 1 1 1 1 1 1 1 1 1 1 1 1 1 1 1 1 1 1 1 1 1 1 1 1 1 1 1 1 1 1 1 1 1 1 1 1 1 0 0 1 1 1 1 0 0 0 0 1 1 0 0 0 0 1 1 0 0 1 1 1 1 1 1 1 1 1 1 1 1 1 1 1 1 1 1 1 1 1 1 1 1 1 1 1 1 1 1 1 1 1 1 1 1 1 1 1 1 1 1 1 1 1 1 1 1 1 1 1 1 0 0 1 1 1 1 0 0 0 0 1 1 0 0 0 0 1 1 0 0 1 1 1 1 1 1 1 1 1 1 1 1 1 1 1 1 1 1 1 1 1 1 1 1 1 1 1 1 0 0 1 1 1 1 0 0 0 0 1 1 0 0 0 0 1 1 0 0 1 1 1 1 1 1 1 1 1 1 1 1 1 1 1 1 1 1 1 1 1 1 1 1 1 1 0 1 0 0.5 0 0.5 0 1 0 0.5 0 1 1 1 0 1 0 1 1 1 0 1 1 1 1 1 1 0.5 1 1 1 1 1 0.5 1 0.5 1 0.5 0 0.5 1 0.5 1 0.5 0 0.5 0 0.5 0 1 0 1 0 1 0 1 0 1 0 1 1 1 0 1 0 1 1 1 0 1 1 1 1 1 1 1 1 1 1 1 1 1 1 1 1 1 0 1 1 1 1 1 0 1 0 1 0 1 0 1 0 1 0 1 0 1 0 1 1 1 0 1 0 1 1 1 0 1 1 1 1 1 1 1 1 1 1 1 1 1 1 1 1 1 0 1 1 1 1 1 0 1 0 1 0 1 0 1 0 1 0 1 0 1 0 1 1 1 0 1 0 1 1 1 0 1 1 1 1 1 1 1 1 1 1 1 1 1 1 1 1 1 0 1 1 1 1 1 0 1 0 1 0 1 0 1 0 1 0 1 0 1 0 1 1 1 0 1 0 1 1 1 0 1 1 1 1 1 1 1 1 1 1 1 1 1 1 1 1 1 0 1 1 1 1 1 0 1 0 1 0 1 0 1 0 1 0 1 0 1 0 1 1 1 0 1 0 1 1 1 0 1 1 1 1 1 1 1 1 1 1 1 1 1 1 1 1 1 0 1 1 1 1 1 0 1 0 1 0 1 0 1 0 1 0 1 0 1 0 1 1 1 0 1 0 1 1 1 0 1 1 1 1 1 1 1 1 1 1 1 1 1 1 1 1 1 0 1 1 1 1 1 0 1 0 1 0 1 0 1 0 1 0 1 0 1 0 1 1 1 0 1 0 1 1 1 0 1 1 1 1 1 1 1 1 1 1 1 1 1 1 1 1 1 0 1 1 1 1 1 0 1 0 1 0 1 0 1 0 1 0 1 0 1 0 1 1 1 0 1 0 1 1 1 0 1 1 1 1 1 1 1 1 1 1 1 1 1 1 1 1 1 0 1 1 1 1 1 0 1 0 1 0 1 0 1 0 1 0 1 0 1 0 1 1 1 0 1 0 1 1 1 0 1 1 1 1 1 1 1 1 1 1 1 1 1 1 1 1 1 0 1 1 1 1 1 0 1 0 1 0 1 0 1 0 1 0 1 0 1 0 1 1 1 0 1 0 1 1 1 0 1 1 1 1 1 1 1 1 1 1 1 1 1 1 1 1 1 0 1 1 1 1 1 0 1 0 1 0 0 0 0.5 0 0 0 0 0 0.5 0 0.5 1 0.5 0 0.5 0 0.5 1 0.5 0 0.5 1 0.5 1 0.5 1 0 1 0.5 1 0.5 1 0 1 0 1 0 0 0 1 0 1 0 0 0 0 0 1 1 1 1 1 1 1 1 1 1 1 1 1 1 1 0.5 1 1 1 1 1 0.5 1 0.5 1 0.5 1 0.5 1 0.5 1 0.5 1 0.5 1 0.5 1 1 1 0.5 1 0.5 1 1 1 0.5 1 1 1 1 1 1 1 1 1 1 1 1 1 1 1 1 1 1 1 1 1 1 1 1 1 1 1 1 1 1 1 1 1 1 1 1 1 1 1 1 1 1 1 1 1 1 1 1 1 1 1 1 1 1 1 1 1 1 1 1 1 1 1 1 1 1 1 1 1 1 1 1 1 1 1 1 1 1 1 1 1 1 1 1 1 1 1 1 1 1 1 1 1 1 1 1 1 1 1 1 1 1 1 1 1 1 1 1 1 1 1 1 1 1 1 1 1 1 1 1 1 1 1 1 1 1 1 1 1 1 1 1 1 1 1 1 1 1 1 1 1 1 1 1 1 1 1 1 1 1 1 1 1 1 1 1 1 1 1 1 1 1 1 1 1 1 1 1 1 1 1 1 1 1 1 1 1 1 1 1 1 1 1 1 1 1 1 1 1 1 1 1 1 1 1 1 1 1 1 1 1 1 1 1 1 1 1 1 1 1 1 1 1 1 1 1 1 1 1 1 1 1 1 1 1 1 1 1 1 1 1 1 1 1 1 1 1 1 1 1 1 1 1 1 1 1 1 1 1 1 1 1 1 1 1 1 1 1 1 1 1 1 1 1 1 1 1 1 1 1 1 1 1 1 1 1 1 1 1 1 1 1 1 1 1 1 1 1 1 1 1 0.5 1 0.5 1 0.5 1 0.5 1 0.5 1 0.5 1 0 1 0.5 1 0.5 1 0.5 1 0 1 0 1 0 1 0 1 0 1 0 1 0 1 0 1 0.5 1 0 1 0 1 0.5 1 0 1 0.5 1 1 1 1 1 1 1 1 1 1 1 1 1 1 1 1 1 1 1 1 1 1 1 1 1 1 1 1 1 1 1 1 1 1 1 1 1 1 1 1 1 1 1 1 1 1 1 1 1 1 1 1 1 1 1 1 1 1 1 1 1 1 1 1 1 1 1 1 1 1 1 1 1 1 1 1 1 1 1 1 1 1 1 1 1 1 1 1 1 1 1 1 1 1 1 1 1 1 1 1 1 1 1 1 1 1 1 1 1 1 1 1 1 1 1 1 1 1 1 1 1 1 1 1 1 1 1 1 1 1 1 1 1 1 1 1 1 1 1 1 1 1 1 1 1 1 1 1 1 1 1 1 1 1 1 1 1 1 1 1 1 1 1 1 1 1 1 1 1 1 1 1 1 1 1 1 1 1 1 1 1 1 1 1 1 1 1 1 1 1 1 1 1 1 1 1 1 1 1 1 1 1 1 1 1 1 1 1 1 1 1 1 1 1 1 1 1 1 1 1 1 1 1 1 1 1 1 1 1 1 1 1 1 1 1 1 1 1 1 1 1 1 1 1 1 1 1 1 1 1 1 1 1 1 1 1 1 1 1 1 1 1 1 1 1 1 1 1 1 1 1 1 1 1 1 1 1 1 1 1 1 1 1 1 1 1 1 1 1 1 1 1 1 1 1 1 1 1 1 1 1 1 1 1 1 1 1 1 1 1 1 1 1 1 1 1 1 1 1 1 1 1 1 1 1 1 1 1 1 1 1 1 1 1 1 1 1 1 1 1 1 1 1 1 1 1 1 1 1 1 1 1 1 1 1 1 1 1 1 1 1 1 1 1 1 1 1 1 1 1 1 1 1 1 1 1 1 1 1 1 1 1 1 1 1 0.5 1 0.5 1 0.5 1 0.5 1 0.5 1 0.5 1 0 1 0.5 1 0.5 1 0 1 0.5 1 0 1 0 1 0 1 0 1 0 1 0 1 0 1 0.5 1 0 1 0 1 0 1 0.5 1 0.5 1 1 1 1 1 1 1 1 1 1 1 1 1 1 1 1 1 1 1 1 1 1 1 1 1 1 1 1 1 1 1 1 1 1 1 1 1 1 1 1 1 1 1 1 1 1 1 1 1 1 1 1 1 1 1 1 1 1 1 1 1 1 1 1 1 1 1 1 1 1 1 1 1 1 1 1 1 1 1 1 1 1 1 1 1 1 1 1 1 1 1 1 1 1 1 1 1 1 1 1 1 1 1 1 1 1 1 1 1 1 1 1 1 1 1 1 1 1 1 1 1 1 1 1 1 1 1 1 1 1 1 1 1 1 1 1 1 1 1 1 1 1 1 1 1 1 1 1 1 1 1 1 1 1 1 1 1 1 1 1 1 1 1 1 1 1 1 1 1 1 1 1 1 1 1 1 1 1 1 1 1 1 1 1 1 1 1 1 1 1 1 1 1 1 1 1 1 1 1 1 1 1 1 1 1 1 1 0.5 1 1 1 1 1 0.5 1 0.5 1 0.5 1 0.5 1 0.5 1 0.5 1 0.5 1 0.5 1 1 1 0.5 1 0.5 1 1 1 0.5 1 1 1 1 1 1 1 1 1 1 1 1 1 1 1 1 1 1 1 1 1 1 1 1 1 1 1 1 1 1 1 1 1 1 1 1 1 1 1 1 1 1 1 1 1 1 1 1 1 1 1 1 1 1 1 1 1 1 1 1 1 1 1 1 1 1 1 1 1 1 1 1 1 1 1 1 1 1 1 1 1 1 1 1 1 1 1 1 1 1 1 1 1 1 1 1 1 1 1 1 1 1 1 1 1 1 1 1 1 1 1 1 1 1 1 1 1 1 1 1 1 1 1 1 1 1 1 1 1 1 1 1 1 1 1 1 1 1 1 1 1 1 1 1 1 1 1 1 1 1 1 1 1 1 1 1 1 1 1 1 1 1 1 1 1 1 1 1 1 1 1 1 1 1 1 1 1 1 1 1 1 1 1 1 1 1 1 1 1 1 1 1 1 1 1 1 1 1 1 1 1 1 1 1 1 1 1 1 1 1 1 1 1 1 1 1 1 1 1 1 1 1 1 1 1 1 1 1 1 1 1 1 1 1 1 1 1 1 1 1 1 1 1 1 1 1 1 1 1 1 1 1 1 1 1 1 1 1 1 1 1 1 1 1 1 1 1 1 1 1 1 1 1 1 1 1 1 1 1 1 1 1 1 1 1 1 1 1 1 1 1 1 1 1 1 1 1 1 1 1 1 1 1 1 1 1 1 1 1 1 1 1 1 1 1 1 1 1 1 1 1 1 1 1 1 1 1 1 1 1 1 1 1 1 1 1 1 1 1 1 1 1 1 1 1 1 1 1 1 1 1 1 1 1 1 1 1 1 1 1 1 1 1 1 1 1 1 1 1 1 1 1 1 1 1 1 1 1 1 1 1 1 1 1 1 1 1 1 1 1 1 1 1 1 1 1 1 1 1 1 1 1 1 1 1 1 1 1 1 1 1 1 1 1 1 1 1 1 1 1 1 1 1 1 1 1 1 1 1 1 1 1 1 1 1 1 1 1 1 1 1 1 1 1 1 1 1 1 1 1 1 1 1 1 1 1 1 1 1 1 1 1 1 1 1 1 1 1 1 1 1 1 1 1 1 1 1 1 1 1 1 1 1 1 1 1 1 1 1 1 1 1 1 1 1 1 1 1 1 1 1 1 1 1 1 1 1 1 1 1 1 1 1 1 1 1 1 1 1 1 1 1 1 1 1 1 1 1 1 1 1 1 1 1 1 1 1 1 1 1 1 1 1 1 1 1 1 1 1 1 1 1 1 1 1 1 1 1 1 1 1 1 1 1 1 1 1 1 1 1 1 1 1 1 1 1 1 1 1 1 1 1 1 1 1 1 1 1 1 1 1 1 1 1 1 1 1 1 1 1 1 1 1 1 1 1 1 1 1 1 1 1 1 1 1 1 1 1 1 1 1 1 1 1 1 1 1 1 1 1 1 1 1 1 1 1 1 1 1 1 1 1 1 1 1 1 1 1 1 1 1 1 1 1 1 1 1 1 1 1 1 1 1 1 1 1 1 1 1 1 1 1 1 1 1 1 1 1 1 1 1 1 1 1 1 1 1 1 1 1 1 1 1 1 1 1 1 1 1 1 1 1 1 1 1 1 1 1 1 1 1 1 1 1 1 1 1 1 1 1 1 1 1 1 1 1 1 1 1 1 1 1 1 1 1 1 1 1 1 1 1 1 1 1 1 1 1 1 1 1 1 1 1 1 1 1 1 1 1 1 1 1 1 1 1 1 1 1 1 1 1 1 1 1 1 1 1 1 1 1 1 1 1 1 1 1 1 1 1 1 1 1 1 1 1 1 1 1 1 1 1 1 1 1 1 1 1 1 1 1 1 1 1 1 1 1 1 1 1 1 1 1 1 1 1 1 1 1 1 1 1 1 1 1 1 1 1 1 1 1 1 1 1 1 1 1 1 1 1 1 1 1 1 1 1 1 1 1 1 1 1 1 1 1 1 1 1 1 1 1 1 1 1 1 1 1 1 1 1 1 1 1 1 1 1 1 1 1 1 1 1 1 1 1 1 1 1 1 1 1 1 1 1 1 1 1 1 1 1 1 1 1 1 1 1 1 1 1 1 1 1 1 1 1 1 1 1 1 1 1 1 1 1 1 1 1 1 1 1 1 1 1 1 1 1 1 1 1 1 1 1 1 1 1 1 1 1 1 1 1 1 1 1 1 1 1 1 1 1 1 1 1 1 1 1 1 1 1 1 1 1 1 1 1 1 1 1 1 1 1 1 1 1 1 1 1 1 1 1 1 1 1 1 1 1 1 1 1 1 1 1 1 1 1 1 1 1 1 1 1 1 1 1 1 1 1 1 1 1 1 1 1 1 1 1 1 1 1 1 1 1 1 1 1 1 1 1 1 1 1 1 1 1 1 1 1 1 1 1 1 1 1 1 1 1 1 1 1 1 1 1 1 1 1 1 1 1 1 1 1 1 1 1 1 1 1 1 1 1 1 1 1 1 1 1 1 1 1 1 1 1 1 1 1 1 1 1 1 1 1 1 1 1 1 1 1 1 1 1 1 1 1 1 1 1 1 1 1 1 1 1 1 1 1 1 1 1 1 1 1 1 1 1 1 1 1 1 1 1 1 1 1 1 1 1 1 1 1 1 1 1 1 1 1 1 1 1 1 1 1 1 1 1 1 1 1 1 1 1 1 1 1 1 1 1 1 1 1 1 1 1 1 1 1 1 1 1 1 1 1 1 1 1 1 1 1 1 1 1 1 1 1 1 1 1 1 1 1 1 1 1 1 1 1 1 1 1 1 1 1 1 1 1 1 1 1 1 1 1 1 1 1 1 1 1 1 1 1 1 1 1 1 1 1 1 1 1 1 1 1 1 1 1 1 1 1 1 1 1 1 1 1 1 1 1 1 1 1 1 1 1 1 1 1 1 1 1 1 1 1 1 1 1 1 1 1 1 1 1 1 1 1 1 1 1 1 1 1 1 1 1 1 1 1 1 1 1 1 1 1 1 1 1 1 1 1 1 1 1 1 1 1 1 1 1 1 1 1 1 1 1 1 1 1 1 1 1 1 1 1 1 1 1 1 1 1 1 1 1 1 1 1 1 1 1 1 1 1 1 1 1 1 1 1 1 1 1 1 1 1 1 1 1 1 1 1 1 1 1 1 1 1 1 1 1 1 1 1 1 1 1 1 1 1 1 1 1 1 1 1 1 1 1 1 1 1 1 1 1 1 1 1 1 1 1 1 1 1 1 1 1 1 1 1 1 1 1 1 1 1 1 1 1 1 1 1 1 1 1 1 1 1 1 1 1 1 1 1 1 1 1 1 1 1 1 1 1 1 1 1 1 1 1 1 1 1 1 1 1 1 1 1 1 1 1 1 1 1 1 1 1 1 1 1 1 1 1 1 1 1 1 1 1 1 1 1 1 1 1 1 1 1 1 1 1 1 1 1 1 1 1 1 1 1 1 1 1 1 1 1 1 1 1 1 1 1 1 1 1 1 1 1 1 1 1 1 1 1 1 1 1 1 1 1 1 1 1 1 1 1 1 1 1 1 1 1 1 1 1 1 1 1 1 1 1 1 1 1 1 1 1 1 1 1 1 1 1 1 1 1 1 1 1 1 1 1 1 1 1 1 1 1 1 1 1 1 1 1 1 1 1 1 1 1 1 1 1 1 1 1 1 1 1 1 1 1 1 1 1 1 1 1 1 1 1 1 1 1 1 1 1 1 1 1 1 1 1 1 1 1 1 1 1 1 1 1 1 1 1 1 1 1 1 1 1 1 1 1 1 1 1 1 1 1 1 1 1 1 1 1 1 1 1 1 1 1 1 1 1 1 1 1 1 1 1 1 1 1 1 1 1 1 1 1 1 1 1 1 1 1 1 1 1 1 1 1 1 1 1 1 1 1 1 1 1 1 1 1 1 1 1 1 1 1 1 1 1 1 1 1 1 1 1 1 1 1 1 1 1 1 1 1 1 1 1 1 1 1 1 1 1 1 1 1 1 1 1 1 1 1 1 1 1 1 1 1 1 1 1 1 1 1 1 1 1 1 1 1 1 1 1 1 1 1 1 1 1 1 1 1 1 1 1 1 1 1 1 1 1 1 1 1 1 1 1 1 1 1 1 1 1 1 1 1 1 1 1 1 1 1 1 1 1 1 1 1 1 1 1 1 1 1 1 1 1 1 1 1 1 1 1 1 1 1 1 1 1 1 1 1 1 1 1 1 1 1 1 1 1 1 1 1 1 1 1 1 1 1 1 1 1 1 1 1 1 1 1 1 1 1 1 1 1 1 1 1 1 1 1 1 1 1 1 1 1 1 1 1 1 1 1 1 1 1 1 1 1 1 1 1 1 1 1 1 1 1 1 1 1 1 1 1 1 1 1 1 1 1 1 1 1 1 1 1 1 1 1 1 1 1 1 1 1 1 1 1 1 1 1 1 1 1 1 1 1 1 1 1 1 1 1 1 1 1 1 1 1 1 1 1 1 1 1 1 1 1 1 1 1 1 1 1 1 1 1 1 1 1 1 1 1 1 1 1 1 1 1 1 1 1 1 1 1 1 1 1 1 1 1 1 1 1 1 1 1 1 1 1 1 1 1 1 1 1 1 1 1 1 1 1 1 1 1 1 1 1 1 1 1 1 1 1 1 1 1 1 1 1 1 1 1 1 1 1 1 1 1 1 1 1 1 1 1 1 1 1 1 1 1 1 1 1 1 1 1 1 1 1 1 1 1 1 1 1 1 1 1 1 1 1 1 1 1 1 1 1 1 1 1 1 1 1 1 1 1 1 1 1 1 1 1 1 1 1 1 1 1 1 1 1 1 1 1 1 1 1 1 1 1 1 1 1 1 1 1 1 1 1 1 1 1 1 1 1 1 1 1 1 1 1 1 1 1 1 1 1 1 1 1 1 1 1 1 1 1 1 1 1 1 1 1 1 1 1 1 1 1 1 1 1 1 1 1 1 1 1 1 1 1 1 1 1 1 1 1 1 1 1 1 1 1 1 1 1 1 1 1 1 1 1 1 1 1 1 1 1 1 1 1 1 1 1 1 1 1 1 1 1 1 1 1 1 1 1 1 1 1 1 1 1 1 1 1 1 1 1 1 1 1 1 1 1 1 1 1 1 1 1 1 1 1 1 1 1 1 1 1 1 1 1 1 1 1 1 1 1 1 1 1 1 1 1 1 1 1 1 1 1 1 1 1 1 1 1 1 1 1 1 1 1 1 1 1 1 1 1 1 1 1 1 1 1 1 1 1 1 1 1 1 1 1 1 1 1 1 1 1 1 1 1 1 1 1 1 1 1 1 1 1 1 1 1 1 1 1 1 1 1 1 1 1 1 1 1 1 1 1 1 1 1 1 1 1 1 1 1 1 1 1 1 1 1 1 1 1 1 1 1 1 1 1 1 1 1 1 1 1 1 1 1 1 1 1 1 1 1 1 1 1 1 1 1 1 1 1 1 1 1 1 1 1 1 1 1 1 1 1 1 1 1 1 1 1 1 1 1 1 1 1 1 1 1 1 1 1 1 1 1 1 1 1 1 1 1 1 1 1 1 1 1 1 1 1 1 1 1 1 1 1 1 1 1 1 1 1 1 1 1 1 1 1 1 1 1 1 1 1 1 1 1 1 1 1 1 1 1 1 1 1 1 1 1 1 1 1 1 1 1 1 1 1 1 1 1 1 1 1 1 1 1 1 1 1 1 1 1 1 1 1 1 1 1 1 1 1 1 1 1 1 1 1 1 1 1 1 1 1 1 1 1 1 1 1 1 1 1 1 1 1 1 1 1 1 1 1 1 1 1 1 1 1 1 1 1 1 1 1 1 1 1 1 1 1 1 1 1 1 1 1 1 1 1 1 1 1 1 1 1 1 1 1 1 1 1 1 1 1 1 1 1 1 1 1 1 1 1 1 1 1 1 1 1 1 1 1 1 1 1 1 1 1 1 1 1 1 1 1 1 1 1 1 1 1 1 1 1 1 1 1 1 1 1 1 1 1 1 1 1 1 1 1 1 1 1 1 1 1 1 1 1 1 1 1 1 1 1 1 1 1 1 1 1 1 1 1 1 1 1 1 1 1 1 1 1 1 1 1 1 1 1 1 1 1 1 1 1 1 1 1 1 1 1 1 1 1 1 1 1 1 1 1 1 1 1 1 1 1 1 1 1 1 1 1 1 1 1 1 1 1 1 0 0 1 1 1 1 0 0 0 0 1 1 0 0 0 0 1 1 0 0 1 1 1 1 1 1 1 1 1 1 1 1 1 1 1 1 1 1 1 1 1 1 1 1 1 1 1 1 1 1 1 1 1 1 1 1 1 1 1 1 1 1 1 1 1 1 1 1 1 1 1 1 1 1 1 1 1 1 1 1 1 1 1 1 1 1 1 1 1 1 1 1 1 1 1 1 1 1 1 1 1 1 1 1 1 1 1 1 1 1 1 1 1 1 1 1 1 1 1 1 0 0 1 1 1 1 0 0 0 0 1 1 0 0 0 0 1 1 0 0 1 1 1 1 1 1 1 1 1 1 1 1 1 1 1 1 1 1 1 1 1 1 1 1 1 1 1 1 0 0 1 1 1 1 0 0 0 0 1 1 0 0 0 0 1 1 0 0 1 1 1 0.5 1 0.5 0 0.5 1 0.5 0 0.5 0 0.5 1 1 1 1 1 0.5 1 1 1 0.5 1 0.5 1 1 0 1 0 1 1 1 1 1 0 1 0 1 0 0.5 0 0.5 0 1 0 1 0 0.5 1 1 1 1 0 1 1 1 0 1 0 1 1 1 1 1 1 1 1 1 1 1 1 1 1 1 0 1 0 1 1 1 1 1 0 1 0 1 0 1 0 1 0 1 0 1 0 1 1 1 1 1 0 1 1 1 0 1 0 1 1 1 1 1 1 1 1 1 1 1 1 1 1 1 0 1 0 1 1 1 1 1 0 1 0 1 0 1 0 1 0 1 0 1 0 1 1 1 1 1 0 1 1 1 0 1 0 1 1 1 1 1 1 1 1 1 1 1 1 1 1 1 0 1 0 1 1 1 1 1 0 1 0 1 0 1 0 1 0 1 0 1 0 1 1 1 1 1 0 1 1 1 0 1 0 1 1 1 1 1 1 1 1 1 1 1 1 1 1 1 0 1 0 1 1 1 1 1 0 1 0 1 0 1 0 1 0 1 0 1 0 1 1 1 1 1 0 1 1 1 0 1 0 1 1 1 1 1 1 1 1 1 1 1 1 1 1 1 0 1 0 1 1 1 1 1 0 1 0 1 0 1 0 1 0 1 0 1 0 1 1 1 1 1 0 1 1 1 0 1 0 1 1 1 1 1 1 1 1 1 1 1 1 1 1 1 0 1 0 1 1 1 1 1 0 1 0 1 0 1 0 1 0 1 0 1 0 1 1 1 1 1 0 1 1 1 0 1 0 1 1 1 1 1 1 1 1 1 1 1 1 1 1 1 0 1 0 1 1 1 1 1 0 1 0 1 0 1 0 1 0 1 0 1 0 1 1 1 1 1 0 1 1 1 0 1 0 1 1 1 1 1 1 1 1 1 1 1 1 1 1 1 0 1 0 1 1 1 1 1 0 1 0 1 0 1 0 1 0 1 0 1 0 1 1 1 1 1 0 1 1 1 0 1 0 1 1 1 1 1 1 1 1 1 1 1 1 1 1 1 0 1 0 1 1 1 1 1 0 1 0 1 0 1 0 1 0 1 0 1 0 1 1 1 1 1 0 1 1 1 0 1 0 1 1 1 1 1 1 1 1 1 1 1 1 1 1 1 0 1 0 1 1 1 1 1 0 1 0 1 0 1 0 1 0 1 0 1 0 1 1 0 1 0 0 0 1 0 0 0 0 0 1 0.5 1 0.5 1 0 1 0.5 1 0 1 0 1 0.5 0 0.5 0 0.5 1 0.5 1 0.5 0 0.5 0 0 0 0 0 0.5 0 0 0 0.5 0 0.5 1 1 1 0.5 1 0.5 1 1 1 1 1 0.5 1 0.5 1 0.5 1 0.5 1 0.5 1 0.5 1 0.5 1 1 1 1 1 0.5 1 1 1 0.5 1 0.5 1 1 1 1 1 1 1 1 1 1 1 1 1 1 1 1 1 1 1 1 1 1 1 1 1 1 1 1 1 1 1 1 1 1 1 1 1 1 1 1 1 1 1 1 1 1 1 1 1 1 1 1 1 1 1 1 1 1 1 1 1 1 1 1 1 1 1 1 1 1 1 1 1 1 1 1 1 1 1 1 1 1 1 1 1 1 1 1 1 1 1 1 1 1 1 1 1 1 1 1 1 1 1 1 1 1 1 1 1 1 1 1 1 1 1 1 1 1 1 1 1 1 1 1 1 1 1 1 1 1 1 1 1 1 1 1 1 1 1 1 1 1 1 1 1 1 1 1 1 1 1 1 1 1 1 1 1 1 1 1 1 1 1 1 1 1 1 1 1 1 1 1 1 1 1 1 1 1 1 1 1 1 1 1 1 1 1 1 1 1 1 1 1 1 1 1 1 1 1 1 1 1 1 1 1 1 1 1 1 1 1 1 1 1 1 1 1 1 1 1 1 1 1 1 1 1 1 1 1 1 1 1 1 1 1 1 1 1 1 1 1 1 1 1 1 1 1 1 1 1 1 1 1 1 1 1 1 1 1 1 1 1 1 1 1 1 1 1 1 1 1 1 1 1 1 1 1 1 1 1 1 1 1 1 1 1 1 1 1 1 1 1 1 1 1 1 1 1 1 1 1 0.5 1 0 1 0 1 0.5 1 0.5 1 0 1 0 1 0 1 0 1 0 1 0 1 0 1 0.5 1 0.5 1 0 1 0 1 0 1 0.5 1 0.5 1 0.5 1 0.5 1 0.5 1 0.5 1 0.5 1 1 1 1 1 1 1 1 1 1 1 1 1 1 1 1 1 1 1 1 1 1 1 1 1 1 1 1 1 1 1 1 1 1 1 1 1 1 1 1 1 1 1 1 1 1 1 1 1 1 1 1 1 1 1 1 1 1 1 1 1 1 1 1 1 1 1 1 1 1 1 1 1 1 1 1 1 1 1 1 1 1 1 1 1 1 1 1 1 1 1 1 1 1 1 1 1 1 1 1 1 1 1 1 1 1 1 1 1 1 1 1 1 1 1 1 1 1 1 1 1 1 1 1 1 1 1 1 1 1 1 1 1 1 1 1 1 1 1 1 1 1 1 1 1 1 1 1 1 1 1 1 1 1 1 1 1 1 1 1 1 1 1 1 1 1 1 1 1 1 1 1 1 1 1 1 1 1 1 1 1 1 1 1 1 1 1 1 1 1 1 1 1 1 1 1 1 1 1 1 1 1 1 1 1 1 1 1 1 1 1 1 1 1 1 1 1 1 1 1 1 1 1 1 1 1 1 1 1 1 1 1 1 1 1 1 1 1 1 1 1 1 1 1 1 1 1 1 1 1 1 1 1 1 1 1 1 1 1 1 1 1 1 1 1 1 1 1 1 1 1 1 1 1 1 1 1 1 1 1 1 1 1 1 1 1 1 1 1 1 1 1 1 1 1 1 1 1 1 1 1 1 1 1 1 1 1 1 1 1 1 1 1 1 1 1 1 1 1 1 1 1 1 1 1 1 1 1 1 1 1 1 1 1 1 1 1 1 1 1 1 1 1 1 1 1 1 1 1 1 1 1 1 1 1 1 1 1 1 1 1 1 1 1 1 1 1 1 1 1 1 1 1 1 1 1 1 1 1 1 1 1 1 1 1 0 1 0 1 0.5 1 0.5 1 0.5 1 0 1 0 1 0 1 0 1 0 1 0 1 0 1 0 1 0.5 1 0.5 1 0 1 0 1 0.5 1 0.5 1 0.5 1 0.5 1 0.5 1 0.5 1 0.5 1 1 1 1 1 1 1 1 1 1 1 1 1 1 1 1 1 1 1 1 1 1 1 1 1 1 1 1 1 1 1 1 1 1 1 1 1 1 1 1 1 1 1 1 1 1 1 1 1 1 1 1 1 1 1 1 1 1 1 1 1 1 1 1 1 1 1 1 1 1 1 1 1 1 1 1 1 1 1 1 1 1 1 1 1 1 1 1 1 1 1 1 1 1 1 1 1 1 1 1 1 1 1 1 1 1 1 1 1 1 1 1 1 1 1 1 1 1 1 1 1 1 1 1 1 1 1 1 1 1 1 1 1 1 1 1 1 1 1 1 1 1 1 1 1 1 1 1 1 1 1 1 1 1 1 1 1 1 1 1 1 1 1 1 1 1 1 1 1 1 1 1 1 1 1 1 1 1 1 1 1 1 1 1 1 1 1 1 1 1 1 1 1 1 1 0.5 1 0.5 1 1 1 1 1 0.5 1 0.5 1 0.5 1 0.5 1 0.5 1 0.5 1 0.5 1 1 1 1 1 0.5 1 1 1 0.5 1 0.5 1 1 1 1 1 1 1 1 1 1 1 1 1 1 1 1 1 1 1 1 1 1 1 1 1 1 1 1 1 1 1 1 1 1 1 1 1 1 1 1 1 1 1 1 1 1 1 1 1 1 1 1 1 1 1 1 1 1 1 1 1 1 1 1 1 1 1 1 1 1 1 1 1 1 1 1 1 1 1 1 1 1 1 1 1 1 1 1 1 1 1 1 1 1 1 1 1 1 1 1 1 1 1 1 1 1 1 1 1 1 1 1 1 1 1 1 1 1 1 1 1 1 1 1 1 1 1 1 1 1 1 1 1 1 1 1 1 1 1 1 1 1 1 1 1 1 1 1 1 1 1 1 1 1 1 1 1 1 1 1 1 1 1 1 1 1 1 1 1 1 1 1 1 1 1 1 1 1 1 1 1 1 1 1 1 1 1 1 1 1 1 1 1 1 1 1 1 1 1 1 1 1 1 1 1 1 1 1 1 1 1 1 1 1 1 1 1 1 1 1 1 1 1 1 1 1 1 1 1 1 1 1 1 1 1 1 1 1 1 1 1 1 1 1 1 1 1 1 1 1 1 1 1 1 1 1 1 1 1 1 1 1 1 1 1 1 1 1 1 1 1 1 1 1 1 1 1 1 1 1 1 1 1 1 1 1 1 1 1 1 1 1 1 1 1 1 1 1 1 1 1 1 1 1 1 1 1 1 1 1 1 1 1 1 1 1 1 1 1 1 1 1 1 1 1 1 1 1 1 1 1 1 1 1 1 1 1 1 1 1 1 1 1 1 1 1 1 1 1 1 1 1 1 1 1 1 1 1 1 1 1 1 1 1 1 1 1 1 1 1 1 1 1 1 1 1 1 1 1 1 1 1 1 1 1 1 1 1 1 1 1 1 1 1 1 1 1 1 1 1 1 1 1 1 1 1 1 1 1 1 1 1 1 1 1 1 1 1 1 1 1 1 1 1 1 1 1 1 1 1 1 1 1 1 1 1 1 1 1 1 1 1 1 1 1 1 1 1 1 1 1 1 1 1 1 1 1 1 1 1 1 1 1 1 1 1 1 1 1 1 1 1 1 1 1 1 1 1 1 1 1 1 1 1 1 1 1 1 1 1 1 1 1 1 1 1 1 1 1 1 1 1 1 1 1 1 1 1 1 1 1 1 1 1 1 1 1 1 1 1 1 1 1 1 1 1 1 1 1 1 1 1 1 1 1 1 1 1 1 1 1 1 1 1 1 1 1 1 1 1 1 1 1 1 1 1 1 1 1 1 1 1 1 1 1 1 1 1 1 1 1 1 1 1 1 1 1 1 1 1 1 1 1 1 1 1 1 1 1 1 1 1 1 1 1 1 1 1 1 1 1 1 1 1 1 1 1 1 1 1 1 1 1 1 1 1 1 1 1 1 1 1 1 1 1 1 1 1 1 1 1 1 1 1 1 1 1 1 1 1 1 1 1 1 1 1 1 1 1 1 1 1 1 1 1 1 1 1 1 1 1 1 1 1 1 1 1 1 1 1 1 1 1 1 1 1 1 1 1 1 1 1 1 1 1 1 1 1 1 1 1 1 1 1 1 1 1 1 1 1 1 1 1 1 1 1 1 1 1 1 1 1 1 1 1 1 1 1 1 1 1 1 1 1 1 1 1 1 1 1 1 1 1 1 1 1 1 1 1 1 1 1 1 1 1 1 1 1 1 1 1 1 1 1 1 1 1 1 1 1 1 1 1 1 1 1 1 1 1 1 1 1 1 1 1 1 1 1 1 1 1 1 1 1 1 1 1 1 1 1 1 1 1 1 1 1 1 1 1 1 1 1 1 1 1 1 1 1 1 1 1 1 1 1 1 1 1 1 1 1 1 1 1 1 1 1 1 1 1 1 1 1 1 1 1 1 1 1 1 1 1 1 1 1 1 1 1 1 1 1 1 1 1 1 1 1 1 1 1 1 1 1 1 1 1 1 1 1 1 1 1 1 1 1 1 1 1 1 1 1 1 1 1 1 1 1 1 1 1 1 1 1 1 1 1 1 1 1 1 1 1 1 1 1 1 1 1 1 1 1 1 1 1 1 1 1 1 1 1 1 1 1 1 1 1 1 1 1 1 1 1 1 1 1 1 1 1 1 1 1 1 1 1 1 1 1 1 1 1 1 1 1 1 1 1 1 1 1 1 1 1 1 1 1 1 1 1 1 1 1 1 1 1 1 1 1 1 1 1 1 1 1 1 1 1 1 1 1 1 1 1 1 1 1 1 1 1 1 1 1 1 1 1 1 1 1 1 1 1 1 1 1 1 1 1 1 1 1 1 1 1 1 1 1 1 1 1 1 1 1 1 1 1 1 1 1 1 1 1 1 1 1 1 1 1 1 1 1 1 1 1 1 1 1 1 1 1 1 1 1 1 1 1 1 1 1 1 1 1 1 1 1 1 1 1 1 1 1 1 1 1 1 1 1 1 1 1 1 1 1 1 1 1 1 1 1 1 1 1 1 1 1 1 1 1 1 1 1 1 1 1 1 1 1 1 1 1 1 1 1 1 1 1 1 1 1 1 1 1 1 1 1 1 1 1 1 1 1 1 1 1 1 1 1 1 1 1 1 1 1 1 1 1 1 1 1 1 1 1 1 1 1 1 1 1 1 1 1 1 1 1 1 1 1 1 1 1 1 1 1 1 1 1 1 1 1 1 1 1 1 1 1 1 1 1 1 1 1 1 1 1 1 1 1 1 1 1 1 1 1 1 1 1 1 1 1 1 1 1 1 1 1 1 1 1 1 1 1 1 1 1 1 1 1 1 1 1 1 1 1 1 1 1 1 1 1 1 1 1 1 1 1 1 1 1 1 1 1 1 1 1 1 1 1 1 1 1 1 1 1 1 1 1 1 1 1 1 1 1 1 1 1 1 1 1 1 1 1 1 1 1 1 1 1 1 1 1 1 1 1 1 1 1 1 1 1 1 1 1 1 1 1 1 1 1 1 1 1 1 1 1 1 1 1 1 1 1 1 1 1 1 1 1 1 1 1 1 1 1 1 1 1 1 1 1 1 1 1 1 1 1 1 1 1 1 1 1 1 1 1 1 1 1 1 1 1 1 1 1 1 1 1 1 1 1 1 1 1 1 1 1 1 1 1 1 1 1 1 1 1 1 1 1 1 1 1 1 1 1 1 1 1 1 1 1 1 1 1 1 1 1 1 1 1 1 1 1 1 1 1 1 1 1 1 1 1 1 1 1 1 1 1 1 1 1 1 1 1 1 1 1 1 1 1 1 1 1 1 1 1 1 1 1 1 1 1 1 1 1 1 1 1 1 1 1 1 1 1 1 1 1 1 1 1 1 1 1 1 1 1 1 1 1 1 1 1 1 1 1 1 1 1 1 1 1 1 1 1 1 1 1 1 1 1 1 1 1 1 1 1 1 1 1 1 1 1 1 1 1 1 1 1 1 1 1 1 1 1 1 1 1 1 1 1 1 1 1 1 1 1 1 1 1 1 1 1 1 1 1 1 1 1 1 1 1 1 1 1 1 1 1 1 1 1 1 1 1 1 1 1 1 1 1 1 1 1 1 1 1 1 1 1 1 1 1 1 1 1 1 1 1 1 1 1 1 1 1 1 1 1 1 1 1 1 1 1 1 1 1 1 1 1 1 1 1 1 1 1 1 1 1 1 1 1 1 1 1 1 1 1 1 1 1 1 1 1 1 1 1 1 1 1 1 1 1 1 1 1 1 1 1 1 1 1 1 1 1 1 1 1 1 1 1 1 1 1 1 1 1 1 1 1 1 1 1 1 1 1 1 1 1 1 1 1 1 1 1 1 1 1 1 1 1 1 1 1 1 1 1 1 1 1 1 1 1 1 1 1 1 1 1 1 1 1 1 1 1 1 1 1 1 1 1 1 1 1 1 1 1 1 1 1 1 1 1 1 1 1 1 1 1 1 1 1 1 1 1 1 1 1 1 1 1 1 1 1 1 1 1 1 1 1 1 1 1 1 1 1 1 1 1 1 1 1 1 1 1 1 1 1 1 1 1 1 1 1 1 1 1 1 1 1 1 1 1 1 1 1 1 1 1 1 1 1 1 1 1 1 1 1 1 1 1 1 1 1 1 1 1 1 1 1 1 1 1 1 1 1 1 1 1 1 1 1 1 1 1 1 1 1 1 1 1 1 1 1 1 1 1 1 1 1 1 1 1 1 1 1 1 1 1 1 1 1 1 1 1 1 1 1 1 1 1 1 1 1 1 1 1 1 1 1 1 1 1 1 1 1 1 1 1 1 1 1 1 1 1 1 1 1 1 1 1 1 1 1 1 1 1 1 1 1 1 1 1 1 1 1 1 1 1 1 1 1 1 1 1 1 1 1 1 1 1 1 1 1 1 1 1 1 1 1 1 1 1 1 1 1 1 1 1 1 1 1 1 1 1 1 1 1 1 1 1 1 1 1 1 1 1 1 1 1 1 1 1 1 1 1 1 1 1 1 1 1 1 1 1 1 1 1 1 1 1 1 1 1 1 1 1 1 1 1 1 1 1 1 1 1 1 1 1 1 1 1 1 1 1 1 1 1 1 1 1 1 1 1 1 1 1 1 1 1 1 1 1 1 1 1 1 1 1 1 1 1 1 1 1 1 1 1 1 1 1 1 1 1 1 1 1 1 1 1 1 1 1 1 1 1 1 1 1 1 1 1 1 1 1 1 1 1 1 1 1 1 1 1 1 1 1 1 1 1 1 1 1 1 1 1 1 1 1 1 1 1 1 1 1 1 1 1 1 1 1 1 1 1 1 1 1 1 1 1 1 1 1 1 1 1 1 1 1 1 1 1 1 1 1 1 1 1 1 1 1 1 1 1 1 1 1 1 1 1 1 1 1 1 1 1 1 1 1 1 1 1 1 1 1 1 1 1 1 1 1 1 1 1 1 1 1 1 1 1 1 1 1 1 1 1 1 1 1 1 1 1 1 1 1 1 1 1 1 1 1 1 1 1 1 1 1 1 1 1 1 1 1 1 1 1 1 1 1 1 1 1 1 1 1 1 1 1 1 1 1 1 1 1 1 1 1 1 1 1 1 1 1 1 1 1 1 1 1 1 1 1 1 1 1 1 1 1 1 1 1 1 1 1 1 1 1 1 1 1 1 1 1 1 1 1 1 1 1 1 1 1 1 1 1 1 1 1 1 1 1 1 1 1 1 1 1 1 1 1 1 1 1 1 1 1 1 1 1 1 1 1 1 1 1 1 1 1 1 1 1 1 1 1 1 1 1 1 1 1 1 1 1 1 1 1 1 1 1 1 1 1 1 1 1 1 1 1 1 1 1 1 1 1 1 1 1 1 1 1 1 1 1 1 1 1 1 1 1 1 1 1 1 1 1 1 1 1 1 1 1 1 1 1 1 1 1 1 1 1 1 1 1 1 1 1 1 1 1 1 1 1 1 1 1 1 1 1 1 1 1 1 1 1 1 1 1 1 1 1 1 1 1 1 1 1 1 1 1 1 1 1 1 1 1 1 1 1 1 1 1 1 1 1 1 1 1 1 1 1 1 1 1 1 1 1 1 1 1 1 1 1 1 1 1 1 1 1 1 1 1 1 1 1 1 1 1 1 1 1 1 1 1 1 1 1 1 1 1 1 1 1 1 1 1 1 1 1 1 1 1 1 1 1 1 1 1 1 1 1 1 1 1 1 1 1 1 1 1 1 1 1 1 1 1 1 1 1 1 1 1 1 1 1 1 1 1 1 1 1 1 1 1 1 1 1 1 1 1 1 1 1 1 1 1 1 1 1 1 1 1 1 1 1 1 1 1 1 1 1 1 1 1 1 1 1 1 1 1 1 1 1 1 1 1 1 1 1 1 1 1 1 1 1 1 1 1 1 1 1 1 1 1 1 1 1 1 1 1 1 1 1 1 1 1 1 1 1 1 1 1 1 1 1 1 1 1 1 1 1 1 1 1 1 1 1 1 1 1 1 1 1 1 1 1 1 1 1 1 1 1 1 1 1 1 1 1 1 1 1 1 1 1 1 1 1 1 1 1 1 1 1 1 1 1 1 1 1 1 1 1 1 1 1 1 1 1 1 1 1 1 1 1 1 1 1 1 1 1 1 1 1 1 1 1 1 1 1 1 1 1 1 1 1 1 1 1 1 1 1 1 1 1 1 1 1 1 1 1 1 1 1 1 1 1 1 1 1 1 1 1 1 1 1 1 1 1 1 1 1 1 1 1 1 1 1 1 1 1 1 1 1 1 1 1 1 1 1 1 1 1 1 0 0 0 0 1 1 1 1 0 0 1 1 1 1 0 0 1 1 0 0 0 0 1 1 1 1 1 1 1 1 1 1 1 1 1 1 1 1 1 1 1 1 1 1 1 1 1 1 1 1 1 1 1 1 1 1 1 1 1 1 1 1 1 1 1 1 1 1 1 1 1 1 0 0 0 0 1 1 1 1 0 0 1 1 1 1 0 0 1 1 0 0 0 0 1 1 1 1 1 1 1 1 1 1 1 1 1 1 1 1 1 1 1 1 1 1 1 1 1 1 0 0 0 0 1 1 1 1 0 0 1 1 1 1 0 0 1 1 0 0 0 0 1 1 1 1 1 1 1 1 1 1 1 1 1 1 1 1 1 1 1 1 1 1 1 1 0 1 0 1 0 0.5 0 1 0 0.5 0 0.5 1 1 1 1 0 1 1 1 0 1 0 1 1 1 1 0.5 1 0.5 1 1 1 1 1 0.5 1 0.5 0 0.5 0 0.5 1 0.5 1 0.5 0 0.5 0 1 0 1 0 1 0 1 0 1 0 1 1 1 1 1 0 1 1 1 0 1 0 1 1 1 1 1 1 1 1 1 1 1 1 1 1 1 0 1 0 1 1 1 1 1 0 1 0 1 0 1 0 1 0 1 0 1 0 1 1 1 1 1 0 1 1 1 0 1 0 1 1 1 1 1 1 1 1 1 1 1 1 1 1 1 0 1 0 1 1 1 1 1 0 1 0 1 0 1 0 1 0 1 0 1 0 1 1 1 1 1 0 1 1 1 0 1 0 1 1 1 1 1 1 1 1 1 1 1 1 1 1 1 0 1 0 1 1 1 1 1 0 1 0 1 0 1 0 1 0 1 0 1 0 1 1 1 1 1 0 1 1 1 0 1 0 1 1 1 1 1 1 1 1 1 1 1 1 1 1 1 0 1 0 1 1 1 1 1 0 1 0 1 0 1 0 1 0 1 0 1 0 1 1 1 1 1 0 1 1 1 0 1 0 1 1 1 1 1 1 1 1 1 1 1 1 1 1 1 0 1 0 1 1 1 1 1 0 1 0 1 0 1 0 1 0 1 0 1 0 1 1 1 1 1 0 1 1 1 0 1 0 1 1 1 1 1 1 1 1 1 1 1 1 1 1 1 0 1 0 1 1 1 1 1 0 1 0 1 0 1 0 1 0 1 0 1 0 1 1 1 1 1 0 1 1 1 0 1 0 1 1 1 1 1 1 1 1 1 1 1 1 1 1 1 0 1 0 1 1 1 1 1 0 1 0 1 0 1 0 1 0 1 0 1 0 1 1 1 1 1 0 1 1 1 0 1 0 1 1 1 1 1 1 1 1 1 1 1 1 1 1 1 0 1 0 1 1 1 1 1 0 1 0 1 0 1 0 1 0 1 0 1 0 1 1 1 1 1 0 1 1 1 0 1 0 1 1 1 1 1 1 1 1 1 1 1 1 1 1 1 0 1 0 1 1 1 1 1 0 1 0 1 0 1 0 1 0 1 0 1 0 1 1 1 1 1 0 1 1 1 0 1 0 1 1 1 1 1 1 1 1 1 1 1 1 1 1 1 0 1 0 1 1 1 1 1 0 1 0 0 0 0.5 0 0.5 0 0 0 0 0 0.5 1 0.5 1 0.5 0 0.5 1 0.5 0 0.5 0 0.5 1 0.5 1 0 1 0 1 0.5 1 0.5 1 0 1 0 0 0 0 0 1 0 1 0 0 0 1 1 1 1 1 1 1 1 1 1 1 1 1 1 1 0.5 1 0.5 1 1 1 1 1 0.5 1 0.5 1 0.5 1 0.5 1 0.5 1 0.5 1 0.5 1 1 1 1 1 0.5 1 1 1 0.5 1 0.5 1 1 1 1 1 1 1 1 1 1 1 1 1 1 1 1 1 1 1 1 1 1 1 1 1 1 1 1 1 1 1 1 1 1 1 1 1 1 1 1 1 1 1 1 1 1 1 1 1 1 1 1 1 1 1 1 1 1 1 1 1 1 1 1 1 1 1 1 1 1 1 1 1 1 1 1 1 1 1 1 1 1 1 1 1 1 1 1 1 1 1 1 1 1 1 1 1 1 1 1 1 1 1 1 1 1 1 1 1 1 1 1 1 1 1 1 1 1 1 1 1 1 1 1 1 1 1 1 1 1 1 1 1 1 1 1 1 1 1 1 1 1 1 1 1 1 1 1 1 1 1 1 1 1 1 1 1 1 1 1 1 1 1 1 1 1 1 1 1 1 1 1 1 1 1 1 1 1 1 1 1 1 1 1 1 1 1 1 1 1 1 1 1 1 1 1 1 1 1 1 1 1 1 1 1 1 1 1 1 1 1 1 1 1 1 1 1 1 1 1 1 1 1 1 1 1 1 1 1 1 1 1 1 1 1 1 1 1 1 1 1 1 1 1 1 1 1 1 1 1 1 1 1 1 1 1 1 1 1 1 1 1 1 1 1 1 1 1 1 1 1 1 1 1 1 1 1 1 1 1 1 1 1 1 1 1 1 1 1 0.5 1 0.5 1 0.5 1 0.5 1 0.5 1 0.5 1 0 1 0 1 0.5 1 0.5 1 0.5 1 0 1 0 1 0 1 0 1 0 1 0 1 0 1 0.5 1 0.5 1 0 1 0.5 1 0 1 0 1 1 1 1 1 1 1 1 1 1 1 1 1 1 1 1 1 1 1 1 1 1 1 1 1 1 1 1 1 1 1 1 1 1 1 1 1 1 1 1 1 1 1 1 1 1 1 1 1 1 1 1 1 1 1 1 1 1 1 1 1 1 1 1 1 1 1 1 1 1 1 1 1 1 1 1 1 1 1 1 1 1 1 1 1 1 1 1 1 1 1 1 1 1 1 1 1 1 1 1 1 1 1 1 1 1 1 1 1 1 1 1 1 1 1 1 1 1 1 1 1 1 1 1 1 1 1 1 1 1 1 1 1 1 1 1 1 1 1 1 1 1 1 1 1 1 1 1 1 1 1 1 1 1 1 1 1 1 1 1 1 1 1 1 1 1 1 1 1 1 1 1 1 1 1 1 1 1 1 1 1 1 1 1 1 1 1 1 1 1 1 1 1 1 1 1 1 1 1 1 1 1 1 1 1 1 1 1 1 1 1 1 1 1 1 1 1 1 1 1 1 1 1 1 1 1 1 1 1 1 1 1 1 1 1 1 1 1 1 1 1 1 1 1 1 1 1 1 1 1 1 1 1 1 1 1 1 1 1 1 1 1 1 1 1 1 1 1 1 1 1 1 1 1 1 1 1 1 1 1 1 1 1 1 1 1 1 1 1 1 1 1 1 1 1 1 1 1 1 1 1 1 1 1 1 1 1 1 1 1 1 1 1 1 1 1 1 1 1 1 1 1 1 1 1 1 1 1 1 1 1 1 1 1 1 1 1 1 1 1 1 1 1 1 1 1 1 1 1 1 1 1 1 1 1 1 1 1 1 1 1 1 1 1 1 1 1 1 1 1 1 1 1 1 1 1 1 1 1 1 1 1 1 1 1 0.5 1 0.5 1 0.5 1 0.5 1 0.5 1 0.5 1 0 1 0 1 0.5 1 0 1 0.5 1 0.5 1 0 1 0 1 0 1 0 1 0 1 0 1 0.5 1 0.5 1 0 1 0 1 0 1 0.5 1 1 1 1 1 1 1 1 1 1 1 1 1 1 1 1 1 1 1 1 1 1 1 1 1 1 1 1 1 1 1 1 1 1 1 1 1 1 1 1 1 1 1 1 1 1 1 1 1 1 1 1 1 1 1 1 1 1 1 1 1 1 1 1 1 1 1 1 1 1 1 1 1 1 1 1 1 1 1 1 1 1 1 1 1 1 1 1 1 1 1 1 1 1 1 1 1 1 1 1 1 1 1 1 1 1 1 1 1 1 1 1 1 1 1 1 1 1 1 1 1 1 1 1 1 1 1 1 1 1 1 1 1 1 1 1 1 1 1 1 1 1 1 1 1 1 1 1 1 1 1 1 1 1 1 1 1 1 1 1 1 1 1 1 1 1 1 1 1 1 1 1 1 1 1 1 1 1 1 1 1 1 1 1 1 1 1 1 1 1 1 1 1 1 1 1 1 1 1 1 1 1 1 1 1 1 1 0.5 1 0.5 1 1 1 1 1 0.5 1 0.5 1 0.5 1 0.5 1 0.5 1 0.5 1 0.5 1 1 1 1 1 0.5 1 1 1 0.5 1 0.5 1 1 1 1 1 1 1 1 1 1 1 1 1 1 1 1 1 1 1 1 1 1 1 1 1 1 1 1 1 1 1 1 1 1 1 1 1 1 1 1 1 1 1 1 1 1 1 1 1 1 1 1 1 1 1 1 1 1 1 1 1 1 1 1 1 1 1 1 1 1 1 1 1 1 1 1 1 1 1 1 1 1 1 1 1 1 1 1 1 1 1 1 1 1 1 1 1 1 1 1 1 1 1 1 1 1 1 1 1 1 1 1 1 1 1 1 1 1 1 1 1 1 1 1 1 1 1 1 1 1 1 1 1 1 1 1 1 1 1 1 1 1 1 1 1 1 1 1 1 1 1 1 1 1 1 1 1 1 1 1 1 1 1 1 1 1 1 1 1 1 1 1 1 1 1 1 1 1 1 1 1 1 1 1 1 1 1 1 1 1 1 1 1 1 1 1 1 1 1 1 1 1 1 1 1 1 1 1 1 1 1 1 1 1 1 1 1 1 1 1 1 1 1 1 1 1 1 1 1 1 1 1 1 1 1 1 1 1 1 1 1 1 1 1 1 1 1 1 1 1 1 1 1 1 1 1 1 1 1 1 1 1 1 1 1 1 1 1 1 1 1 1 1 1 1 1 1 1 1 1 1 1 1 1 1 1 1 1 1 1 1 1 1 1 1 1 1 1 1 1 1 1 1 1 1 1 1 1 1 1 1 1 1 1 1 1 1 1 1 1 1 1 1 1 1 1 1 1 1 1 1 1 1 1 1 1 1 1 1 1 1 1 1 1 1 1 1 1 1 1 1 1 1 1 1 1 1 1 1 1 1 1 1 1 1 1 1 1 1 1 1 1 1 1 1 1 1 1 1 1 1 1 1 1 1 1 1 1 1 1 1 1 1 1 1 1 1 1 1 1 1 1 1 1 1 1 1 1 1 1 1 1 1 1 1 1 1 1 1 1 1 1 1 1 1 1 1 1 1 1 1 1 1 1 1 1 1 1 1 1 1 1 1 1 1 1 1 1 1 1 1 1 1 1 1 1 1 1 1 1 1 1 1 1 1 1 1 1 1 1 1 1 1 1 1 1 1 1 1 1 1 1 1 1 1 1 1 1 1 1 1 1 1 1 1 1 1 1 1 1 1 1 1 1 1 1 1 1 1 1 1 1 1 1 1 1 1 1 1 1 1 1 1 1 1 1 1 1 1 1 1 1 1 1 1 1 1 1 1 1 1 1 1 1 1 1 1 1 1 1 1 1 1 1 1 1 1 1 1 1 1 1 1 1 1 1 1 1 1 1 1 1 1 1 1 1 1 1 1 1 1 1 1 1 1 1 1 1 1 1 1 1 1 1 1 1 1 1 1 1 1 1 1 1 1 1 1 1 1 1 1 1 1 1 1 1 1 1 1 1 1 1 1 1 1 1 1 1 1 1 1 1 1 1 1 1 1 1 1 1 1 1 1 1 1 1 1 1 1 1 1 1 1 1 1 1 1 1 1 1 1 1 1 1 1 1 1 1 1 1 1 1 1 1 1 1 1 1 1 1 1 1 1 1 1 1 1 1 1 1 1 1 1 1 1 1 1 1 1 1 1 1 1 1 1 1 1 1 1 1 1 1 1 1 1 1 1 1 1 1 1 1 1 1 1 1 1 1 1 1 1 1 1 1 1 1 1 1 1 1 1 1 1 1 1 1 1 1 1 1 1 1 1 1 1 1 1 1 1 1 1 1 1 1 1 1 1 1 1 1 1 1 1 1 1 1 1 1 1 1 1 1 1 1 1 1 1 1 1 1 1 1 1 1 1 1 1 1 1 1 1 1 1 1 1 1 1 1 1 1 1 1 1 1 1 1 1 1 1 1 1 1 1 1 1 1 1 1 1 1 1 1 1 1 1 1 1 1 1 1 1 1 1 1 1 1 1 1 1 1 1 1 1 1 1 1 1 1 1 1 1 1 1 1 1 1 1 1 1 1 1 1 1 1 1 1 1 1 1 1 1 1 1 1 1 1 1 1 1 1 1 1 1 1 1 1 1 1 1 1 1 1 1 1 1 1 1 1 1 1 1 1 1 1 1 1 1 1 1 1 1 1 1 1 1 1 1 1 1 1 1 1 1 1 1 1 1 1 1 1 1 1 1 1 1 1 1 1 1 1 1 1 1 1 1 1 1 1 1 1 1 1 1 1 1 1 1 1 1 1 1 1 1 1 1 1 1 1 1 1 1 1 1 1 1 1 1 1 1 1 1 1 1 1 1 1 1 1 1 1 1 1 1 1 1 1 1 1 1 1 1 1 1 1 1 1 1 1 1 1 1 1 1 1 1 1 1 1 1 1 1 1 1 1 1 1 1 1 1 1 1 1 1 1 1 1 1 1 1 1 1 1 1 1 1 1 1 1 1 1 1 1 1 1 1 1 1 1 1 1 1 1 1 1 1 1 1 1 1 1 1 1 1 1 1 1 1 1 1 1 1 1 1 1 1 1 1 1 1 1 1 1 1 1 1 1 1 1 1 1 1 1 1 1 1 1 1 1 1 1 1 1 1 1 1 1 1 1 1 1 1 1 1 1 1 1 1 1 1 1 1 1 1 1 1 1 1 1 1 1 1 1 1 1 1 1 1 1 1 1 1 1 1 1 1 1 1 1 1 1 1 1 1 1 1 1 1 1 1 1 1 1 1 1 1 1 1 1 1 1 1 1 1 1 1 1 1 1 1 1 1 1 1 1 1 1 1 1 1 1 1 1 1 1 1 1 1 1 1 1 1 1 1 1 1 1 1 1 1 1 1 1 1 1 1 1 1 1 1 1 1 1 1 1 1 1 1 1 1 1 1 1 1 1 1 1 1 1 1 1 1 1 1 1 1 1 1 1 1 1 1 1 1 1 1 1 1 1 1 1 1 1 1 1 1 1 1 1 1 1 1 1 1 1 1 1 1 1 1 1 1 1 1 1 1 1 1 1 1 1 1 1 1 1 1 1 1 1 1 1 1 1 1 1 1 1 1 1 1 1 1 1 1 1 1 1 1 1 1 1 1 1 1 1 1 1 1 1 1 1 1 1 1 1 1 1 1 1 1 1 1 1 1 1 1 1 1 1 1 1 1 1 1 1 1 1 1 1 1 1 1 1 1 1 1 1 1 1 1 1 1 1 1 1 1 1 1 1 1 1 1 1 1 1 1 1 1 1 1 1 1 1 1 1 1 1 1 1 1 1 1 1 1 1 1 1 1 1 1 1 1 1 1 1 1 1 1 1 1 1 1 1 1 1 1 1 1 1 1 1 1 1 1 1 1 1 1 1 1 1 1 1 1 1 1 1 1 1 1 1 1 1 1 1 1 1 1 1 1 1 1 1 1 1 1 1 1 1 1 1 1 1 1 1 1 1 1 1 1 1 1 1 1 1 1 1 1 1 1 1 1 1 1 1 1 1 1 1 1 1 1 1 1 1 1 1 1 1 1 1 1 1 1 1 1 1 1 1 1 1 1 1 1 1 1 1 1 1 1 1 1 1 1 1 1 1 1 1 1 1 1 1 1 1 1 1 1 1 1 1 1 1 1 1 1 1 1 1 1 1 1 1 1 1 1 1 1 1 1 1 1 1 1 1 1 1 1 1 1 1 1 1 1 1 1 1 1 1 1 1 1 1 1 1 1 1 1 1 1 1 1 1 1 1 1 1 1 1 1 1 1 1 1 1 1 1 1 1 1 1 1 1 1 1 1 1 1 1 1 1 1 1 1 1 1 1 1 1 1 1 1 1 1 1 1 1 1 1 1 1 1 1 1 1 1 1 1 1 1 1 1 1 1 1 1 1 1 1 1 1 1 1 1 1 1 1 1 1 1 1 1 1 1 1 1 1 1 1 1 1 1 1 1 1 1 1 1 1 1 1 1 1 1 1 1 1 1 1 1 1 1 1 1 1 1 1 1 1 1 1 1 1 1 1 1 1 1 1 1 1 1 1 1 1 1 1 1 1 1 1 1 1 1 1 1 1 1 1 1 1 1 1 1 1 1 1 1 1 1 1 1 1 1 1 1 1 1 1 1 1 1 1 1 1 1 1 1 1 1 1 1 1 1 1 1 1 1 1 1 1 1 1 1 1 1 1 1 1 1 1 1 1 1 1 1 1 1 1 1 1 1 1 1 1 1 1 1 1 1 1 1 1 1 1 1 1 1 1 1 1 1 1 1 1 1 1 1 1 1 1 1 1 1 1 1 1 1 1 1 1 1 1 1 1 1 1 1 1 1 1 1 1 1 1 1 1 1 1 1 1 1 1 1 1 1 1 1 1 1 1 1 1 1 1 1 1 1 1 1 1 1 1 1 1 1 1 1 1 1 1 1 1 1 1 1 1 1 1 1 1 1 1 1 1 1 1 1 1 1 1 1 1 1 1 1 1 1 1 1 1 1 1 1 1 1 1 1 1 1 1 1 1 1 1 1 1 1 1 1 1 1 1 1 1 1 1 1 1 1 1 1 1 1 1 1 1 1 1 1 1 1 1 1 1 1 1 1 1 1 1 1 1 1 1 1 1 1 1 1 1 1 1 1 1 1 1 1 1 1 1 1 1 1 1 1 1 1 1 1 1 1 1 1 1 1 1 1 1 1 1 1 1 1 1 1 1 1 1 1 1 1 1 1 1 1 1 1 1 1 1 1 1 1 1 1 1 1 1 1 1 1 1 1 1 1 1 1 1 1 1 1 1 1 1 1 1 1 1 1 1 1 1 1 1 1 1 1 1 1 1 1 1 1 1 1 1 1 1 1 1 1 1 1 1 1 1 1 1 1 1 1 1 1 1 1 1 1 1 1 1 1 1 1 1 1 1 1 1 1 1 1 1 1 1 1 1 1 1 1 1 1 1 1 1 1 1 1 1 1 1 1 1 1 1 1 1 1 1 1 1 1 1 1 1 1 1 1 1 1 1 1 1 1 1 1 1 1 1 1 1 1 1 1 1 1 1 1 1 1 1 1 1 1 1 1 1 1 1 1 1 1 1 1 1 1 1 1 1 1 1 1 1 1 1 1 1 1 1 1 1 1 1 1 1 1 1 1 1 1 1 1 1 1 1 1 1 1 1 1 1 1 1 1 1 1 1 1 1 1 1 1 1 1 1 1 1 1 1 1 1 1 1 1 1 1 1 1 1 1 1 1 1 1 1 1 1 1 1 1 1 1 1 1 1 1 1 1 1 1 1 1 1 1 1 1 1 1 1 1 1 1 1 1 1 1 1 1 1 1 1 1 1 1 1 1 1 1 1 1 1 1 1 1 1 1 1 1 1 1 1 1 1 1 1 1 1 1 1 1 1 1 1 1 1 1 1 1 1 1 1 1 1 1 1 1 1 1 1 1 1 1 1 1 1 1 1 1 1 1 1 1 1 1 1 1 1 1 1 1 1 1 1 1 1 1 1 1 1 1 1 1 1 1 1 1 1 1 1 1 1 1 1 1 1 1 1 1 1 1 1 1 1 1 1 1 1 1 1 1 1 1 1 1 1 1 1 1 1 1 1 1 1 1 1 1 1 1 1 1 1 1 1 1 1 1 1 1 1 1 1 1 1 1 1 1 1 1 1 1 1 1 1 1 1 1 1 1 1 1 1 1 1 1 1 1 1 1 1 1 1 1 1 1 1 1 1 1 1 1 1 1 1 1 1 1 1 1 1 1 1 1 1 1 1 1 1 1 1 1 1 1 1 1 1 1 1 1 1 1 1 1 1 1 1 1 1 1 1 1 1 1 1 1 1 1 1 1 1 1 1 1 1 1 1 1 1 1 1 1 1 1 1 1 1 1 1 1 1 1 1 1 1 1 1 1 1 1 1 1 1 1 1 1 1 1 1 1 1 1 1 1 1 1 1 1 1 1 1 1 1 1 1 1 1 1 1 1 1 1 1 1 1 1 1 1 1 1 1 1 1 1 1 1 1 1 1 1 1 1 1 1 1 1 1 1 1 1 1 1 1 1 1 1 1 1 1 1 1 1 1 1 1 1 1 1 1 1 1 1 1 1 1 1 1 1 1 1 1 1 1 1 1 1 1 1 1 1 1 1 1 1 1 1 1 1 1 1 1 1 1 1 1 1 1 1 1 1 1 1 1 1 1 1 1 1 1 1 1 1 1 1 1 1 1 1 1 1 1 1 1 1 1 1 1 1 1 1 1 1 1 1 1 1 1 1 1 1 1 0 0 0 0 1 1 1 1 0 0 1 1 1 1 0 0 1 1 0 0 0 0 1 1 1 1 1 1 1 1 1 1 1 1 1 1 1 1 1 1 1 1 1 1 1 1 1 1 1 1 1 1 1 1 1 1 1 1 1 1 1 1 1 1 1 1 1 1 1 1 1 1 1 1 1 1 1 1 1 1 1 1 1 1 1 1 1 1 1 1 1 1 1 1 1 1 1 1 1 1 1 1 1 1 1 1 1 1 1 1 1 1 1 1 1 1 1 1 1 1 0 0 0 0 1 1 1 1 0 0 1 1 1 1 0 0 1 1 0 0 0 0 1 1 1 1 1 1 1 1 1 1 1 1 1 1 1 1 1 1 1 1 1 1 1 1 1 1 0 0 0 0 1 1 1 1 0 0 1 1 1 1 0 0 1 1 0 0 0 0</float_array>
          <technique_common>
            <accessor source="#Plane_003-mesh-map-0-array" count="9120" stride="2">
              <param name="S" type="float"/>
              <param name="T" type="float"/>
            </accessor>
          </technique_common>
        </source>
        <vertices id="Plane_003-mesh-vertices">
          <input semantic="POSITION" source="#Plane_003-mesh-positions"/>
        </vertices>
        <triangles material="Material_001-material" count="3040">
          <input semantic="VERTEX" source="#Plane_003-mesh-vertices" offset="0"/>
          <input semantic="NORMAL" source="#Plane_003-mesh-normals" offset="1"/>
          <input semantic="TEXCOORD" source="#Plane_003-mesh-map-0" offset="2" set="0"/>
          <p>427 0 0 248 1 1 426 2 2 427 0 3 249 3 4 25 4 5 428 5 6 24 6 7 427 0 8 428 5 9 25 4 10 3 7 11 428 5 12 204 8 13 2 9 14 428 5 15 205 10 16 429 11 17 429 11 18 248 1 19 204 8 20 429 11 21 249 3 22 426 2 23 431 12 24 204 8 25 430 13 26 431 12 27 205 10 28 3 7 29 431 12 30 4 14 31 2 9 32 432 15 33 3 7 34 5 16 35 432 15 36 208 17 37 4 14 38 432 15 39 209 18 40 433 19 41 430 13 42 208 17 43 433 19 44 433 19 45 205 10 46 430 13 47 435 20 48 208 17 49 434 21 50 435 20 51 209 18 52 5 16 53 435 20 54 6 22 55 4 14 56 435 20 57 7 23 58 436 24 59 436 24 60 212 25 61 6 22 62 436 24 63 213 26 64 437 27 65 434 21 66 212 25 67 437 27 68 434 21 69 213 26 70 209 18 71 439 28 72 212 25 73 438 29 74 439 28 75 213 26 76 7 23 77 440 30 78 6 22 79 439 28 80 439 28 81 9 31 82 440 30 83 440 30 84 216 32 85 8 33 86 440 30 87 217 34 88 441 35 89 441 35 90 212 25 91 216 32 92 438 29 93 217 34 94 213 26 95 443 36 96 216 32 97 442 37 98 443 36 99 217 34 100 9 31 101 443 36 102 10 38 103 8 33 104 444 39 105 9 31 106 11 40 107 444 39 108 220 41 109 10 38 110 444 39 111 221 42 112 445 43 113 442 37 114 220 41 115 445 43 116 445 43 117 217 34 118 442 37 119 447 44 120 220 41 121 446 45 122 447 44 123 221 42 124 11 40 125 448 46 126 10 38 127 447 44 128 447 44 129 13 47 130 448 46 131 448 46 132 224 48 133 12 49 134 448 46 135 225 50 136 449 51 137 449 51 138 220 41 139 224 48 140 446 45 141 225 50 142 221 42 143 451 52 144 224 48 145 450 53 146 451 52 147 225 50 148 13 47 149 452 54 150 12 49 151 451 52 152 451 52 153 15 55 154 452 54 155 452 54 156 228 56 157 14 57 158 452 54 159 229 58 160 453 59 161 453 59 162 224 48 163 228 56 164 450 53 165 229 58 166 225 50 167 455 60 168 228 56 169 454 61 170 455 60 171 229 58 172 15 55 173 456 62 174 14 57 175 455 60 176 455 60 177 17 63 178 456 62 179 456 62 180 232 64 181 16 65 182 456 62 183 233 66 184 457 67 185 454 61 186 232 64 187 457 67 188 457 67 189 229 58 190 454 61 191 459 60 192 232 64 193 458 61 194 459 60 195 233 66 196 17 63 197 460 62 198 16 65 199 459 60 200 459 60 201 19 68 202 460 62 203 460 62 204 236 69 205 18 70 206 460 62 207 237 71 208 461 67 209 458 61 210 236 69 211 461 67 212 461 67 213 233 66 214 458 61 215 463 72 216 236 69 217 462 73 218 463 72 219 237 71 220 19 68 221 463 72 222 20 74 223 18 70 224 463 72 225 21 75 226 464 76 227 464 76 228 240 77 229 20 74 230 464 76 231 241 78 232 465 79 233 462 73 234 240 77 235 465 79 236 462 73 237 241 78 238 237 71 239 467 80 240 240 77 241 466 81 242 467 80 243 241 78 244 21 75 245 467 80 246 22 82 247 20 74 248 467 80 249 23 83 250 468 84 251 468 84 252 244 85 253 22 82 254 468 84 255 245 86 256 469 87 257 466 81 258 244 85 259 469 87 260 466 81 261 245 86 262 241 78 263 471 88 264 200 89 265 470 90 266 471 88 267 201 91 268 1 92 269 472 93 270 0 94 271 471 88 272 472 93 273 1 92 274 25 4 275 472 93 276 248 1 277 24 6 278 472 93 279 249 3 280 473 95 281 470 90 282 248 1 283 473 95 284 470 90 285 249 3 286 201 91 287 474 96 288 24 6 289 2 9 290 474 96 291 25 4 292 475 97 293 476 98 294 24 6 295 475 97 296 476 98 297 25 4 298 51 99 299 477 100 300 50 101 301 476 98 302 477 100 303 51 99 304 29 102 305 477 100 306 2 9 307 28 103 308 477 100 309 3 7 310 474 96 311 478 104 312 10 38 313 12 49 314 479 105 315 13 47 316 11 40 317 480 106 318 10 38 319 479 105 320 480 106 321 11 40 322 37 107 323 481 108 324 36 109 325 480 106 326 480 106 327 39 110 328 481 108 329 481 108 330 12 49 331 38 111 332 481 108 333 13 47 334 478 104 335 483 112 336 22 82 337 482 113 338 483 112 339 23 83 340 21 75 341 484 114 342 20 74 343 483 112 344 484 114 345 21 75 346 47 115 347 484 114 348 48 116 349 46 117 350 484 114 351 49 118 352 485 119 353 485 119 354 22 82 355 48 116 356 485 119 357 23 83 358 482 113 359 486 120 360 6 22 361 8 33 362 487 121 363 9 31 364 7 23 365 488 122 366 6 22 367 487 121 368 488 122 369 7 23 370 33 123 371 489 124 372 32 125 373 488 122 374 488 122 375 35 126 376 489 124 377 489 124 378 8 33 379 34 127 380 489 124 381 9 31 382 486 120 383 491 128 384 18 70 385 490 129 386 490 129 387 17 63 388 491 128 389 492 130 390 16 65 391 491 128 392 492 130 393 17 63 394 43 131 395 493 132 396 42 133 397 492 130 398 492 130 399 45 134 400 493 132 401 493 132 402 18 70 403 44 135 404 493 132 405 19 68 406 490 129 407 495 136 408 4 14 409 494 137 410 494 137 411 3 7 412 495 136 413 496 138 414 2 9 415 495 136 416 496 138 417 3 7 418 29 102 419 496 138 420 30 139 421 28 103 422 497 140 423 29 102 424 31 141 425 497 140 426 4 14 427 30 139 428 497 140 429 5 16 430 494 137 431 498 142 432 12 49 433 14 57 434 499 143 435 15 55 436 13 47 437 500 144 438 12 49 439 499 143 440 500 144 441 13 47 442 39 110 443 501 145 444 38 111 445 500 144 446 500 144 447 41 146 448 501 145 449 501 145 450 14 57 451 40 147 452 501 145 453 15 55 454 498 142 455 502 148 456 0 94 457 24 6 458 502 148 459 1 92 460 503 149 461 504 150 462 0 94 463 503 149 464 504 150 465 1 92 466 27 151 467 505 152 468 26 153 469 504 150 470 504 150 471 51 99 472 505 152 473 505 152 474 24 6 475 50 101 476 505 152 477 25 4 478 502 148 479 507 154 480 10 38 481 506 155 482 506 155 483 9 31 484 507 154 485 508 156 486 8 33 487 507 154 488 508 156 489 9 31 490 35 126 491 508 156 492 36 109 493 34 127 494 509 157 495 35 126 496 37 107 497 509 157 498 10 38 499 36 109 500 509 157 501 11 40 502 506 155 503 511 158 504 20 74 505 510 159 506 511 158 507 21 75 508 19 68 509 512 160 510 18 70 511 511 158 512 512 160 513 19 68 514 45 134 515 512 160 516 46 117 517 44 135 518 512 160 519 47 115 520 513 161 521 513 161 522 20 74 523 46 117 524 513 161 525 21 75 526 510 159 527 515 162 528 6 22 529 514 163 530 515 162 531 7 23 532 5 16 533 516 164 534 4 14 535 515 162 536 516 164 537 5 16 538 31 141 539 516 164 540 32 125 541 30 139 542 516 164 543 33 123 544 517 165 545 517 165 546 6 22 547 32 125 548 517 165 549 7 23 550 514 163 551 519 128 552 16 65 553 518 129 554 518 129 555 15 55 556 519 128 557 520 130 558 14 57 559 519 128 560 520 130 561 15 55 562 41 146 563 521 132 564 40 147 565 520 130 566 520 130 567 43 131 568 521 132 569 521 132 570 16 65 571 42 133 572 521 132 573 17 63 574 518 129 575 523 166 576 46 117 577 522 167 578 523 166 579 47 115 580 45 134 581 524 168 582 44 135 583 523 166 584 524 168 585 45 134 586 71 169 587 524 168 588 72 170 589 70 171 590 524 168 591 73 172 592 525 173 593 522 167 594 72 170 595 525 173 596 522 167 597 73 172 598 47 115 599 527 174 600 32 125 601 526 175 602 527 174 603 33 123 604 31 141 605 527 174 606 56 176 607 30 139 608 528 177 609 31 141 610 57 178 611 528 177 612 58 179 613 56 176 614 528 177 615 59 180 616 529 181 617 526 175 618 58 179 619 529 181 620 529 181 621 33 123 622 526 175 623 531 182 624 48 116 625 530 183 626 531 182 627 49 118 628 47 115 629 531 182 630 72 170 631 46 117 632 531 182 633 73 172 634 532 184 635 532 184 636 74 185 637 72 170 638 532 184 639 75 186 640 533 187 641 530 183 642 74 185 643 533 187 644 530 183 645 75 186 646 49 118 647 534 188 648 32 125 649 34 127 650 535 189 651 35 126 652 33 123 653 535 189 654 58 179 655 32 125 656 536 190 657 33 123 658 59 180 659 537 191 660 58 179 661 536 190 662 536 190 663 61 192 664 537 191 665 534 188 666 60 193 667 537 191 668 537 191 669 35 126 670 534 188 671 539 194 672 50 101 673 538 195 674 538 195 675 27 151 676 539 194 677 539 194 678 52 196 679 26 153 680 540 197 681 27 151 682 53 198 683 540 197 684 76 199 685 52 196 686 540 197 687 77 200 688 541 201 689 538 195 690 76 199 691 541 201 692 541 201 693 51 99 694 538 195 695 543 202 696 36 109 697 542 203 698 542 203 699 35 126 700 543 202 701 543 202 702 60 193 703 34 127 704 544 204 705 35 126 706 61 192 707 544 204 708 62 205 709 60 193 710 545 206 711 61 192 712 63 207 713 542 203 714 62 205 715 545 206 716 545 206 717 37 107 718 542 203 719 546 208 720 36 109 721 38 111 722 547 209 723 39 110 724 37 107 725 547 209 726 62 205 727 36 109 728 548 210 729 37 107 730 63 207 731 549 211 732 62 205 733 548 210 734 548 210 735 65 212 736 549 211 737 546 208 738 64 213 739 549 211 740 549 211 741 39 110 742 546 208 743 550 214 744 38 111 745 40 147 746 551 215 747 41 146 748 39 110 749 551 215 750 64 213 751 38 111 752 552 216 753 39 110 754 65 212 755 553 217 756 64 213 757 552 216 758 552 216 759 67 218 760 553 217 761 553 217 762 40 147 763 66 219 764 553 217 765 41 146 766 550 214 767 555 220 768 42 133 769 554 159 770 554 159 771 41 146 772 555 220 773 556 160 774 40 147 775 555 220 776 556 160 777 41 146 778 67 218 779 557 221 780 66 219 781 556 160 782 556 160 783 69 222 784 557 221 785 557 221 786 42 133 787 68 223 788 557 221 789 43 131 790 554 159 791 558 224 792 50 101 793 28 103 794 558 224 795 51 99 796 559 225 797 559 225 798 76 199 799 50 101 800 560 226 801 51 99 802 77 200 803 561 227 804 76 199 805 560 226 806 561 227 807 77 200 808 55 228 809 558 224 810 54 229 811 561 227 812 561 227 813 29 102 814 558 224 815 563 220 816 44 135 817 562 159 818 562 159 819 43 131 820 563 220 821 564 160 822 42 133 823 563 220 824 564 160 825 43 131 826 69 222 827 565 221 828 68 223 829 564 160 830 564 160 831 71 169 832 565 221 833 565 221 834 44 135 835 70 171 836 565 221 837 45 134 838 562 159 839 567 230 840 30 139 841 566 231 842 566 231 843 29 102 844 567 230 845 567 230 846 54 229 847 28 103 848 568 232 849 29 102 850 55 228 851 568 232 852 56 176 853 54 229 854 569 233 855 55 228 856 57 178 857 566 231 858 56 176 859 569 233 860 569 233 861 31 141 862 566 231 863 571 234 864 72 170 865 570 235 866 571 234 867 73 172 868 71 169 869 571 234 870 84 236 871 70 171 872 572 237 873 71 169 874 85 238 875 572 237 876 86 239 877 84 236 878 572 237 879 87 240 880 573 241 881 570 235 882 86 239 883 573 241 884 573 241 885 73 172 886 570 235 887 575 242 888 68 223 889 574 243 890 574 243 891 67 218 892 575 242 893 575 242 894 80 244 895 66 219 896 576 245 897 67 218 898 81 246 899 577 247 900 80 244 901 576 245 902 576 245 903 83 248 904 577 247 905 574 243 906 82 249 907 577 247 908 577 247 909 69 222 910 574 243 911 579 250 912 74 185 913 578 251 914 579 250 915 75 186 916 73 172 917 579 250 918 86 239 919 72 170 920 580 252 921 73 172 922 87 240 923 580 252 924 88 253 925 86 239 926 580 252 927 89 254 928 581 255 929 578 251 930 88 253 931 581 255 932 581 255 933 75 186 934 578 251 935 583 242 936 70 171 937 582 243 938 582 243 939 69 222 940 583 242 941 583 242 942 82 249 943 68 223 944 584 245 945 69 222 946 83 248 947 585 247 948 82 249 949 584 245 950 584 245 951 85 238 952 585 247 953 582 243 954 84 236 955 585 247 956 585 247 957 71 169 958 582 243 959 586 256 960 64 213 961 66 219 962 587 257 963 67 218 964 65 212 965 587 257 966 78 258 967 64 213 968 588 259 969 65 212 970 79 260 971 589 261 972 78 258 973 588 259 974 588 259 975 81 246 976 589 261 977 586 256 978 80 244 979 589 261 980 589 261 981 67 218 982 586 256 983 591 262 984 88 253 985 590 263 986 591 262 987 89 254 988 87 240 989 591 262 990 98 264 991 86 239 992 592 265 993 87 240 994 99 266 995 592 265 996 100 267 997 98 264 998 592 265 999 101 268 1000 593 269 1001 590 263 1002 100 267 1003 593 269 1004 593 269 1005 89 254 1006 590 263 1007 595 270 1008 84 236 1009 594 271 1010 594 271 1011 83 248 1012 595 270 1013 595 270 1014 94 272 1015 82 249 1016 596 273 1017 83 248 1018 95 274 1019 597 275 1020 94 272 1021 596 273 1022 596 273 1023 97 276 1024 597 275 1025 594 271 1026 96 277 1027 597 275 1028 597 275 1029 85 238 1030 594 271 1031 598 278 1032 78 258 1033 80 244 1034 599 279 1035 81 246 1036 79 260 1037 599 279 1038 90 280 1039 78 258 1040 600 281 1041 79 260 1042 91 282 1043 601 283 1044 90 280 1045 600 281 1046 600 281 1047 93 284 1048 601 283 1049 598 278 1050 92 285 1051 601 283 1052 601 283 1053 81 246 1054 598 278 1055 603 286 1056 86 239 1057 602 287 1058 603 286 1059 87 240 1060 85 238 1061 603 286 1062 96 277 1063 84 236 1064 604 288 1065 85 238 1066 97 276 1067 604 288 1068 98 264 1069 96 277 1070 604 288 1071 99 266 1072 605 289 1073 602 287 1074 98 264 1075 605 289 1076 605 289 1077 87 240 1078 602 287 1079 607 270 1080 82 249 1081 606 271 1082 606 271 1083 81 246 1084 607 270 1085 607 270 1086 92 285 1087 80 244 1088 608 273 1089 81 246 1090 93 284 1091 609 275 1092 92 285 1093 608 273 1094 608 273 1095 95 274 1096 609 275 1097 606 271 1098 94 272 1099 609 275 1100 609 275 1101 83 248 1102 606 271 1103 611 290 1104 100 267 1105 610 291 1106 611 290 1107 101 268 1108 99 266 1109 612 292 1110 98 264 1111 611 290 1112 611 290 1113 111 293 1114 612 292 1115 612 292 1116 112 294 1117 110 295 1118 612 292 1119 113 296 1120 613 297 1121 613 297 1122 100 267 1123 112 294 1124 610 291 1125 113 296 1126 101 268 1127 615 298 1128 96 277 1129 614 299 1130 614 299 1131 95 274 1132 615 298 1133 616 300 1134 94 272 1135 615 298 1136 615 298 1137 107 301 1138 616 300 1139 617 302 1140 106 303 1141 616 300 1142 616 300 1143 109 304 1144 617 302 1145 617 302 1146 96 277 1147 108 305 1148 614 299 1149 109 304 1150 97 276 1151 618 306 1152 90 280 1153 92 285 1154 619 307 1155 93 284 1156 91 282 1157 620 308 1158 90 280 1159 619 307 1160 619 307 1161 103 309 1162 620 308 1163 621 310 1164 102 311 1165 620 308 1166 620 308 1167 105 312 1168 621 310 1169 621 310 1170 92 285 1171 104 313 1172 618 306 1173 105 312 1174 93 284 1175 623 314 1176 98 264 1177 622 315 1178 623 314 1179 99 266 1180 97 276 1181 624 316 1182 96 277 1183 623 314 1184 623 314 1185 109 304 1186 624 316 1187 624 316 1188 110 295 1189 108 305 1190 624 316 1191 111 293 1192 625 317 1193 625 317 1194 98 264 1195 110 295 1196 622 315 1197 111 293 1198 99 266 1199 627 298 1200 94 272 1201 626 299 1202 626 299 1203 93 284 1204 627 298 1205 628 300 1206 92 285 1207 627 298 1208 627 298 1209 105 312 1210 628 300 1211 629 302 1212 104 313 1213 628 300 1214 628 300 1215 107 301 1216 629 302 1217 629 302 1218 94 272 1219 106 303 1220 626 299 1221 107 301 1222 95 274 1223 631 318 1224 112 294 1225 630 319 1226 631 318 1227 113 296 1228 111 293 1229 632 320 1230 110 295 1231 631 318 1232 631 318 1233 123 321 1234 632 320 1235 632 320 1236 124 322 1237 122 323 1238 632 320 1239 125 324 1240 633 325 1241 633 325 1242 112 294 1243 124 322 1244 630 319 1245 125 324 1246 113 296 1247 635 326 1248 108 305 1249 634 327 1250 634 327 1251 107 301 1252 635 326 1253 636 328 1254 106 303 1255 635 326 1256 635 326 1257 119 329 1258 636 328 1259 637 330 1260 118 331 1261 636 328 1262 636 328 1263 121 332 1264 637 330 1265 637 330 1266 108 305 1267 120 333 1268 634 327 1269 121 332 1270 109 304 1271 638 334 1272 102 311 1273 104 313 1274 639 335 1275 105 312 1276 103 309 1277 640 336 1278 102 311 1279 639 335 1280 639 335 1281 115 337 1282 640 336 1283 641 338 1284 114 339 1285 640 336 1286 640 336 1287 117 340 1288 641 338 1289 641 338 1290 104 313 1291 116 341 1292 638 334 1293 117 340 1294 105 312 1295 643 342 1296 110 295 1297 642 343 1298 643 342 1299 111 293 1300 109 304 1301 644 344 1302 108 305 1303 643 342 1304 643 342 1305 121 332 1306 644 344 1307 644 344 1308 122 323 1309 120 333 1310 644 344 1311 123 321 1312 645 345 1313 645 345 1314 110 295 1315 122 323 1316 642 343 1317 123 321 1318 111 293 1319 647 326 1320 106 303 1321 646 327 1322 646 327 1323 105 312 1324 647 326 1325 648 328 1326 104 313 1327 647 326 1328 647 326 1329 117 340 1330 648 328 1331 649 330 1332 116 341 1333 648 328 1334 648 328 1335 119 329 1336 649 330 1337 649 330 1338 106 303 1339 118 331 1340 646 327 1341 119 329 1342 107 301 1343 651 346 1344 124 322 1345 650 347 1346 651 346 1347 125 324 1348 123 321 1349 652 348 1350 122 323 1351 651 346 1352 652 348 1353 123 321 1354 135 349 1355 653 350 1356 134 351 1357 652 348 1358 653 350 1359 135 349 1360 137 352 1361 653 350 1362 124 322 1363 136 353 1364 653 350 1365 125 324 1366 650 347 1367 655 354 1368 120 333 1369 654 355 1370 654 355 1371 119 329 1372 655 354 1373 656 348 1374 118 331 1375 655 354 1376 656 348 1377 119 329 1378 131 356 1379 657 357 1380 130 358 1381 656 348 1382 656 348 1383 133 359 1384 657 357 1385 657 357 1386 120 333 1387 132 360 1388 657 357 1389 121 332 1390 654 355 1391 658 361 1392 114 339 1393 116 341 1394 659 362 1395 117 340 1396 115 337 1397 660 363 1398 114 339 1399 659 362 1400 660 363 1401 115 337 1402 127 364 1403 661 365 1404 126 366 1405 660 363 1406 660 363 1407 129 367 1408 661 365 1409 661 365 1410 116 341 1411 128 368 1412 661 365 1413 117 340 1414 658 361 1415 663 369 1416 122 323 1417 662 370 1418 663 369 1419 123 321 1420 121 332 1421 664 371 1422 120 333 1423 663 369 1424 664 371 1425 121 332 1426 133 359 1427 664 371 1428 134 351 1429 132 360 1430 664 371 1431 135 349 1432 665 372 1433 665 372 1434 122 323 1435 134 351 1436 665 372 1437 123 321 1438 662 370 1439 667 354 1440 118 331 1441 666 355 1442 666 355 1443 117 340 1444 667 354 1445 668 348 1446 116 341 1447 667 354 1448 668 348 1449 117 340 1450 129 367 1451 669 357 1452 128 368 1453 668 348 1454 668 348 1455 131 356 1456 669 357 1457 669 357 1458 118 331 1459 130 358 1460 669 357 1461 119 329 1462 666 355 1463 670 373 1464 134 351 1465 136 353 1466 670 373 1467 135 349 1468 671 374 1469 671 374 1470 146 375 1471 134 351 1472 671 374 1473 147 376 1474 672 377 1475 672 377 1476 148 378 1477 146 375 1478 672 377 1479 149 379 1480 673 380 1481 670 373 1482 148 378 1483 673 380 1484 670 373 1485 149 379 1486 137 352 1487 675 374 1488 132 360 1489 674 381 1490 674 381 1491 131 356 1492 675 374 1493 675 374 1494 142 382 1495 130 358 1496 675 374 1497 143 383 1498 676 384 1499 677 385 1500 142 382 1501 676 384 1502 676 384 1503 145 386 1504 677 385 1505 674 381 1506 144 387 1507 677 385 1508 674 381 1509 145 386 1510 133 359 1511 678 388 1512 126 366 1513 128 368 1514 679 389 1515 129 367 1516 127 364 1517 679 389 1518 138 390 1519 126 366 1520 679 389 1521 139 391 1522 680 392 1523 681 393 1524 138 390 1525 680 392 1526 680 392 1527 141 394 1528 681 393 1529 678 388 1530 140 395 1531 681 393 1532 678 388 1533 141 394 1534 129 367 1535 683 396 1536 134 351 1537 682 397 1538 683 396 1539 135 349 1540 133 359 1541 683 396 1542 144 387 1543 132 360 1544 683 396 1545 145 386 1546 684 398 1547 684 398 1548 146 375 1549 144 387 1550 684 398 1551 147 376 1552 685 399 1553 682 397 1554 146 375 1555 685 399 1556 682 397 1557 147 376 1558 135 349 1559 687 374 1560 130 358 1561 686 381 1562 686 381 1563 129 367 1564 687 374 1565 687 374 1566 140 395 1567 128 368 1568 687 374 1569 141 394 1570 688 384 1571 689 385 1572 140 395 1573 688 384 1574 688 384 1575 143 383 1576 689 385 1577 686 381 1578 142 382 1579 689 385 1580 686 381 1581 143 383 1582 131 356 1583 691 400 1584 148 378 1585 690 401 1586 691 400 1587 149 379 1588 147 376 1589 692 402 1590 146 375 1591 691 400 1592 692 402 1593 147 376 1594 159 403 1595 692 402 1596 160 404 1597 158 405 1598 692 402 1599 161 406 1600 693 407 1601 690 401 1602 160 404 1603 693 407 1604 690 401 1605 161 406 1606 149 379 1607 695 408 1608 144 387 1609 694 409 1610 694 409 1611 143 383 1612 695 408 1613 696 410 1614 142 382 1615 695 408 1616 695 408 1617 155 411 1618 696 410 1619 697 412 1620 154 413 1621 696 410 1622 696 410 1623 157 414 1624 697 412 1625 694 409 1626 156 415 1627 697 412 1628 697 412 1629 145 386 1630 694 409 1631 698 416 1632 138 390 1633 140 395 1634 699 417 1635 141 394 1636 139 391 1637 699 417 1638 150 418 1639 138 390 1640 699 417 1641 151 419 1642 700 420 1643 701 421 1644 150 418 1645 700 420 1646 700 420 1647 153 422 1648 701 421 1649 698 416 1650 152 423 1651 701 421 1652 701 421 1653 141 394 1654 698 416 1655 703 424 1656 146 375 1657 702 425 1658 703 424 1659 147 376 1660 145 386 1661 704 426 1662 144 387 1663 703 424 1664 703 424 1665 157 414 1666 704 426 1667 704 426 1668 158 405 1669 156 415 1670 704 426 1671 159 403 1672 705 427 1673 705 427 1674 146 375 1675 158 405 1676 705 427 1677 147 376 1678 702 425 1679 707 408 1680 142 382 1681 706 409 1682 706 409 1683 141 394 1684 707 408 1685 708 410 1686 140 395 1687 707 408 1688 707 408 1689 153 422 1690 708 410 1691 709 412 1692 152 423 1693 708 410 1694 708 410 1695 155 411 1696 709 412 1697 706 409 1698 154 413 1699 709 412 1700 709 412 1701 143 383 1702 706 409 1703 711 428 1704 150 418 1705 710 429 1706 711 428 1707 151 419 1708 139 391 1709 711 428 1710 166 430 1711 138 390 1712 712 431 1713 139 391 1714 167 432 1715 712 431 1716 168 433 1717 166 430 1718 712 431 1719 169 434 1720 713 435 1721 710 429 1722 168 433 1723 713 435 1724 713 435 1725 151 419 1726 710 429 1727 715 436 1728 138 390 1729 714 437 1730 715 436 1731 139 391 1732 127 364 1733 715 436 1734 164 438 1735 126 366 1736 716 439 1737 127 364 1738 165 440 1739 716 439 1740 166 430 1741 164 438 1742 716 439 1743 167 432 1744 717 441 1745 714 437 1746 166 430 1747 717 441 1748 717 441 1749 139 391 1750 714 437 1751 718 442 1752 114 339 1753 126 366 1754 718 442 1755 115 337 1756 719 443 1757 719 443 1758 162 444 1759 114 339 1760 720 445 1761 115 337 1762 163 446 1763 721 447 1764 162 444 1765 720 445 1766 720 445 1767 165 440 1768 721 447 1769 718 442 1770 164 438 1771 721 447 1772 721 447 1773 127 364 1774 718 442 1775 723 448 1776 168 433 1777 722 449 1778 723 448 1779 169 434 1780 167 432 1781 724 450 1782 166 430 1783 723 448 1784 723 448 1785 175 451 1786 724 450 1787 724 450 1788 176 452 1789 174 453 1790 724 450 1791 177 454 1792 725 455 1793 725 455 1794 168 433 1795 176 452 1796 722 449 1797 177 454 1798 169 434 1799 727 456 1800 166 430 1801 726 457 1802 727 456 1803 167 432 1804 165 440 1805 728 458 1806 164 438 1807 727 456 1808 727 456 1809 173 459 1810 728 458 1811 728 458 1812 174 453 1813 172 460 1814 728 458 1815 175 451 1816 729 461 1817 729 461 1818 166 430 1819 174 453 1820 726 457 1821 175 451 1822 167 432 1823 730 462 1824 162 444 1825 164 438 1826 731 463 1827 165 440 1828 163 446 1829 732 464 1830 162 444 1831 731 463 1832 731 463 1833 171 465 1834 732 464 1835 733 466 1836 170 467 1837 732 464 1838 732 464 1839 173 459 1840 733 466 1841 733 466 1842 164 438 1843 172 460 1844 730 462 1845 173 459 1846 165 440 1847 735 468 1848 176 452 1849 734 469 1850 735 468 1851 177 454 1852 175 451 1853 736 470 1854 174 453 1855 735 468 1856 736 470 1857 175 451 1858 183 471 1859 736 470 1860 184 472 1861 182 473 1862 736 470 1863 185 474 1864 737 475 1865 737 475 1866 176 452 1867 184 472 1868 737 475 1869 177 454 1870 734 469 1871 739 476 1872 174 453 1873 738 477 1874 739 476 1875 175 451 1876 173 459 1877 740 478 1878 172 460 1879 739 476 1880 740 478 1881 173 459 1882 181 479 1883 740 478 1884 182 473 1885 180 480 1886 740 478 1887 183 471 1888 741 481 1889 741 481 1890 174 453 1891 182 473 1892 741 481 1893 175 451 1894 738 477 1895 742 482 1896 170 467 1897 172 460 1898 743 483 1899 173 459 1900 171 465 1901 744 484 1902 170 467 1903 743 483 1904 744 484 1905 171 465 1906 179 485 1907 745 486 1908 178 487 1909 744 484 1910 744 484 1911 181 479 1912 745 486 1913 745 486 1914 172 460 1915 180 480 1916 745 486 1917 173 459 1918 742 482 1919 746 488 1920 60 193 1921 62 205 1922 746 488 1923 61 192 1924 747 489 1925 747 489 1926 196 490 1927 60 193 1928 747 489 1929 197 491 1930 748 492 1931 749 493 1932 196 490 1933 748 492 1934 748 492 1935 189 494 1936 749 493 1937 746 488 1938 188 495 1939 749 493 1940 746 488 1941 189 494 1942 63 207 1943 750 496 1944 182 473 1945 184 472 1946 750 496 1947 183 471 1948 751 497 1949 752 498 1950 182 473 1951 751 497 1952 752 498 1953 183 471 1954 77 200 1955 752 498 1956 52 196 1957 76 199 1958 752 498 1959 53 198 1960 753 499 1961 753 499 1962 184 472 1963 52 196 1964 753 499 1965 185 474 1966 750 496 1967 754 500 1968 180 480 1969 182 473 1970 754 500 1971 181 479 1972 755 501 1973 756 502 1974 180 480 1975 755 501 1976 756 502 1977 181 479 1978 55 228 1979 756 502 1980 76 199 1981 54 229 1982 756 502 1983 77 200 1984 757 503 1985 757 503 1986 182 473 1987 76 199 1988 757 503 1989 183 471 1990 754 500 1991 758 504 1992 178 487 1993 180 480 1994 759 505 1995 181 479 1996 179 485 1997 760 506 1998 178 487 1999 759 505 2000 760 506 2001 179 485 2002 57 178 2003 761 507 2004 56 176 2005 760 506 2006 760 506 2007 55 228 2008 761 507 2009 761 507 2010 180 480 2011 54 229 2012 761 507 2013 181 479 2014 758 504 2015 763 508 2016 58 179 2017 762 509 2018 763 508 2019 59 180 2020 57 178 2021 763 508 2022 178 487 2023 56 176 2024 764 510 2025 57 178 2026 179 485 2027 764 510 2028 186 511 2029 178 487 2030 764 510 2031 187 512 2032 765 513 2033 762 509 2034 186 511 2035 765 513 2036 762 509 2037 187 512 2038 59 180 2039 767 514 2040 186 511 2041 766 515 2042 766 515 2043 179 485 2044 767 514 2045 767 514 2046 170 467 2047 178 487 2048 767 514 2049 171 465 2050 768 516 2051 768 516 2052 192 517 2053 170 467 2054 768 516 2055 193 518 2056 769 519 2057 766 515 2058 192 517 2059 769 519 2060 766 515 2061 193 518 2062 187 512 2063 771 520 2064 192 517 2065 770 521 2066 771 520 2067 193 518 2068 171 465 2069 771 520 2070 162 444 2071 170 467 2072 772 522 2073 171 465 2074 163 446 2075 772 522 2076 194 523 2077 162 444 2078 773 524 2079 163 446 2080 195 525 2081 773 524 2082 192 517 2083 194 523 2084 773 524 2085 193 518 2086 770 521 2087 774 526 2088 194 523 2089 102 311 2090 774 526 2091 195 525 2092 775 527 2093 776 528 2094 194 523 2095 775 527 2096 776 528 2097 195 525 2098 163 446 2099 777 529 2100 162 444 2101 776 528 2102 776 528 2103 115 337 2104 777 529 2105 777 529 2106 102 311 2107 114 339 2108 774 526 2109 115 337 2110 103 309 2111 779 530 2112 194 523 2113 778 531 2114 779 530 2115 195 525 2116 103 309 2117 779 530 2118 90 280 2119 102 311 2120 780 532 2121 103 309 2122 91 282 2123 780 532 2124 190 533 2125 90 280 2126 780 532 2127 191 534 2128 781 535 2129 781 535 2130 194 523 2131 190 533 2132 778 531 2133 191 534 2134 195 525 2135 783 536 2136 190 533 2137 782 537 2138 783 536 2139 191 534 2140 91 282 2141 784 538 2142 90 280 2143 783 536 2144 783 536 2145 79 260 2146 784 538 2147 784 538 2148 188 495 2149 78 258 2150 784 538 2151 189 494 2152 785 539 2153 785 539 2154 190 533 2155 188 495 2156 782 537 2157 189 494 2158 191 534 2159 786 540 2160 188 495 2161 62 205 2162 786 540 2163 189 494 2164 787 541 2165 788 542 2166 188 495 2167 787 541 2168 788 542 2169 189 494 2170 79 260 2171 789 543 2172 78 258 2173 788 542 2174 788 542 2175 65 212 2176 789 543 2177 789 543 2178 62 205 2179 64 213 2180 786 540 2181 65 212 2182 63 207 2183 791 544 2184 190 533 2185 790 545 2186 791 544 2187 191 534 2188 189 494 2189 791 544 2190 196 490 2191 188 495 2192 791 544 2193 197 491 2194 792 546 2195 792 546 2196 198 547 2197 196 490 2198 792 546 2199 199 548 2200 793 549 2201 790 545 2202 198 547 2203 793 549 2204 790 545 2205 199 548 2206 191 534 2207 794 550 2208 186 511 2209 58 179 2210 794 550 2211 187 512 2212 795 551 2213 795 551 2214 196 490 2215 186 511 2216 795 551 2217 197 491 2218 796 552 2219 797 553 2220 196 490 2221 796 552 2222 797 553 2223 197 491 2224 61 192 2225 794 550 2226 60 193 2227 797 553 2228 794 550 2229 61 192 2230 59 180 2231 798 554 2232 198 547 2233 190 533 2234 798 554 2235 199 548 2236 799 555 2237 800 556 2238 198 547 2239 799 555 2240 800 556 2241 199 548 2242 193 518 2243 801 557 2244 192 517 2245 800 556 2246 801 557 2247 193 518 2248 195 525 2249 801 557 2250 190 533 2251 194 523 2252 801 557 2253 191 534 2254 798 554 2255 802 558 2256 198 547 2257 192 517 2258 802 558 2259 199 548 2260 803 559 2261 804 560 2262 198 547 2263 803 559 2264 804 560 2265 199 548 2266 197 491 2267 804 560 2268 186 511 2269 196 490 2270 805 561 2271 197 491 2272 187 512 2273 805 561 2274 192 517 2275 186 511 2276 805 561 2277 193 518 2278 802 558 2279 807 562 2280 248 1 2281 806 563 2282 807 562 2283 249 3 2284 205 10 2285 808 564 2286 204 8 2287 807 562 2288 808 564 2289 205 10 2290 207 565 2291 808 564 2292 250 566 2293 206 567 2294 808 564 2295 251 568 2296 809 569 2297 809 569 2298 248 1 2299 250 566 2300 809 569 2301 249 3 2302 806 563 2303 810 570 2304 208 17 2305 204 8 2306 811 571 2307 205 10 2308 209 18 2309 812 572 2310 208 17 2311 811 571 2312 812 572 2313 209 18 2314 211 573 2315 813 574 2316 210 575 2317 812 572 2318 812 572 2319 207 565 2320 813 574 2321 813 574 2322 204 8 2323 206 567 2324 813 574 2325 205 10 2326 810 570 2327 814 576 2328 212 25 2329 208 17 2330 814 576 2331 213 26 2332 815 577 2333 816 578 2334 212 25 2335 815 577 2336 816 578 2337 213 26 2338 215 579 2339 817 580 2340 214 581 2341 816 578 2342 817 580 2343 215 579 2344 211 573 2345 817 580 2346 208 17 2347 210 575 2348 817 580 2349 209 18 2350 814 576 2351 819 582 2352 212 25 2353 818 583 2354 818 583 2355 217 34 2356 819 582 2357 820 584 2358 216 32 2359 819 582 2360 820 584 2361 217 34 2362 219 585 2363 820 584 2364 214 581 2365 218 586 2366 821 587 2367 219 585 2368 215 579 2369 821 587 2370 212 25 2371 214 581 2372 821 587 2373 213 26 2374 818 583 2375 822 588 2376 220 41 2377 216 32 2378 823 589 2379 217 34 2380 221 42 2381 824 590 2382 220 41 2383 823 589 2384 824 590 2385 221 42 2386 223 591 2387 825 592 2388 222 593 2389 824 590 2390 824 590 2391 219 585 2392 825 592 2393 825 592 2394 216 32 2395 218 586 2396 825 592 2397 217 34 2398 822 588 2399 827 594 2400 220 41 2401 826 595 2402 826 595 2403 225 50 2404 827 594 2405 828 596 2406 224 48 2407 827 594 2408 828 596 2409 225 50 2410 227 597 2411 828 596 2412 222 593 2413 226 598 2414 829 599 2415 227 597 2416 223 591 2417 829 599 2418 220 41 2419 222 593 2420 829 599 2421 221 42 2422 826 595 2423 831 600 2424 224 48 2425 830 601 2426 830 601 2427 229 58 2428 831 600 2429 832 602 2430 228 56 2431 831 600 2432 832 602 2433 229 58 2434 231 603 2435 832 602 2436 226 598 2437 230 604 2438 833 605 2439 231 603 2440 227 597 2441 833 605 2442 224 48 2443 226 598 2444 833 605 2445 225 50 2446 830 601 2447 835 606 2448 228 56 2449 834 607 2450 834 607 2451 233 66 2452 835 606 2453 836 608 2454 232 64 2455 835 606 2456 836 608 2457 233 66 2458 235 609 2459 837 610 2460 234 611 2461 836 608 2462 836 608 2463 231 603 2464 837 610 2465 837 610 2466 228 56 2467 230 604 2468 837 610 2469 229 58 2470 834 607 2471 839 606 2472 232 64 2473 838 607 2474 838 607 2475 237 71 2476 839 606 2477 840 608 2478 236 69 2479 839 606 2480 840 608 2481 237 71 2482 239 612 2483 841 610 2484 238 613 2485 840 608 2486 840 608 2487 235 609 2488 841 610 2489 841 610 2490 232 64 2491 234 611 2492 841 610 2493 233 66 2494 838 607 2495 842 614 2496 240 77 2497 236 69 2498 842 614 2499 241 78 2500 843 615 2501 844 616 2502 240 77 2503 843 615 2504 844 616 2505 241 78 2506 243 617 2507 845 618 2508 242 619 2509 844 616 2510 845 618 2511 243 617 2512 239 612 2513 845 618 2514 236 69 2515 238 613 2516 845 618 2517 237 71 2518 842 614 2519 846 620 2520 244 85 2521 240 77 2522 846 620 2523 245 86 2524 847 621 2525 848 622 2526 244 85 2527 847 621 2528 848 622 2529 245 86 2530 247 623 2531 849 624 2532 246 625 2533 848 622 2534 849 624 2535 247 623 2536 243 617 2537 849 624 2538 240 77 2539 242 619 2540 849 624 2541 241 78 2542 846 620 2543 850 626 2544 248 1 2545 200 89 2546 850 626 2547 249 3 2548 851 627 2549 852 628 2550 248 1 2551 851 627 2552 852 628 2553 249 3 2554 251 568 2555 852 628 2556 202 629 2557 250 566 2558 852 628 2559 203 630 2560 853 631 2561 853 631 2562 200 89 2563 202 629 2564 853 631 2565 201 91 2566 850 626 2567 855 632 2568 206 567 2569 854 633 2570 855 632 2571 207 565 2572 255 634 2573 855 632 2574 276 635 2575 254 636 2576 855 632 2577 277 637 2578 856 638 2579 856 638 2580 250 566 2581 276 635 2582 856 638 2583 251 568 2584 857 639 2585 854 633 2586 250 566 2587 857 639 2588 854 633 2589 251 568 2590 207 565 2591 859 640 2592 226 598 2593 858 641 2594 859 640 2595 227 597 2596 265 642 2597 859 640 2598 262 643 2599 264 644 2600 860 645 2601 265 642 2602 263 646 2603 860 645 2604 222 593 2605 262 643 2606 860 645 2607 223 591 2608 861 647 2609 858 641 2610 222 593 2611 861 647 2612 861 647 2613 227 597 2614 858 641 2615 863 648 2616 246 625 2617 862 649 2618 863 648 2619 247 623 2620 275 650 2621 864 651 2622 274 652 2623 863 648 2624 864 651 2625 275 650 2626 273 653 2627 864 651 2628 242 619 2629 272 654 2630 864 651 2631 243 617 2632 865 655 2633 865 655 2634 246 625 2635 242 619 2636 865 655 2637 247 623 2638 862 649 2639 867 656 2640 218 586 2641 866 657 2642 867 656 2643 219 585 2644 261 658 2645 867 656 2646 258 659 2647 260 660 2648 868 661 2649 261 658 2650 259 662 2651 868 661 2652 214 581 2653 258 659 2654 868 661 2655 215 579 2656 869 663 2657 866 657 2658 214 581 2659 869 663 2660 869 663 2661 219 585 2662 866 657 2663 871 664 2664 238 613 2665 870 665 2666 871 664 2667 239 612 2668 271 666 2669 872 667 2670 270 668 2671 871 664 2672 871 664 2673 269 669 2674 872 667 2675 872 667 2676 234 611 2677 268 670 2678 872 667 2679 235 609 2680 873 671 2681 870 665 2682 234 611 2683 873 671 2684 873 671 2685 239 612 2686 870 665 2687 875 672 2688 210 575 2689 874 673 2690 875 672 2691 211 573 2692 257 674 2693 876 675 2694 256 676 2695 875 672 2696 875 672 2697 255 634 2698 876 675 2699 876 675 2700 206 567 2701 254 636 2702 876 675 2703 207 565 2704 877 677 2705 877 677 2706 210 575 2707 206 567 2708 874 673 2709 207 565 2710 211 573 2711 879 678 2712 230 604 2713 878 679 2714 879 678 2715 231 603 2716 267 680 2717 879 678 2718 264 644 2719 266 681 2720 880 682 2721 267 680 2722 265 642 2723 880 682 2724 226 598 2725 264 644 2726 880 682 2727 227 597 2728 881 683 2729 878 679 2730 226 598 2731 881 683 2732 881 683 2733 231 603 2734 878 679 2735 883 684 2736 250 566 2737 882 685 2738 883 684 2739 251 568 2740 277 637 2741 884 686 2742 276 635 2743 883 684 2744 883 684 2745 253 687 2746 884 686 2747 884 686 2748 202 629 2749 252 688 2750 884 686 2751 203 630 2752 885 689 2753 882 685 2754 202 629 2755 885 689 2756 882 685 2757 203 630 2758 251 568 2759 887 690 2760 222 593 2761 886 691 2762 887 690 2763 223 591 2764 263 646 2765 888 692 2766 262 643 2767 887 690 2768 887 690 2769 261 658 2770 888 692 2771 888 692 2772 218 586 2773 260 660 2774 888 692 2775 219 585 2776 889 693 2777 889 693 2778 222 593 2779 218 586 2780 886 691 2781 219 585 2782 223 591 2783 891 694 2784 242 619 2785 890 221 2786 891 694 2787 243 617 2788 273 653 2789 892 220 2790 272 654 2791 891 694 2792 892 220 2793 273 653 2794 271 666 2795 892 220 2796 238 613 2797 270 668 2798 892 220 2799 239 612 2800 893 695 2801 893 695 2802 242 619 2803 238 613 2804 893 695 2805 243 617 2806 890 221 2807 895 696 2808 214 581 2809 894 697 2810 895 696 2811 215 579 2812 259 662 2813 896 698 2814 258 659 2815 895 696 2816 896 698 2817 259 662 2818 257 674 2819 896 698 2820 210 575 2821 256 676 2822 896 698 2823 211 573 2824 897 699 2825 897 699 2826 214 581 2827 210 575 2828 897 699 2829 215 579 2830 894 697 2831 899 664 2832 234 611 2833 898 665 2834 899 664 2835 235 609 2836 269 669 2837 900 667 2838 268 670 2839 899 664 2840 899 664 2841 267 680 2842 900 667 2843 900 667 2844 230 604 2845 266 681 2846 900 667 2847 231 603 2848 901 671 2849 898 665 2850 230 604 2851 901 671 2852 901 671 2853 235 609 2854 898 665 2855 902 700 2856 298 701 2857 272 654 2858 902 700 2859 299 702 2860 903 703 2861 904 704 2862 298 701 2863 903 703 2864 904 704 2865 299 702 2866 297 705 2867 904 704 2868 270 668 2869 296 706 2870 904 704 2871 271 666 2872 905 707 2873 905 707 2874 272 654 2875 270 668 2876 905 707 2877 273 653 2878 902 700 2879 906 708 2880 284 709 2881 258 659 2882 907 710 2883 259 662 2884 285 711 2885 908 712 2886 284 709 2887 907 710 2888 908 712 2889 285 711 2890 283 713 2891 909 714 2892 282 715 2893 908 712 2894 908 712 2895 257 674 2896 909 714 2897 909 714 2898 258 659 2899 256 676 2900 909 714 2901 259 662 2902 906 708 2903 910 187 2904 300 716 2905 274 652 2906 910 187 2907 301 717 2908 911 183 2909 912 182 2910 300 716 2911 911 183 2912 912 182 2913 301 717 2914 299 702 2915 913 184 2916 298 701 2917 912 182 2918 913 184 2919 299 702 2920 273 653 2921 913 184 2922 274 652 2923 272 654 2924 913 184 2925 275 650 2926 910 187 2927 914 718 2928 286 719 2929 260 660 2930 915 720 2931 261 658 2932 287 721 2933 915 720 2934 284 709 2935 286 719 2936 916 722 2937 287 721 2938 285 711 2939 917 723 2940 284 709 2941 916 722 2942 916 722 2943 259 662 2944 917 723 2945 914 718 2946 258 659 2947 917 723 2948 917 723 2949 261 658 2950 914 718 2951 918 724 2952 302 725 2953 276 635 2954 919 726 2955 277 637 2956 303 727 2957 920 728 2958 302 725 2959 919 726 2960 920 728 2961 303 727 2962 279 729 2963 921 730 2964 278 731 2965 920 728 2966 920 728 2967 253 687 2968 921 730 2969 918 724 2970 252 688 2971 921 730 2972 921 730 2973 277 637 2974 918 724 2975 922 732 2976 288 733 2977 262 643 2978 923 734 2979 263 646 2980 289 735 2981 924 736 2982 288 733 2983 923 734 2984 923 734 2985 287 721 2986 924 736 2987 925 737 2988 286 719 2989 924 736 2990 924 736 2991 261 658 2992 925 737 2993 925 737 2994 262 643 2995 260 660 2996 922 732 2997 261 658 2998 263 646 2999 926 738 3000 290 739 3001 264 644 3002 927 740 3003 265 642 3004 291 741 3005 927 740 3006 288 733 3007 290 739 3008 928 742 3009 291 741 3010 289 735 3011 929 743 3012 288 733 3013 928 742 3014 928 742 3015 263 646 3016 929 743 3017 926 738 3018 262 643 3019 929 743 3020 929 743 3021 265 642 3022 926 738 3023 931 744 3024 266 681 3025 930 745 3026 931 744 3027 267 680 3028 293 746 3029 931 744 3030 290 739 3031 292 747 3032 932 748 3033 293 746 3034 291 741 3035 933 749 3036 290 739 3037 932 748 3038 932 748 3039 265 642 3040 933 749 3041 930 745 3042 264 644 3043 933 749 3044 933 749 3045 267 680 3046 930 745 3047 935 159 3048 268 670 3049 934 221 3050 935 159 3051 269 669 3052 295 750 3053 936 220 3054 294 751 3055 935 159 3056 935 159 3057 293 746 3058 936 220 3059 936 220 3060 266 681 3061 292 747 3062 936 220 3063 267 680 3064 937 160 3065 934 221 3066 266 681 3067 937 160 3068 937 160 3069 269 669 3070 934 221 3071 938 752 3072 280 753 3073 254 636 3074 939 754 3075 255 634 3076 281 755 3077 939 754 3078 302 725 3079 280 753 3080 939 754 3081 303 727 3082 940 756 3083 941 757 3084 302 725 3085 940 756 3086 940 756 3087 277 637 3088 941 757 3089 938 752 3090 276 635 3091 941 757 3092 938 752 3093 277 637 3094 255 634 3095 943 159 3096 270 668 3097 942 221 3098 943 159 3099 271 666 3100 297 705 3101 944 220 3102 296 706 3103 943 159 3104 943 159 3105 295 750 3106 944 220 3107 944 220 3108 268 670 3109 294 751 3110 944 220 3111 269 669 3112 945 160 3113 942 221 3114 268 670 3115 945 160 3116 945 160 3117 271 666 3118 942 221 3119 946 758 3120 282 715 3121 256 676 3122 947 759 3123 257 674 3124 283 713 3125 948 760 3126 282 715 3127 947 759 3128 947 759 3129 281 755 3130 948 760 3131 949 761 3132 280 753 3133 948 760 3134 948 760 3135 255 634 3136 949 761 3137 949 761 3138 256 676 3139 254 636 3140 946 758 3141 255 634 3142 257 674 3143 950 762 3144 312 763 3145 298 701 3146 951 764 3147 299 702 3148 313 765 3149 952 766 3150 312 763 3151 951 764 3152 952 766 3153 313 765 3154 311 767 3155 953 768 3156 310 769 3157 952 766 3158 952 766 3159 297 705 3160 953 768 3161 953 768 3162 298 701 3163 296 706 3164 953 768 3165 299 702 3166 950 762 3167 954 770 3168 308 771 3169 294 751 3170 955 772 3171 295 750 3172 309 773 3173 956 774 3174 308 771 3175 955 772 3176 955 772 3177 307 775 3178 956 774 3179 957 776 3180 306 777 3181 956 774 3182 956 774 3183 293 746 3184 957 776 3185 954 770 3186 292 747 3187 957 776 3188 957 776 3189 295 750 3190 954 770 3191 958 778 3192 314 779 3193 300 716 3194 959 780 3195 301 717 3196 315 781 3197 960 782 3198 314 779 3199 959 780 3200 960 782 3201 315 781 3202 313 765 3203 961 783 3204 312 763 3205 960 782 3206 960 782 3207 299 702 3208 961 783 3209 961 783 3210 300 716 3211 298 701 3212 961 783 3213 301 717 3214 958 778 3215 962 770 3216 310 769 3217 296 706 3218 963 772 3219 297 705 3220 311 767 3221 964 774 3222 310 769 3223 963 772 3224 963 772 3225 309 773 3226 964 774 3227 965 776 3228 308 771 3229 964 774 3230 964 774 3231 295 750 3232 965 776 3233 962 770 3234 294 751 3235 965 776 3236 965 776 3237 297 705 3238 962 770 3239 966 784 3240 306 777 3241 292 747 3242 967 785 3243 293 746 3244 307 775 3245 967 785 3246 304 786 3247 306 777 3248 968 787 3249 307 775 3250 305 788 3251 969 789 3252 304 786 3253 968 787 3254 968 787 3255 291 741 3256 969 789 3257 966 784 3258 290 739 3259 969 789 3260 969 789 3261 293 746 3262 966 784 3263 970 790 3264 326 791 3265 314 779 3266 971 792 3267 315 781 3268 327 793 3269 972 794 3270 326 791 3271 971 792 3272 972 794 3273 327 793 3274 325 795 3275 973 796 3276 324 797 3277 972 794 3278 972 794 3279 313 765 3280 973 796 3281 973 796 3282 314 779 3283 312 763 3284 973 796 3285 315 781 3286 970 790 3287 974 798 3288 322 799 3289 310 769 3290 975 800 3291 311 767 3292 323 801 3293 976 802 3294 322 799 3295 975 800 3296 975 800 3297 321 803 3298 976 802 3299 977 804 3300 320 805 3301 976 802 3302 976 802 3303 309 773 3304 977 804 3305 974 798 3306 308 771 3307 977 804 3308 977 804 3309 311 767 3310 974 798 3311 978 806 3312 318 807 3313 306 777 3314 979 808 3315 307 775 3316 319 809 3317 979 808 3318 316 810 3319 318 807 3320 980 811 3321 319 809 3322 317 812 3323 981 813 3324 316 810 3325 980 811 3326 980 811 3327 305 788 3328 981 813 3329 978 806 3330 304 786 3331 981 813 3332 981 813 3333 307 775 3334 978 806 3335 982 814 3336 324 797 3337 312 763 3338 983 815 3339 313 765 3340 325 795 3341 984 816 3342 324 797 3343 983 815 3344 984 816 3345 325 795 3346 323 801 3347 985 817 3348 322 799 3349 984 816 3350 984 816 3351 311 767 3352 985 817 3353 985 817 3354 312 763 3355 310 769 3356 985 817 3357 313 765 3358 982 814 3359 986 798 3360 320 805 3361 308 771 3362 987 800 3363 309 773 3364 321 803 3365 988 802 3366 320 805 3367 987 800 3368 987 800 3369 319 809 3370 988 802 3371 989 804 3372 318 807 3373 988 802 3374 988 802 3375 307 775 3376 989 804 3377 986 798 3378 306 777 3379 989 804 3380 989 804 3381 309 773 3382 986 798 3383 991 818 3384 326 791 3385 990 819 3386 990 819 3387 339 820 3388 991 818 3389 992 821 3390 338 822 3391 991 818 3392 992 821 3393 339 820 3394 337 823 3395 992 821 3396 324 797 3397 336 824 3398 993 825 3399 337 823 3400 325 795 3401 993 825 3402 326 791 3403 324 797 3404 993 825 3405 327 793 3406 990 819 3407 995 826 3408 322 799 3409 994 827 3410 994 827 3411 335 828 3412 995 826 3413 996 829 3414 334 830 3415 995 826 3416 995 826 3417 333 831 3418 996 829 3419 996 829 3420 320 805 3421 332 832 3422 997 833 3423 333 831 3424 321 803 3425 994 827 3426 320 805 3427 997 833 3428 997 833 3429 323 801 3430 994 827 3431 999 834 3432 318 807 3433 998 835 3434 998 835 3435 331 836 3436 999 834 3437 999 834 3438 328 837 3439 330 838 3440 1000 839 3441 331 836 3442 329 840 3443 1000 839 3444 316 810 3445 328 837 3446 1001 841 3447 329 840 3448 317 812 3449 998 835 3450 316 810 3451 1001 841 3452 1001 841 3453 319 809 3454 998 835 3455 1003 842 3456 324 797 3457 1002 843 3458 1002 843 3459 337 823 3460 1003 842 3461 1004 844 3462 336 824 3463 1003 842 3464 1004 844 3465 337 823 3466 335 828 3467 1004 844 3468 322 799 3469 334 830 3470 1005 845 3471 335 828 3472 323 801 3473 1005 845 3474 324 797 3475 322 799 3476 1005 845 3477 325 795 3478 1002 843 3479 1007 826 3480 320 805 3481 1006 827 3482 1006 827 3483 333 831 3484 1007 826 3485 1008 829 3486 332 832 3487 1007 826 3488 1007 826 3489 331 836 3490 1008 829 3491 1008 829 3492 318 807 3493 330 838 3494 1009 833 3495 331 836 3496 319 809 3497 1006 827 3498 318 807 3499 1009 833 3500 1009 833 3501 321 803 3502 1006 827 3503 1011 846 3504 338 822 3505 1010 847 3506 1010 847 3507 351 848 3508 1011 846 3509 1012 849 3510 350 850 3511 1011 846 3512 1012 849 3513 351 848 3514 349 851 3515 1012 849 3516 336 824 3517 348 852 3518 1013 853 3519 349 851 3520 337 823 3521 1013 853 3522 338 822 3523 336 824 3524 1013 853 3525 339 820 3526 1010 847 3527 1015 854 3528 334 830 3529 1014 855 3530 1014 855 3531 347 856 3532 1015 854 3533 1016 857 3534 346 858 3535 1015 854 3536 1015 854 3537 345 859 3538 1016 857 3539 1016 857 3540 332 832 3541 344 860 3542 1017 861 3543 345 859 3544 333 831 3545 1014 855 3546 332 832 3547 1017 861 3548 1017 861 3549 335 828 3550 1014 855 3551 1019 862 3552 330 838 3553 1018 863 3554 1018 863 3555 343 864 3556 1019 862 3557 1019 862 3558 340 865 3559 342 866 3560 1020 867 3561 343 864 3562 341 868 3563 1020 867 3564 328 837 3565 340 865 3566 1021 869 3567 341 868 3568 329 840 3569 1018 863 3570 328 837 3571 1021 869 3572 1021 869 3573 331 836 3574 1018 863 3575 1023 870 3576 336 824 3577 1022 871 3578 1022 871 3579 349 851 3580 1023 870 3581 1024 872 3582 348 852 3583 1023 870 3584 1024 872 3585 349 851 3586 347 856 3587 1024 872 3588 334 830 3589 346 858 3590 1025 873 3591 347 856 3592 335 828 3593 1025 873 3594 336 824 3595 334 830 3596 1025 873 3597 337 823 3598 1022 871 3599 1027 854 3600 332 832 3601 1026 855 3602 1026 855 3603 345 859 3604 1027 854 3605 1028 857 3606 344 860 3607 1027 854 3608 1027 854 3609 343 864 3610 1028 857 3611 1028 857 3612 330 838 3613 342 866 3614 1029 861 3615 343 864 3616 331 836 3617 1026 855 3618 330 838 3619 1029 861 3620 1029 861 3621 333 831 3622 1026 855 3623 1031 874 3624 350 850 3625 1030 875 3626 1031 874 3627 351 848 3628 363 876 3629 1031 874 3630 360 877 3631 362 878 3632 1031 874 3633 361 879 3634 1032 880 3635 1032 880 3636 348 852 3637 360 877 3638 1032 880 3639 349 851 3640 1033 881 3641 1033 881 3642 350 850 3643 348 852 3644 1033 881 3645 351 848 3646 1030 875 3647 1035 882 3648 346 858 3649 1034 883 3650 1035 882 3651 347 856 3652 359 884 3653 1036 880 3654 358 885 3655 1035 882 3656 1035 882 3657 357 886 3658 1036 880 3659 1036 880 3660 344 860 3661 356 887 3662 1036 880 3663 345 859 3664 1037 888 3665 1034 883 3666 344 860 3667 1037 888 3668 1037 888 3669 347 856 3670 1034 883 3671 1039 889 3672 342 866 3673 1038 890 3674 1039 889 3675 343 864 3676 355 891 3677 1039 889 3678 352 892 3679 354 893 3680 1040 894 3681 355 891 3682 353 895 3683 1040 894 3684 340 865 3685 352 892 3686 1040 894 3687 341 868 3688 1041 896 3689 1038 890 3690 340 865 3691 1041 896 3692 1041 896 3693 343 864 3694 1038 890 3695 1043 897 3696 348 852 3697 1042 898 3698 1043 897 3699 349 851 3700 361 879 3701 1044 899 3702 360 877 3703 1043 897 3704 1044 899 3705 361 879 3706 359 884 3707 1044 899 3708 346 858 3709 358 885 3710 1044 899 3711 347 856 3712 1045 900 3713 1045 900 3714 348 852 3715 346 858 3716 1045 900 3717 349 851 3718 1042 898 3719 1047 882 3720 344 860 3721 1046 883 3722 1047 882 3723 345 859 3724 357 886 3725 1048 880 3726 356 887 3727 1047 882 3728 1047 882 3729 355 891 3730 1048 880 3731 1048 880 3732 342 866 3733 354 893 3734 1048 880 3735 343 864 3736 1049 888 3737 1046 883 3738 342 866 3739 1049 888 3740 1049 888 3741 345 859 3742 1046 883 3743 1050 901 3744 374 379 3745 362 878 3746 1050 901 3747 375 378 3748 1051 380 3749 1052 377 3750 374 379 3751 1051 380 3752 1052 377 3753 375 378 3754 373 375 3755 1053 902 3756 372 376 3757 1052 377 3758 1053 902 3759 373 375 3760 361 879 3761 1050 901 3762 360 877 3763 1053 902 3764 1050 901 3765 361 879 3766 363 876 3767 1054 903 3768 370 386 3769 358 885 3770 1054 903 3771 371 387 3772 1055 385 3773 1056 384 3774 370 386 3775 1055 385 3776 1055 385 3777 369 382 3778 1056 384 3779 1057 902 3780 368 383 3781 1056 384 3782 1057 902 3783 369 382 3784 357 886 3785 1054 903 3786 356 887 3787 1057 902 3788 1057 902 3789 359 884 3790 1054 903 3791 1058 904 3792 366 905 3793 354 893 3794 1058 904 3795 367 906 3796 1059 907 3797 1059 907 3798 364 908 3799 366 905 3800 1060 909 3801 367 906 3802 365 910 3803 1061 911 3804 364 908 3805 1060 909 3806 1061 911 3807 365 910 3808 353 895 3809 1058 904 3810 352 892 3811 1061 911 3812 1061 911 3813 355 891 3814 1058 904 3815 1062 912 3816 372 376 3817 360 877 3818 1062 912 3819 373 375 3820 1063 399 3821 1064 398 3822 372 376 3823 1063 399 3824 1064 398 3825 373 375 3826 371 387 3827 1065 913 3828 370 386 3829 1064 398 3830 1065 913 3831 371 387 3832 359 884 3833 1065 913 3834 360 877 3835 358 885 3836 1065 913 3837 361 879 3838 1062 912 3839 1066 903 3840 368 383 3841 356 887 3842 1066 903 3843 369 382 3844 1067 385 3845 1068 384 3846 368 383 3847 1067 385 3848 1067 385 3849 367 906 3850 1068 384 3851 1069 902 3852 366 905 3853 1068 384 3854 1069 902 3855 367 906 3856 355 891 3857 1066 903 3858 354 893 3859 1069 902 3860 1069 902 3861 357 886 3862 1066 903 3863 1070 401 3864 386 406 3865 374 379 3866 1070 401 3867 387 404 3868 1071 407 3869 1072 402 3870 386 406 3871 1071 407 3872 1072 402 3873 387 404 3874 385 405 3875 1072 402 3876 372 376 3877 384 403 3878 1072 402 3879 373 375 3880 1073 400 3881 1073 400 3882 374 379 3883 372 376 3884 1073 400 3885 375 378 3886 1070 401 3887 1075 412 3888 370 386 3889 1074 409 3890 1074 409 3891 383 415 3892 1075 412 3893 1076 410 3894 382 414 3895 1075 412 3896 1075 412 3897 381 413 3898 1076 410 3899 1077 408 3900 380 411 3901 1076 410 3902 1076 410 3903 369 382 3904 1077 408 3905 1074 409 3906 368 383 3907 1077 408 3908 1077 408 3909 371 387 3910 1074 409 3911 1079 914 3912 366 905 3913 1078 915 3914 1078 915 3915 379 916 3916 1079 914 3917 1079 914 3918 376 917 3919 378 918 3920 1080 919 3921 379 916 3922 377 920 3923 1081 921 3924 376 917 3925 1080 919 3926 1081 921 3927 377 920 3928 365 910 3929 1078 915 3930 364 908 3931 1081 921 3932 1081 921 3933 367 906 3934 1078 915 3935 1083 427 3936 372 376 3937 1082 425 3938 1083 427 3939 373 375 3940 385 405 3941 1084 426 3942 384 403 3943 1083 427 3944 1084 426 3945 385 405 3946 383 415 3947 1085 424 3948 382 414 3949 1084 426 3950 1084 426 3951 371 387 3952 1085 424 3953 1085 424 3954 372 376 3955 370 386 3956 1085 424 3957 373 375 3958 1082 425 3959 1087 412 3960 368 383 3961 1086 409 3962 1086 409 3963 381 413 3964 1087 412 3965 1088 410 3966 380 411 3967 1087 412 3968 1087 412 3969 379 916 3970 1088 410 3971 1089 408 3972 378 918 3973 1088 410 3974 1088 410 3975 367 906 3976 1089 408 3977 1086 409 3978 366 905 3979 1089 408 3980 1089 408 3981 369 382 3982 1086 409 3983 1090 922 3984 394 923 3985 376 917 3986 1091 924 3987 377 920 3988 395 925 3989 1092 926 3990 394 923 3991 1091 924 3992 1092 926 3993 395 925 3994 393 927 3995 1093 928 3996 392 929 3997 1092 926 3998 1092 926 3999 365 910 4000 1093 928 4001 1093 928 4002 376 917 4003 364 908 4004 1093 928 4005 377 920 4006 1090 922 4007 1094 930 4008 392 929 4009 364 908 4010 1095 931 4011 365 910 4012 393 927 4013 1096 932 4014 392 929 4015 1095 931 4016 1096 932 4017 393 927 4018 391 933 4019 1097 934 4020 390 935 4021 1096 932 4022 1096 932 4023 353 895 4024 1097 934 4025 1097 934 4026 364 908 4027 352 892 4028 1097 934 4029 365 910 4030 1094 930 4031 1098 936 4032 390 935 4033 352 892 4034 1099 937 4035 353 895 4036 391 933 4037 1099 937 4038 388 938 4039 390 935 4040 1100 939 4041 391 933 4042 389 940 4043 1101 941 4044 388 938 4045 1100 939 4046 1100 939 4047 341 868 4048 1101 941 4049 1098 936 4050 340 865 4051 1101 941 4052 1098 936 4053 341 868 4054 353 895 4055 1103 942 4056 394 923 4057 1102 943 4058 1102 943 4059 403 944 4060 1103 942 4061 1104 945 4062 402 946 4063 1103 942 4064 1104 945 4065 403 944 4066 401 947 4067 1104 945 4068 392 929 4069 400 948 4070 1105 949 4071 401 947 4072 393 927 4073 1105 949 4074 394 923 4075 392 929 4076 1105 949 4077 395 925 4078 1102 943 4079 1107 950 4080 392 929 4081 1106 951 4082 1106 951 4083 401 947 4084 1107 950 4085 1108 952 4086 400 948 4087 1107 950 4088 1108 952 4089 401 947 4090 399 953 4091 1108 952 4092 390 935 4093 398 954 4094 1109 955 4095 399 953 4096 391 933 4097 1109 955 4098 392 929 4099 390 935 4100 1109 955 4101 393 927 4102 1106 951 4103 1111 956 4104 390 935 4105 1110 957 4106 1110 957 4107 399 953 4108 1111 956 4109 1111 956 4110 396 958 4111 398 954 4112 1112 959 4113 399 953 4114 397 960 4115 1112 959 4116 388 938 4117 396 958 4118 1113 961 4119 397 960 4120 389 940 4121 1110 957 4122 388 938 4123 1113 961 4124 1113 961 4125 391 933 4126 1110 957 4127 1115 962 4128 402 946 4129 1114 963 4130 1115 962 4131 403 944 4132 411 964 4133 1116 965 4134 410 966 4135 1115 962 4136 1116 965 4137 411 964 4138 409 967 4139 1116 965 4140 400 948 4141 408 968 4142 1116 965 4143 401 947 4144 1117 969 4145 1117 969 4146 402 946 4147 400 948 4148 1117 969 4149 403 944 4150 1114 963 4151 1119 970 4152 400 948 4153 1118 971 4154 1119 970 4155 401 947 4156 409 967 4157 1120 972 4158 408 968 4159 1119 970 4160 1120 972 4161 409 967 4162 407 973 4163 1120 972 4164 398 954 4165 406 974 4166 1120 972 4167 399 953 4168 1121 975 4169 1121 975 4170 400 948 4171 398 954 4172 1121 975 4173 401 947 4174 1118 971 4175 1123 976 4176 398 954 4177 1122 977 4178 1123 976 4179 399 953 4180 407 973 4181 1123 976 4182 404 978 4183 406 974 4184 1124 979 4185 407 973 4186 405 980 4187 1124 979 4188 396 958 4189 404 978 4190 1124 979 4191 397 960 4192 1125 981 4193 1122 977 4194 396 958 4195 1125 981 4196 1125 981 4197 399 953 4198 1122 977 4199 1126 982 4200 414 983 4201 288 733 4202 1126 982 4203 415 984 4204 1127 985 4205 1127 985 4206 422 986 4207 414 983 4208 1128 987 4209 415 984 4210 423 988 4211 1129 989 4212 422 986 4213 1128 987 4214 1129 989 4215 423 988 4216 287 721 4217 1126 982 4218 286 719 4219 1129 989 4220 1126 982 4221 287 721 4222 289 735 4223 1131 990 4224 410 966 4225 1130 991 4226 1131 990 4227 411 964 4228 279 729 4229 1132 992 4230 278 731 4231 1131 990 4232 1132 992 4233 279 729 4234 303 727 4235 1132 992 4236 408 968 4237 302 725 4238 1132 992 4239 409 967 4240 1133 993 4241 1130 991 4242 408 968 4243 1133 993 4244 1130 991 4245 409 967 4246 411 964 4247 1135 994 4248 408 968 4249 1134 995 4250 1135 994 4251 409 967 4252 303 727 4253 1136 996 4254 302 725 4255 1135 994 4256 1136 996 4257 303 727 4258 281 755 4259 1136 996 4260 406 974 4261 280 753 4262 1136 996 4263 407 973 4264 1137 997 4265 1134 995 4266 406 974 4267 1137 997 4268 1134 995 4269 407 973 4270 409 967 4271 1139 998 4272 406 974 4273 1138 999 4274 1139 998 4275 407 973 4276 281 755 4277 1139 998 4278 282 715 4279 280 753 4280 1140 1000 4281 281 755 4282 283 713 4283 1140 1000 4284 404 978 4285 282 715 4286 1140 1000 4287 405 980 4288 1141 1001 4289 1138 999 4290 404 978 4291 1141 1001 4292 1141 1001 4293 407 973 4294 1138 999 4295 1142 1002 4296 412 1003 4297 284 709 4298 1142 1002 4299 413 1004 4300 1143 1005 4301 1144 1006 4302 412 1003 4303 1143 1005 4304 1144 1006 4305 413 1004 4306 405 980 4307 1145 1007 4308 404 978 4309 1144 1006 4310 1144 1006 4311 283 713 4312 1145 1007 4313 1145 1007 4314 284 709 4315 282 715 4316 1145 1007 4317 285 711 4318 1142 1002 4319 1146 1008 4320 418 1009 4321 412 1003 4322 1146 1008 4323 419 1010 4324 1147 1011 4325 1148 1012 4326 418 1009 4327 1147 1011 4328 1148 1012 4329 419 1010 4330 397 960 4331 1149 1013 4332 396 958 4333 1148 1012 4334 1149 1013 4335 397 960 4336 405 980 4337 1149 1013 4338 412 1003 4339 404 978 4340 1146 1008 4341 405 980 4342 413 1004 4343 1151 1014 4344 418 1009 4345 1150 1015 4346 1151 1014 4347 419 1010 4348 421 1016 4349 1152 1017 4350 420 1018 4351 1151 1014 4352 1151 1014 4353 389 940 4354 1152 1017 4355 1153 1019 4356 388 938 4357 1152 1017 4358 1152 1017 4359 397 960 4360 1153 1019 4361 1153 1019 4362 418 1009 4363 396 958 4364 1153 1019 4365 419 1010 4366 1150 1015 4367 1155 1020 4368 328 837 4369 1154 1021 4370 1154 1021 4371 341 868 4372 1155 1020 4373 1155 1020 4374 388 938 4375 340 865 4376 1156 1022 4377 341 868 4378 389 940 4379 1156 1022 4380 420 1018 4381 388 938 4382 1156 1022 4383 421 1016 4384 1157 1023 4385 1154 1021 4386 420 1018 4387 1157 1023 4388 1154 1021 4389 421 1016 4390 329 840 4391 1159 1024 4392 420 1018 4393 1158 1025 4394 1158 1025 4395 417 1026 4396 1159 1024 4397 1160 1027 4398 416 1028 4399 1159 1024 4400 1160 1027 4401 417 1026 4402 317 812 4403 1161 1029 4404 316 810 4405 1160 1027 4406 1160 1027 4407 329 840 4408 1161 1029 4409 1161 1029 4410 420 1018 4411 328 837 4412 1161 1029 4413 421 1016 4414 1158 1025 4415 1163 1030 4416 416 1028 4417 1162 1031 4418 1162 1031 4419 415 984 4420 1163 1030 4421 1164 1032 4422 414 983 4423 1163 1030 4424 1164 1032 4425 415 984 4426 305 788 4427 1164 1032 4428 316 810 4429 304 786 4430 1165 1033 4431 305 788 4432 317 812 4433 1165 1033 4434 416 1028 4435 316 810 4436 1165 1033 4437 417 1026 4438 1162 1031 4439 1167 1034 4440 288 733 4441 1166 1035 4442 1166 1035 4443 291 741 4444 1167 1034 4445 1167 1034 4446 304 786 4447 290 739 4448 1168 1036 4449 291 741 4450 305 788 4451 1168 1036 4452 414 983 4453 304 786 4454 1168 1036 4455 415 984 4456 1169 1037 4457 1166 1035 4458 414 983 4459 1169 1037 4460 1166 1035 4461 415 984 4462 289 735 4463 1170 1038 4464 424 1039 4465 416 1028 4466 1170 1038 4467 425 1040 4468 1171 1041 4469 1172 1042 4470 424 1039 4471 1171 1041 4472 1172 1042 4473 425 1040 4474 423 988 4475 1173 1043 4476 422 986 4477 1172 1042 4478 1173 1043 4479 423 988 4480 415 984 4481 1173 1043 4482 416 1028 4483 414 983 4484 1173 1043 4485 417 1026 4486 1170 1038 4487 1174 1044 4488 286 719 4489 284 709 4490 1174 1044 4491 287 721 4492 1175 1045 4493 1175 1045 4494 422 986 4495 286 719 4496 1175 1045 4497 423 988 4498 1176 1046 4499 1177 1047 4500 422 986 4501 1176 1046 4502 1177 1047 4503 423 988 4504 413 1004 4505 1174 1044 4506 412 1003 4507 1177 1047 4508 1174 1044 4509 413 1004 4510 285 711 4511 1179 1048 4512 416 1028 4513 1178 1049 4514 1179 1048 4515 417 1026 4516 421 1016 4517 1179 1048 4518 418 1009 4519 420 1018 4520 1179 1048 4521 419 1010 4522 1180 1050 4523 1180 1050 4524 424 1039 4525 418 1009 4526 1180 1050 4527 425 1040 4528 1181 1051 4529 1178 1049 4530 424 1039 4531 1181 1051 4532 1178 1049 4533 425 1040 4534 417 1026 4535 1183 1052 4536 418 1009 4537 1182 1053 4538 1183 1052 4539 419 1010 4540 413 1004 4541 1184 1054 4542 412 1003 4543 1183 1052 4544 1183 1052 4545 423 988 4546 1184 1054 4547 1184 1054 4548 424 1039 4549 422 986 4550 1184 1054 4551 425 1040 4552 1185 1055 4553 1182 1053 4554 424 1039 4555 1185 1055 4556 1182 1053 4557 425 1040 4558 419 1010 4559 427 0 4560 24 6 4561 248 1 4562 427 0 4563 426 2 4564 249 3 4565 428 5 4566 2 9 4567 24 6 4568 428 5 4569 427 0 4570 25 4 4571 428 5 4572 429 11 4573 204 8 4574 428 5 4575 3 7 4576 205 10 4577 429 11 4578 426 2 4579 248 1 4580 429 11 4581 205 10 4582 249 3 4583 431 12 4584 2 9 4585 204 8 4586 431 12 4587 430 13 4588 205 10 4589 431 12 4590 432 15 4591 4 14 4592 432 15 4593 431 12 4594 3 7 4595 432 15 4596 433 19 4597 208 17 4598 432 15 4599 5 16 4600 209 18 4601 430 13 4602 204 8 4603 208 17 4604 433 19 4605 209 18 4606 205 10 4607 435 20 4608 4 14 4609 208 17 4610 435 20 4611 434 21 4612 209 18 4613 435 20 4614 436 24 4615 6 22 4616 435 20 4617 5 16 4618 7 23 4619 436 24 4620 437 27 4621 212 25 4622 436 24 4623 7 23 4624 213 26 4625 434 21 4626 208 17 4627 212 25 4628 434 21 4629 437 27 4630 213 26 4631 439 28 4632 6 22 4633 212 25 4634 439 28 4635 438 29 4636 213 26 4637 440 30 4638 8 33 4639 6 22 4640 439 28 4641 7 23 4642 9 31 4643 440 30 4644 441 35 4645 216 32 4646 440 30 4647 9 31 4648 217 34 4649 441 35 4650 438 29 4651 212 25 4652 438 29 4653 441 35 4654 217 34 4655 443 36 4656 8 33 4657 216 32 4658 443 36 4659 442 37 4660 217 34 4661 443 36 4662 444 39 4663 10 38 4664 444 39 4665 443 36 4666 9 31 4667 444 39 4668 445 43 4669 220 41 4670 444 39 4671 11 40 4672 221 42 4673 442 37 4674 216 32 4675 220 41 4676 445 43 4677 221 42 4678 217 34 4679 447 44 4680 10 38 4681 220 41 4682 447 44 4683 446 45 4684 221 42 4685 448 46 4686 12 49 4687 10 38 4688 447 44 4689 11 40 4690 13 47 4691 448 46 4692 449 51 4693 224 48 4694 448 46 4695 13 47 4696 225 50 4697 449 51 4698 446 45 4699 220 41 4700 446 45 4701 449 51 4702 225 50 4703 451 52 4704 12 49 4705 224 48 4706 451 52 4707 450 53 4708 225 50 4709 452 54 4710 14 57 4711 12 49 4712 451 52 4713 13 47 4714 15 55 4715 452 54 4716 453 59 4717 228 56 4718 452 54 4719 15 55 4720 229 58 4721 453 59 4722 450 53 4723 224 48 4724 450 53 4725 453 59 4726 229 58 4727 455 60 4728 14 57 4729 228 56 4730 455 60 4731 454 61 4732 229 58 4733 456 62 4734 16 65 4735 14 57 4736 455 60 4737 15 55 4738 17 63 4739 456 62 4740 457 67 4741 232 64 4742 456 62 4743 17 63 4744 233 66 4745 454 61 4746 228 56 4747 232 64 4748 457 67 4749 233 66 4750 229 58 4751 459 60 4752 16 65 4753 232 64 4754 459 60 4755 458 61 4756 233 66 4757 460 62 4758 18 70 4759 16 65 4760 459 60 4761 17 63 4762 19 68 4763 460 62 4764 461 67 4765 236 69 4766 460 62 4767 19 68 4768 237 71 4769 458 61 4770 232 64 4771 236 69 4772 461 67 4773 237 71 4774 233 66 4775 463 72 4776 18 70 4777 236 69 4778 463 72 4779 462 73 4780 237 71 4781 463 72 4782 464 76 4783 20 74 4784 463 72 4785 19 68 4786 21 75 4787 464 76 4788 465 79 4789 240 77 4790 464 76 4791 21 75 4792 241 78 4793 462 73 4794 236 69 4795 240 77 4796 462 73 4797 465 79 4798 241 78 4799 467 80 4800 20 74 4801 240 77 4802 467 80 4803 466 81 4804 241 78 4805 467 80 4806 468 84 4807 22 82 4808 467 80 4809 21 75 4810 23 83 4811 468 84 4812 469 87 4813 244 85 4814 468 84 4815 23 83 4816 245 86 4817 466 81 4818 240 77 4819 244 85 4820 466 81 4821 469 87 4822 245 86 4823 471 88 4824 0 94 4825 200 89 4826 471 88 4827 470 90 4828 201 91 4829 472 93 4830 24 6 4831 0 94 4832 472 93 4833 471 88 4834 1 92 4835 472 93 4836 473 95 4837 248 1 4838 472 93 4839 25 4 4840 249 3 4841 470 90 4842 200 89 4843 248 1 4844 470 90 4845 473 95 4846 249 3 4847 474 96 4848 475 97 4849 24 6 4850 474 96 4851 3 7 4852 25 4 4853 476 98 4854 50 101 4855 24 6 4856 476 98 4857 475 97 4858 25 4 4859 477 100 4860 28 103 4861 50 101 4862 477 100 4863 476 98 4864 51 99 4865 477 100 4866 474 96 4867 2 9 4868 477 100 4869 29 102 4870 3 7 4871 478 104 4872 479 105 4873 10 38 4874 479 105 4875 478 104 4876 13 47 4877 480 106 4878 36 109 4879 10 38 4880 480 106 4881 479 105 4882 11 40 4883 481 108 4884 38 111 4885 36 109 4886 480 106 4887 37 107 4888 39 110 4889 481 108 4890 478 104 4891 12 49 4892 481 108 4893 39 110 4894 13 47 4895 483 112 4896 20 74 4897 22 82 4898 483 112 4899 482 113 4900 23 83 4901 484 114 4902 46 117 4903 20 74 4904 484 114 4905 483 112 4906 21 75 4907 484 114 4908 485 119 4909 48 116 4910 484 114 4911 47 115 4912 49 118 4913 485 119 4914 482 113 4915 22 82 4916 485 119 4917 49 118 4918 23 83 4919 486 120 4920 487 121 4921 6 22 4922 487 121 4923 486 120 4924 9 31 4925 488 122 4926 32 125 4927 6 22 4928 488 122 4929 487 121 4930 7 23 4931 489 124 4932 34 127 4933 32 125 4934 488 122 4935 33 123 4936 35 126 4937 489 124 4938 486 120 4939 8 33 4940 489 124 4941 35 126 4942 9 31 4943 491 128 4944 16 65 4945 18 70 4946 490 129 4947 19 68 4948 17 63 4949 492 130 4950 42 133 4951 16 65 4952 492 130 4953 491 128 4954 17 63 4955 493 132 4956 44 135 4957 42 133 4958 492 130 4959 43 131 4960 45 134 4961 493 132 4962 490 129 4963 18 70 4964 493 132 4965 45 134 4966 19 68 4967 495 136 4968 2 9 4969 4 14 4970 494 137 4971 5 16 4972 3 7 4973 496 138 4974 28 103 4975 2 9 4976 496 138 4977 495 136 4978 3 7 4979 496 138 4980 497 140 4981 30 139 4982 497 140 4983 496 138 4984 29 102 4985 497 140 4986 494 137 4987 4 14 4988 497 140 4989 31 141 4990 5 16 4991 498 142 4992 499 143 4993 12 49 4994 499 143 4995 498 142 4996 15 55 4997 500 144 4998 38 111 4999 12 49 5000 500 144 5001 499 143 5002 13 47 5003 501 145 5004 40 147 5005 38 111 5006 500 144 5007 39 110 5008 41 146 5009 501 145 5010 498 142 5011 14 57 5012 501 145 5013 41 146 5014 15 55 5015 502 148 5016 503 149 5017 0 94 5018 502 148 5019 25 4 5020 1 92 5021 504 150 5022 26 153 5023 0 94 5024 504 150 5025 503 149 5026 1 92 5027 505 152 5028 50 101 5029 26 153 5030 504 150 5031 27 151 5032 51 99 5033 505 152 5034 502 148 5035 24 6 5036 505 152 5037 51 99 5038 25 4 5039 507 154 5040 8 33 5041 10 38 5042 506 155 5043 11 40 5044 9 31 5045 508 156 5046 34 127 5047 8 33 5048 508 156 5049 507 154 5050 9 31 5051 508 156 5052 509 157 5053 36 109 5054 509 157 5055 508 156 5056 35 126 5057 509 157 5058 506 155 5059 10 38 5060 509 157 5061 37 107 5062 11 40 5063 511 158 5064 18 70 5065 20 74 5066 511 158 5067 510 159 5068 21 75 5069 512 160 5070 44 135 5071 18 70 5072 512 160 5073 511 158 5074 19 68 5075 512 160 5076 513 161 5077 46 117 5078 512 160 5079 45 134 5080 47 115 5081 513 161 5082 510 159 5083 20 74 5084 513 161 5085 47 115 5086 21 75 5087 515 162 5088 4 14 5089 6 22 5090 515 162 5091 514 163 5092 7 23 5093 516 164 5094 30 139 5095 4 14 5096 516 164 5097 515 162 5098 5 16 5099 516 164 5100 517 165 5101 32 125 5102 516 164 5103 31 141 5104 33 123 5105 517 165 5106 514 163 5107 6 22 5108 517 165 5109 33 123 5110 7 23 5111 519 128 5112 14 57 5113 16 65 5114 518 129 5115 17 63 5116 15 55 5117 520 130 5118 40 147 5119 14 57 5120 520 130 5121 519 128 5122 15 55 5123 521 132 5124 42 133 5125 40 147 5126 520 130 5127 41 146 5128 43 131 5129 521 132 5130 518 129 5131 16 65 5132 521 132 5133 43 131 5134 17 63 5135 523 166 5136 44 135 5137 46 117 5138 523 166 5139 522 167 5140 47 115 5141 524 168 5142 70 171 5143 44 135 5144 524 168 5145 523 166 5146 45 134 5147 524 168 5148 525 173 5149 72 170 5150 524 168 5151 71 169 5152 73 172 5153 522 167 5154 46 117 5155 72 170 5156 522 167 5157 525 173 5158 73 172 5159 527 174 5160 30 139 5161 32 125 5162 527 174 5163 526 175 5164 33 123 5165 527 174 5166 528 177 5167 56 176 5168 528 177 5169 527 174 5170 31 141 5171 528 177 5172 529 181 5173 58 179 5174 528 177 5175 57 178 5176 59 180 5177 526 175 5178 32 125 5179 58 179 5180 529 181 5181 59 180 5182 33 123 5183 531 182 5184 46 117 5185 48 116 5186 531 182 5187 530 183 5188 49 118 5189 531 182 5190 532 184 5191 72 170 5192 531 182 5193 47 115 5194 73 172 5195 532 184 5196 533 187 5197 74 185 5198 532 184 5199 73 172 5200 75 186 5201 530 183 5202 48 116 5203 74 185 5204 530 183 5205 533 187 5206 75 186 5207 534 188 5208 535 189 5209 32 125 5210 535 189 5211 534 188 5212 35 126 5213 535 189 5214 536 190 5215 58 179 5216 536 190 5217 535 189 5218 33 123 5219 537 191 5220 60 193 5221 58 179 5222 536 190 5223 59 180 5224 61 192 5225 534 188 5226 34 127 5227 60 193 5228 537 191 5229 61 192 5230 35 126 5231 539 194 5232 26 153 5233 50 101 5234 538 195 5235 51 99 5236 27 151 5237 539 194 5238 540 197 5239 52 196 5240 540 197 5241 539 194 5242 27 151 5243 540 197 5244 541 201 5245 76 199 5246 540 197 5247 53 198 5248 77 200 5249 538 195 5250 50 101 5251 76 199 5252 541 201 5253 77 200 5254 51 99 5255 543 202 5256 34 127 5257 36 109 5258 542 203 5259 37 107 5260 35 126 5261 543 202 5262 544 204 5263 60 193 5264 544 204 5265 543 202 5266 35 126 5267 544 204 5268 545 206 5269 62 205 5270 545 206 5271 544 204 5272 61 192 5273 542 203 5274 36 109 5275 62 205 5276 545 206 5277 63 207 5278 37 107 5279 546 208 5280 547 209 5281 36 109 5282 547 209 5283 546 208 5284 39 110 5285 547 209 5286 548 210 5287 62 205 5288 548 210 5289 547 209 5290 37 107 5291 549 211 5292 64 213 5293 62 205 5294 548 210 5295 63 207 5296 65 212 5297 546 208 5298 38 111 5299 64 213 5300 549 211 5301 65 212 5302 39 110 5303 550 214 5304 551 215 5305 38 111 5306 551 215 5307 550 214 5308 41 146 5309 551 215 5310 552 216 5311 64 213 5312 552 216 5313 551 215 5314 39 110 5315 553 217 5316 66 219 5317 64 213 5318 552 216 5319 65 212 5320 67 218 5321 553 217 5322 550 214 5323 40 147 5324 553 217 5325 67 218 5326 41 146 5327 555 220 5328 40 147 5329 42 133 5330 554 159 5331 43 131 5332 41 146 5333 556 160 5334 66 219 5335 40 147 5336 556 160 5337 555 220 5338 41 146 5339 557 221 5340 68 223 5341 66 219 5342 556 160 5343 67 218 5344 69 222 5345 557 221 5346 554 159 5347 42 133 5348 557 221 5349 69 222 5350 43 131 5351 558 224 5352 559 225 5353 50 101 5354 558 224 5355 29 102 5356 51 99 5357 559 225 5358 560 226 5359 76 199 5360 560 226 5361 559 225 5362 51 99 5363 561 227 5364 54 229 5365 76 199 5366 561 227 5367 560 226 5368 77 200 5369 558 224 5370 28 103 5371 54 229 5372 561 227 5373 55 228 5374 29 102 5375 563 220 5376 42 133 5377 44 135 5378 562 159 5379 45 134 5380 43 131 5381 564 160 5382 68 223 5383 42 133 5384 564 160 5385 563 220 5386 43 131 5387 565 221 5388 70 171 5389 68 223 5390 564 160 5391 69 222 5392 71 169 5393 565 221 5394 562 159 5395 44 135 5396 565 221 5397 71 169 5398 45 134 5399 567 230 5400 28 103 5401 30 139 5402 566 231 5403 31 141 5404 29 102 5405 567 230 5406 568 232 5407 54 229 5408 568 232 5409 567 230 5410 29 102 5411 568 232 5412 569 233 5413 56 176 5414 569 233 5415 568 232 5416 55 228 5417 566 231 5418 30 139 5419 56 176 5420 569 233 5421 57 178 5422 31 141 5423 571 234 5424 70 171 5425 72 170 5426 571 234 5427 570 235 5428 73 172 5429 571 234 5430 572 237 5431 84 236 5432 572 237 5433 571 234 5434 71 169 5435 572 237 5436 573 241 5437 86 239 5438 572 237 5439 85 238 5440 87 240 5441 570 235 5442 72 170 5443 86 239 5444 573 241 5445 87 240 5446 73 172 5447 575 242 5448 66 219 5449 68 223 5450 574 243 5451 69 222 5452 67 218 5453 575 242 5454 576 245 5455 80 244 5456 576 245 5457 575 242 5458 67 218 5459 577 247 5460 82 249 5461 80 244 5462 576 245 5463 81 246 5464 83 248 5465 574 243 5466 68 223 5467 82 249 5468 577 247 5469 83 248 5470 69 222 5471 579 250 5472 72 170 5473 74 185 5474 579 250 5475 578 251 5476 75 186 5477 579 250 5478 580 252 5479 86 239 5480 580 252 5481 579 250 5482 73 172 5483 580 252 5484 581 255 5485 88 253 5486 580 252 5487 87 240 5488 89 254 5489 578 251 5490 74 185 5491 88 253 5492 581 255 5493 89 254 5494 75 186 5495 583 242 5496 68 223 5497 70 171 5498 582 243 5499 71 169 5500 69 222 5501 583 242 5502 584 245 5503 82 249 5504 584 245 5505 583 242 5506 69 222 5507 585 247 5508 84 236 5509 82 249 5510 584 245 5511 83 248 5512 85 238 5513 582 243 5514 70 171 5515 84 236 5516 585 247 5517 85 238 5518 71 169 5519 586 256 5520 587 257 5521 64 213 5522 587 257 5523 586 256 5524 67 218 5525 587 257 5526 588 259 5527 78 258 5528 588 259 5529 587 257 5530 65 212 5531 589 261 5532 80 244 5533 78 258 5534 588 259 5535 79 260 5536 81 246 5537 586 256 5538 66 219 5539 80 244 5540 589 261 5541 81 246 5542 67 218 5543 591 262 5544 86 239 5545 88 253 5546 591 262 5547 590 263 5548 89 254 5549 591 262 5550 592 265 5551 98 264 5552 592 265 5553 591 262 5554 87 240 5555 592 265 5556 593 269 5557 100 267 5558 592 265 5559 99 266 5560 101 268 5561 590 263 5562 88 253 5563 100 267 5564 593 269 5565 101 268 5566 89 254 5567 595 270 5568 82 249 5569 84 236 5570 594 271 5571 85 238 5572 83 248 5573 595 270 5574 596 273 5575 94 272 5576 596 273 5577 595 270 5578 83 248 5579 597 275 5580 96 277 5581 94 272 5582 596 273 5583 95 274 5584 97 276 5585 594 271 5586 84 236 5587 96 277 5588 597 275 5589 97 276 5590 85 238 5591 598 278 5592 599 279 5593 78 258 5594 599 279 5595 598 278 5596 81 246 5597 599 279 5598 600 281 5599 90 280 5600 600 281 5601 599 279 5602 79 260 5603 601 283 5604 92 285 5605 90 280 5606 600 281 5607 91 282 5608 93 284 5609 598 278 5610 80 244 5611 92 285 5612 601 283 5613 93 284 5614 81 246 5615 603 286 5616 84 236 5617 86 239 5618 603 286 5619 602 287 5620 87 240 5621 603 286 5622 604 288 5623 96 277 5624 604 288 5625 603 286 5626 85 238 5627 604 288 5628 605 289 5629 98 264 5630 604 288 5631 97 276 5632 99 266 5633 602 287 5634 86 239 5635 98 264 5636 605 289 5637 99 266 5638 87 240 5639 607 270 5640 80 244 5641 82 249 5642 606 271 5643 83 248 5644 81 246 5645 607 270 5646 608 273 5647 92 285 5648 608 273 5649 607 270 5650 81 246 5651 609 275 5652 94 272 5653 92 285 5654 608 273 5655 93 284 5656 95 274 5657 606 271 5658 82 249 5659 94 272 5660 609 275 5661 95 274 5662 83 248 5663 611 290 5664 98 264 5665 100 267 5666 611 290 5667 610 291 5668 101 268 5669 612 292 5670 110 295 5671 98 264 5672 611 290 5673 99 266 5674 111 293 5675 612 292 5676 613 297 5677 112 294 5678 612 292 5679 111 293 5680 113 296 5681 613 297 5682 610 291 5683 100 267 5684 610 291 5685 613 297 5686 113 296 5687 615 298 5688 94 272 5689 96 277 5690 614 299 5691 97 276 5692 95 274 5693 616 300 5694 106 303 5695 94 272 5696 615 298 5697 95 274 5698 107 301 5699 617 302 5700 108 305 5701 106 303 5702 616 300 5703 107 301 5704 109 304 5705 617 302 5706 614 299 5707 96 277 5708 614 299 5709 617 302 5710 109 304 5711 618 306 5712 619 307 5713 90 280 5714 619 307 5715 618 306 5716 93 284 5717 620 308 5718 102 311 5719 90 280 5720 619 307 5721 91 282 5722 103 309 5723 621 310 5724 104 313 5725 102 311 5726 620 308 5727 103 309 5728 105 312 5729 621 310 5730 618 306 5731 92 285 5732 618 306 5733 621 310 5734 105 312 5735 623 314 5736 96 277 5737 98 264 5738 623 314 5739 622 315 5740 99 266 5741 624 316 5742 108 305 5743 96 277 5744 623 314 5745 97 276 5746 109 304 5747 624 316 5748 625 317 5749 110 295 5750 624 316 5751 109 304 5752 111 293 5753 625 317 5754 622 315 5755 98 264 5756 622 315 5757 625 317 5758 111 293 5759 627 298 5760 92 285 5761 94 272 5762 626 299 5763 95 274 5764 93 284 5765 628 300 5766 104 313 5767 92 285 5768 627 298 5769 93 284 5770 105 312 5771 629 302 5772 106 303 5773 104 313 5774 628 300 5775 105 312 5776 107 301 5777 629 302 5778 626 299 5779 94 272 5780 626 299 5781 629 302 5782 107 301 5783 631 318 5784 110 295 5785 112 294 5786 631 318 5787 630 319 5788 113 296 5789 632 320 5790 122 323 5791 110 295 5792 631 318 5793 111 293 5794 123 321 5795 632 320 5796 633 325 5797 124 322 5798 632 320 5799 123 321 5800 125 324 5801 633 325 5802 630 319 5803 112 294 5804 630 319 5805 633 325 5806 125 324 5807 635 326 5808 106 303 5809 108 305 5810 634 327 5811 109 304 5812 107 301 5813 636 328 5814 118 331 5815 106 303 5816 635 326 5817 107 301 5818 119 329 5819 637 330 5820 120 333 5821 118 331 5822 636 328 5823 119 329 5824 121 332 5825 637 330 5826 634 327 5827 108 305 5828 634 327 5829 637 330 5830 121 332 5831 638 334 5832 639 335 5833 102 311 5834 639 335 5835 638 334 5836 105 312 5837 640 336 5838 114 339 5839 102 311 5840 639 335 5841 103 309 5842 115 337 5843 641 338 5844 116 341 5845 114 339 5846 640 336 5847 115 337 5848 117 340 5849 641 338 5850 638 334 5851 104 313 5852 638 334 5853 641 338 5854 117 340 5855 643 342 5856 108 305 5857 110 295 5858 643 342 5859 642 343 5860 111 293 5861 644 344 5862 120 333 5863 108 305 5864 643 342 5865 109 304 5866 121 332 5867 644 344 5868 645 345 5869 122 323 5870 644 344 5871 121 332 5872 123 321 5873 645 345 5874 642 343 5875 110 295 5876 642 343 5877 645 345 5878 123 321 5879 647 326 5880 104 313 5881 106 303 5882 646 327 5883 107 301 5884 105 312 5885 648 328 5886 116 341 5887 104 313 5888 647 326 5889 105 312 5890 117 340 5891 649 330 5892 118 331 5893 116 341 5894 648 328 5895 117 340 5896 119 329 5897 649 330 5898 646 327 5899 106 303 5900 646 327 5901 649 330 5902 119 329 5903 651 346 5904 122 323 5905 124 322 5906 651 346 5907 650 347 5908 125 324 5909 652 348 5910 134 351 5911 122 323 5912 652 348 5913 651 346 5914 123 321 5915 653 350 5916 136 353 5917 134 351 5918 653 350 5919 652 348 5920 135 349 5921 653 350 5922 650 347 5923 124 322 5924 653 350 5925 137 352 5926 125 324 5927 655 354 5928 118 331 5929 120 333 5930 654 355 5931 121 332 5932 119 329 5933 656 348 5934 130 358 5935 118 331 5936 656 348 5937 655 354 5938 119 329 5939 657 357 5940 132 360 5941 130 358 5942 656 348 5943 131 356 5944 133 359 5945 657 357 5946 654 355 5947 120 333 5948 657 357 5949 133 359 5950 121 332 5951 658 361 5952 659 362 5953 114 339 5954 659 362 5955 658 361 5956 117 340 5957 660 363 5958 126 366 5959 114 339 5960 660 363 5961 659 362 5962 115 337 5963 661 365 5964 128 368 5965 126 366 5966 660 363 5967 127 364 5968 129 367 5969 661 365 5970 658 361 5971 116 341 5972 661 365 5973 129 367 5974 117 340 5975 663 369 5976 120 333 5977 122 323 5978 663 369 5979 662 370 5980 123 321 5981 664 371 5982 132 360 5983 120 333 5984 664 371 5985 663 369 5986 121 332 5987 664 371 5988 665 372 5989 134 351 5990 664 371 5991 133 359 5992 135 349 5993 665 372 5994 662 370 5995 122 323 5996 665 372 5997 135 349 5998 123 321 5999 667 354 6000 116 341 6001 118 331 6002 666 355 6003 119 329 6004 117 340 6005 668 348 6006 128 368 6007 116 341 6008 668 348 6009 667 354 6010 117 340 6011 669 357 6012 130 358 6013 128 368 6014 668 348 6015 129 367 6016 131 356 6017 669 357 6018 666 355 6019 118 331 6020 669 357 6021 131 356 6022 119 329 6023 670 373 6024 671 374 6025 134 351 6026 670 373 6027 137 352 6028 135 349 6029 671 374 6030 672 377 6031 146 375 6032 671 374 6033 135 349 6034 147 376 6035 672 377 6036 673 380 6037 148 378 6038 672 377 6039 147 376 6040 149 379 6041 670 373 6042 136 353 6043 148 378 6044 670 373 6045 673 380 6046 149 379 6047 675 374 6048 130 358 6049 132 360 6050 674 381 6051 133 359 6052 131 356 6053 675 374 6054 676 384 6055 142 382 6056 675 374 6057 131 356 6058 143 383 6059 677 385 6060 144 387 6061 142 382 6062 676 384 6063 143 383 6064 145 386 6065 674 381 6066 132 360 6067 144 387 6068 674 381 6069 677 385 6070 145 386 6071 678 388 6072 679 389 6073 126 366 6074 679 389 6075 678 388 6076 129 367 6077 679 389 6078 680 392 6079 138 390 6080 679 389 6081 127 364 6082 139 391 6083 681 393 6084 140 395 6085 138 390 6086 680 392 6087 139 391 6088 141 394 6089 678 388 6090 128 368 6091 140 395 6092 678 388 6093 681 393 6094 141 394 6095 683 396 6096 132 360 6097 134 351 6098 683 396 6099 682 397 6100 135 349 6101 683 396 6102 684 398 6103 144 387 6104 683 396 6105 133 359 6106 145 386 6107 684 398 6108 685 399 6109 146 375 6110 684 398 6111 145 386 6112 147 376 6113 682 397 6114 134 351 6115 146 375 6116 682 397 6117 685 399 6118 147 376 6119 687 374 6120 128 368 6121 130 358 6122 686 381 6123 131 356 6124 129 367 6125 687 374 6126 688 384 6127 140 395 6128 687 374 6129 129 367 6130 141 394 6131 689 385 6132 142 382 6133 140 395 6134 688 384 6135 141 394 6136 143 383 6137 686 381 6138 130 358 6139 142 382 6140 686 381 6141 689 385 6142 143 383 6143 691 400 6144 146 375 6145 148 378 6146 691 400 6147 690 401 6148 149 379 6149 692 402 6150 158 405 6151 146 375 6152 692 402 6153 691 400 6154 147 376 6155 692 402 6156 693 407 6157 160 404 6158 692 402 6159 159 403 6160 161 406 6161 690 401 6162 148 378 6163 160 404 6164 690 401 6165 693 407 6166 161 406 6167 695 408 6168 142 382 6169 144 387 6170 694 409 6171 145 386 6172 143 383 6173 696 410 6174 154 413 6175 142 382 6176 695 408 6177 143 383 6178 155 411 6179 697 412 6180 156 415 6181 154 413 6182 696 410 6183 155 411 6184 157 414 6185 694 409 6186 144 387 6187 156 415 6188 697 412 6189 157 414 6190 145 386 6191 698 416 6192 699 417 6193 138 390 6194 699 417 6195 698 416 6196 141 394 6197 699 417 6198 700 420 6199 150 418 6200 699 417 6201 139 391 6202 151 419 6203 701 421 6204 152 423 6205 150 418 6206 700 420 6207 151 419 6208 153 422 6209 698 416 6210 140 395 6211 152 423 6212 701 421 6213 153 422 6214 141 394 6215 703 424 6216 144 387 6217 146 375 6218 703 424 6219 702 425 6220 147 376 6221 704 426 6222 156 415 6223 144 387 6224 703 424 6225 145 386 6226 157 414 6227 704 426 6228 705 427 6229 158 405 6230 704 426 6231 157 414 6232 159 403 6233 705 427 6234 702 425 6235 146 375 6236 705 427 6237 159 403 6238 147 376 6239 707 408 6240 140 395 6241 142 382 6242 706 409 6243 143 383 6244 141 394 6245 708 410 6246 152 423 6247 140 395 6248 707 408 6249 141 394 6250 153 422 6251 709 412 6252 154 413 6253 152 423 6254 708 410 6255 153 422 6256 155 411 6257 706 409 6258 142 382 6259 154 413 6260 709 412 6261 155 411 6262 143 383 6263 711 428 6264 138 390 6265 150 418 6266 711 428 6267 710 429 6268 151 419 6269 711 428 6270 712 431 6271 166 430 6272 712 431 6273 711 428 6274 139 391 6275 712 431 6276 713 435 6277 168 433 6278 712 431 6279 167 432 6280 169 434 6281 710 429 6282 150 418 6283 168 433 6284 713 435 6285 169 434 6286 151 419 6287 715 436 6288 126 366 6289 138 390 6290 715 436 6291 714 437 6292 139 391 6293 715 436 6294 716 439 6295 164 438 6296 716 439 6297 715 436 6298 127 364 6299 716 439 6300 717 441 6301 166 430 6302 716 439 6303 165 440 6304 167 432 6305 714 437 6306 138 390 6307 166 430 6308 717 441 6309 167 432 6310 139 391 6311 718 442 6312 719 443 6313 114 339 6314 718 442 6315 127 364 6316 115 337 6317 719 443 6318 720 445 6319 162 444 6320 720 445 6321 719 443 6322 115 337 6323 721 447 6324 164 438 6325 162 444 6326 720 445 6327 163 446 6328 165 440 6329 718 442 6330 126 366 6331 164 438 6332 721 447 6333 165 440 6334 127 364 6335 723 448 6336 166 430 6337 168 433 6338 723 448 6339 722 449 6340 169 434 6341 724 450 6342 174 453 6343 166 430 6344 723 448 6345 167 432 6346 175 451 6347 724 450 6348 725 455 6349 176 452 6350 724 450 6351 175 451 6352 177 454 6353 725 455 6354 722 449 6355 168 433 6356 722 449 6357 725 455 6358 177 454 6359 727 456 6360 164 438 6361 166 430 6362 727 456 6363 726 457 6364 167 432 6365 728 458 6366 172 460 6367 164 438 6368 727 456 6369 165 440 6370 173 459 6371 728 458 6372 729 461 6373 174 453 6374 728 458 6375 173 459 6376 175 451 6377 729 461 6378 726 457 6379 166 430 6380 726 457 6381 729 461 6382 175 451 6383 730 462 6384 731 463 6385 162 444 6386 731 463 6387 730 462 6388 165 440 6389 732 464 6390 170 467 6391 162 444 6392 731 463 6393 163 446 6394 171 465 6395 733 466 6396 172 460 6397 170 467 6398 732 464 6399 171 465 6400 173 459 6401 733 466 6402 730 462 6403 164 438 6404 730 462 6405 733 466 6406 173 459 6407 735 468 6408 174 453 6409 176 452 6410 735 468 6411 734 469 6412 177 454 6413 736 470 6414 182 473 6415 174 453 6416 736 470 6417 735 468 6418 175 451 6419 736 470 6420 737 475 6421 184 472 6422 736 470 6423 183 471 6424 185 474 6425 737 475 6426 734 469 6427 176 452 6428 737 475 6429 185 474 6430 177 454 6431 739 476 6432 172 460 6433 174 453 6434 739 476 6435 738 477 6436 175 451 6437 740 478 6438 180 480 6439 172 460 6440 740 478 6441 739 476 6442 173 459 6443 740 478 6444 741 481 6445 182 473 6446 740 478 6447 181 479 6448 183 471 6449 741 481 6450 738 477 6451 174 453 6452 741 481 6453 183 471 6454 175 451 6455 742 482 6456 743 483 6457 170 467 6458 743 483 6459 742 482 6460 173 459 6461 744 484 6462 178 487 6463 170 467 6464 744 484 6465 743 483 6466 171 465 6467 745 486 6468 180 480 6469 178 487 6470 744 484 6471 179 485 6472 181 479 6473 745 486 6474 742 482 6475 172 460 6476 745 486 6477 181 479 6478 173 459 6479 746 488 6480 747 489 6481 60 193 6482 746 488 6483 63 207 6484 61 192 6485 747 489 6486 748 492 6487 196 490 6488 747 489 6489 61 192 6490 197 491 6491 749 493 6492 188 495 6493 196 490 6494 748 492 6495 197 491 6496 189 494 6497 746 488 6498 62 205 6499 188 495 6500 746 488 6501 749 493 6502 189 494 6503 750 496 6504 751 497 6505 182 473 6506 750 496 6507 185 474 6508 183 471 6509 752 498 6510 76 199 6511 182 473 6512 752 498 6513 751 497 6514 183 471 6515 752 498 6516 753 499 6517 52 196 6518 752 498 6519 77 200 6520 53 198 6521 753 499 6522 750 496 6523 184 472 6524 753 499 6525 53 198 6526 185 474 6527 754 500 6528 755 501 6529 180 480 6530 754 500 6531 183 471 6532 181 479 6533 756 502 6534 54 229 6535 180 480 6536 756 502 6537 755 501 6538 181 479 6539 756 502 6540 757 503 6541 76 199 6542 756 502 6543 55 228 6544 77 200 6545 757 503 6546 754 500 6547 182 473 6548 757 503 6549 77 200 6550 183 471 6551 758 504 6552 759 505 6553 178 487 6554 759 505 6555 758 504 6556 181 479 6557 760 506 6558 56 176 6559 178 487 6560 760 506 6561 759 505 6562 179 485 6563 761 507 6564 54 229 6565 56 176 6566 760 506 6567 57 178 6568 55 228 6569 761 507 6570 758 504 6571 180 480 6572 761 507 6573 55 228 6574 181 479 6575 763 508 6576 56 176 6577 58 179 6578 763 508 6579 762 509 6580 59 180 6581 763 508 6582 764 510 6583 178 487 6584 764 510 6585 763 508 6586 57 178 6587 764 510 6588 765 513 6589 186 511 6590 764 510 6591 179 485 6592 187 512 6593 762 509 6594 58 179 6595 186 511 6596 762 509 6597 765 513 6598 187 512 6599 767 514 6600 178 487 6601 186 511 6602 766 515 6603 187 512 6604 179 485 6605 767 514 6606 768 516 6607 170 467 6608 767 514 6609 179 485 6610 171 465 6611 768 516 6612 769 519 6613 192 517 6614 768 516 6615 171 465 6616 193 518 6617 766 515 6618 186 511 6619 192 517 6620 766 515 6621 769 519 6622 193 518 6623 771 520 6624 170 467 6625 192 517 6626 771 520 6627 770 521 6628 193 518 6629 771 520 6630 772 522 6631 162 444 6632 772 522 6633 771 520 6634 171 465 6635 772 522 6636 773 524 6637 194 523 6638 773 524 6639 772 522 6640 163 446 6641 773 524 6642 770 521 6643 192 517 6644 773 524 6645 195 525 6646 193 518 6647 774 526 6648 775 527 6649 194 523 6650 774 526 6651 103 309 6652 195 525 6653 776 528 6654 162 444 6655 194 523 6656 776 528 6657 775 527 6658 195 525 6659 777 529 6660 114 339 6661 162 444 6662 776 528 6663 163 446 6664 115 337 6665 777 529 6666 774 526 6667 102 311 6668 774 526 6669 777 529 6670 115 337 6671 779 530 6672 102 311 6673 194 523 6674 779 530 6675 778 531 6676 195 525 6677 779 530 6678 780 532 6679 90 280 6680 780 532 6681 779 530 6682 103 309 6683 780 532 6684 781 535 6685 190 533 6686 780 532 6687 91 282 6688 191 534 6689 781 535 6690 778 531 6691 194 523 6692 778 531 6693 781 535 6694 191 534 6695 783 536 6696 90 280 6697 190 533 6698 783 536 6699 782 537 6700 191 534 6701 784 538 6702 78 258 6703 90 280 6704 783 536 6705 91 282 6706 79 260 6707 784 538 6708 785 539 6709 188 495 6710 784 538 6711 79 260 6712 189 494 6713 785 539 6714 782 537 6715 190 533 6716 782 537 6717 785 539 6718 189 494 6719 786 540 6720 787 541 6721 188 495 6722 786 540 6723 63 207 6724 189 494 6725 788 542 6726 78 258 6727 188 495 6728 788 542 6729 787 541 6730 189 494 6731 789 543 6732 64 213 6733 78 258 6734 788 542 6735 79 260 6736 65 212 6737 789 543 6738 786 540 6739 62 205 6740 786 540 6741 789 543 6742 65 212 6743 791 544 6744 188 495 6745 190 533 6746 791 544 6747 790 545 6748 191 534 6749 791 544 6750 792 546 6751 196 490 6752 791 544 6753 189 494 6754 197 491 6755 792 546 6756 793 549 6757 198 547 6758 792 546 6759 197 491 6760 199 548 6761 790 545 6762 190 533 6763 198 547 6764 790 545 6765 793 549 6766 199 548 6767 794 550 6768 795 551 6769 186 511 6770 794 550 6771 59 180 6772 187 512 6773 795 551 6774 796 552 6775 196 490 6776 795 551 6777 187 512 6778 197 491 6779 797 553 6780 60 193 6781 196 490 6782 797 553 6783 796 552 6784 197 491 6785 794 550 6786 58 179 6787 60 193 6788 794 550 6789 797 553 6790 61 192 6791 798 554 6792 799 555 6793 198 547 6794 798 554 6795 191 534 6796 199 548 6797 800 556 6798 192 517 6799 198 547 6800 800 556 6801 799 555 6802 199 548 6803 801 557 6804 194 523 6805 192 517 6806 801 557 6807 800 556 6808 193 518 6809 801 557 6810 798 554 6811 190 533 6812 801 557 6813 195 525 6814 191 534 6815 802 558 6816 803 559 6817 198 547 6818 802 558 6819 193 518 6820 199 548 6821 804 560 6822 196 490 6823 198 547 6824 804 560 6825 803 559 6826 199 548 6827 804 560 6828 805 561 6829 186 511 6830 805 561 6831 804 560 6832 197 491 6833 805 561 6834 802 558 6835 192 517 6836 805 561 6837 187 512 6838 193 518 6839 807 562 6840 204 8 6841 248 1 6842 807 562 6843 806 563 6844 249 3 6845 808 564 6846 206 567 6847 204 8 6848 808 564 6849 807 562 6850 205 10 6851 808 564 6852 809 569 6853 250 566 6854 808 564 6855 207 565 6856 251 568 6857 809 569 6858 806 563 6859 248 1 6860 809 569 6861 251 568 6862 249 3 6863 810 570 6864 811 571 6865 208 17 6866 811 571 6867 810 570 6868 205 10 6869 812 572 6870 210 575 6871 208 17 6872 812 572 6873 811 571 6874 209 18 6875 813 574 6876 206 567 6877 210 575 6878 812 572 6879 211 573 6880 207 565 6881 813 574 6882 810 570 6883 204 8 6884 813 574 6885 207 565 6886 205 10 6887 814 576 6888 815 577 6889 212 25 6890 814 576 6891 209 18 6892 213 26 6893 816 578 6894 214 581 6895 212 25 6896 816 578 6897 815 577 6898 213 26 6899 817 580 6900 210 575 6901 214 581 6902 817 580 6903 816 578 6904 215 579 6905 817 580 6906 814 576 6907 208 17 6908 817 580 6909 211 573 6910 209 18 6911 819 582 6912 216 32 6913 212 25 6914 818 583 6915 213 26 6916 217 34 6917 820 584 6918 218 586 6919 216 32 6920 820 584 6921 819 582 6922 217 34 6923 820 584 6924 821 587 6925 214 581 6926 821 587 6927 820 584 6928 219 585 6929 821 587 6930 818 583 6931 212 25 6932 821 587 6933 215 579 6934 213 26 6935 822 588 6936 823 589 6937 220 41 6938 823 589 6939 822 588 6940 217 34 6941 824 590 6942 222 593 6943 220 41 6944 824 590 6945 823 589 6946 221 42 6947 825 592 6948 218 586 6949 222 593 6950 824 590 6951 223 591 6952 219 585 6953 825 592 6954 822 588 6955 216 32 6956 825 592 6957 219 585 6958 217 34 6959 827 594 6960 224 48 6961 220 41 6962 826 595 6963 221 42 6964 225 50 6965 828 596 6966 226 598 6967 224 48 6968 828 596 6969 827 594 6970 225 50 6971 828 596 6972 829 599 6973 222 593 6974 829 599 6975 828 596 6976 227 597 6977 829 599 6978 826 595 6979 220 41 6980 829 599 6981 223 591 6982 221 42 6983 831 600 6984 228 56 6985 224 48 6986 830 601 6987 225 50 6988 229 58 6989 832 602 6990 230 604 6991 228 56 6992 832 602 6993 831 600 6994 229 58 6995 832 602 6996 833 605 6997 226 598 6998 833 605 6999 832 602 7000 231 603 7001 833 605 7002 830 601 7003 224 48 7004 833 605 7005 227 597 7006 225 50 7007 835 606 7008 232 64 7009 228 56 7010 834 607 7011 229 58 7012 233 66 7013 836 608 7014 234 611 7015 232 64 7016 836 608 7017 835 606 7018 233 66 7019 837 610 7020 230 604 7021 234 611 7022 836 608 7023 235 609 7024 231 603 7025 837 610 7026 834 607 7027 228 56 7028 837 610 7029 231 603 7030 229 58 7031 839 606 7032 236 69 7033 232 64 7034 838 607 7035 233 66 7036 237 71 7037 840 608 7038 238 613 7039 236 69 7040 840 608 7041 839 606 7042 237 71 7043 841 610 7044 234 611 7045 238 613 7046 840 608 7047 239 612 7048 235 609 7049 841 610 7050 838 607 7051 232 64 7052 841 610 7053 235 609 7054 233 66 7055 842 614 7056 843 615 7057 240 77 7058 842 614 7059 237 71 7060 241 78 7061 844 616 7062 242 619 7063 240 77 7064 844 616 7065 843 615 7066 241 78 7067 845 618 7068 238 613 7069 242 619 7070 845 618 7071 844 616 7072 243 617 7073 845 618 7074 842 614 7075 236 69 7076 845 618 7077 239 612 7078 237 71 7079 846 620 7080 847 621 7081 244 85 7082 846 620 7083 241 78 7084 245 86 7085 848 622 7086 246 625 7087 244 85 7088 848 622 7089 847 621 7090 245 86 7091 849 624 7092 242 619 7093 246 625 7094 849 624 7095 848 622 7096 247 623 7097 849 624 7098 846 620 7099 240 77 7100 849 624 7101 243 617 7102 241 78 7103 850 626 7104 851 627 7105 248 1 7106 850 626 7107 201 91 7108 249 3 7109 852 628 7110 250 566 7111 248 1 7112 852 628 7113 851 627 7114 249 3 7115 852 628 7116 853 631 7117 202 629 7118 852 628 7119 251 568 7120 203 630 7121 853 631 7122 850 626 7123 200 89 7124 853 631 7125 203 630 7126 201 91 7127 855 632 7128 254 636 7129 206 567 7130 855 632 7131 854 633 7132 207 565 7133 855 632 7134 856 638 7135 276 635 7136 855 632 7137 255 634 7138 277 637 7139 856 638 7140 857 639 7141 250 566 7142 856 638 7143 277 637 7144 251 568 7145 854 633 7146 206 567 7147 250 566 7148 854 633 7149 857 639 7150 251 568 7151 859 640 7152 264 644 7153 226 598 7154 859 640 7155 858 641 7156 227 597 7157 859 640 7158 860 645 7159 262 643 7160 860 645 7161 859 640 7162 265 642 7163 860 645 7164 861 647 7165 222 593 7166 860 645 7167 263 646 7168 223 591 7169 858 641 7170 226 598 7171 222 593 7172 861 647 7173 223 591 7174 227 597 7175 863 648 7176 274 652 7177 246 625 7178 863 648 7179 862 649 7180 247 623 7181 864 651 7182 272 654 7183 274 652 7184 864 651 7185 863 648 7186 275 650 7187 864 651 7188 865 655 7189 242 619 7190 864 651 7191 273 653 7192 243 617 7193 865 655 7194 862 649 7195 246 625 7196 865 655 7197 243 617 7198 247 623 7199 867 656 7200 260 660 7201 218 586 7202 867 656 7203 866 657 7204 219 585 7205 867 656 7206 868 661 7207 258 659 7208 868 661 7209 867 656 7210 261 658 7211 868 661 7212 869 663 7213 214 581 7214 868 661 7215 259 662 7216 215 579 7217 866 657 7218 218 586 7219 214 581 7220 869 663 7221 215 579 7222 219 585 7223 871 664 7224 270 668 7225 238 613 7226 871 664 7227 870 665 7228 239 612 7229 872 667 7230 268 670 7231 270 668 7232 871 664 7233 271 666 7234 269 669 7235 872 667 7236 873 671 7237 234 611 7238 872 667 7239 269 669 7240 235 609 7241 870 665 7242 238 613 7243 234 611 7244 873 671 7245 235 609 7246 239 612 7247 875 672 7248 256 676 7249 210 575 7250 875 672 7251 874 673 7252 211 573 7253 876 675 7254 254 636 7255 256 676 7256 875 672 7257 257 674 7258 255 634 7259 876 675 7260 877 677 7261 206 567 7262 876 675 7263 255 634 7264 207 565 7265 877 677 7266 874 673 7267 210 575 7268 874 673 7269 877 677 7270 207 565 7271 879 678 7272 266 681 7273 230 604 7274 879 678 7275 878 679 7276 231 603 7277 879 678 7278 880 682 7279 264 644 7280 880 682 7281 879 678 7282 267 680 7283 880 682 7284 881 683 7285 226 598 7286 880 682 7287 265 642 7288 227 597 7289 878 679 7290 230 604 7291 226 598 7292 881 683 7293 227 597 7294 231 603 7295 883 684 7296 276 635 7297 250 566 7298 883 684 7299 882 685 7300 251 568 7301 884 686 7302 252 688 7303 276 635 7304 883 684 7305 277 637 7306 253 687 7307 884 686 7308 885 689 7309 202 629 7310 884 686 7311 253 687 7312 203 630 7313 882 685 7314 250 566 7315 202 629 7316 882 685 7317 885 689 7318 203 630 7319 887 690 7320 262 643 7321 222 593 7322 887 690 7323 886 691 7324 223 591 7325 888 692 7326 260 660 7327 262 643 7328 887 690 7329 263 646 7330 261 658 7331 888 692 7332 889 693 7333 218 586 7334 888 692 7335 261 658 7336 219 585 7337 889 693 7338 886 691 7339 222 593 7340 886 691 7341 889 693 7342 219 585 7343 891 694 7344 272 654 7345 242 619 7346 891 694 7347 890 221 7348 243 617 7349 892 220 7350 270 668 7351 272 654 7352 892 220 7353 891 694 7354 273 653 7355 892 220 7356 893 695 7357 238 613 7358 892 220 7359 271 666 7360 239 612 7361 893 695 7362 890 221 7363 242 619 7364 893 695 7365 239 612 7366 243 617 7367 895 696 7368 258 659 7369 214 581 7370 895 696 7371 894 697 7372 215 579 7373 896 698 7374 256 676 7375 258 659 7376 896 698 7377 895 696 7378 259 662 7379 896 698 7380 897 699 7381 210 575 7382 896 698 7383 257 674 7384 211 573 7385 897 699 7386 894 697 7387 214 581 7388 897 699 7389 211 573 7390 215 579 7391 899 664 7392 268 670 7393 234 611 7394 899 664 7395 898 665 7396 235 609 7397 900 667 7398 266 681 7399 268 670 7400 899 664 7401 269 669 7402 267 680 7403 900 667 7404 901 671 7405 230 604 7406 900 667 7407 267 680 7408 231 603 7409 898 665 7410 234 611 7411 230 604 7412 901 671 7413 231 603 7414 235 609 7415 902 700 7416 903 703 7417 298 701 7418 902 700 7419 273 653 7420 299 702 7421 904 704 7422 296 706 7423 298 701 7424 904 704 7425 903 703 7426 299 702 7427 904 704 7428 905 707 7429 270 668 7430 904 704 7431 297 705 7432 271 666 7433 905 707 7434 902 700 7435 272 654 7436 905 707 7437 271 666 7438 273 653 7439 906 708 7440 907 710 7441 284 709 7442 907 710 7443 906 708 7444 259 662 7445 908 712 7446 282 715 7447 284 709 7448 908 712 7449 907 710 7450 285 711 7451 909 714 7452 256 676 7453 282 715 7454 908 712 7455 283 713 7456 257 674 7457 909 714 7458 906 708 7459 258 659 7460 909 714 7461 257 674 7462 259 662 7463 910 187 7464 911 183 7465 300 716 7466 910 187 7467 275 650 7468 301 717 7469 912 182 7470 298 701 7471 300 716 7472 912 182 7473 911 183 7474 301 717 7475 913 184 7476 272 654 7477 298 701 7478 913 184 7479 912 182 7480 299 702 7481 913 184 7482 910 187 7483 274 652 7484 913 184 7485 273 653 7486 275 650 7487 914 718 7488 915 720 7489 286 719 7490 915 720 7491 914 718 7492 261 658 7493 915 720 7494 916 722 7495 284 709 7496 916 722 7497 915 720 7498 287 721 7499 917 723 7500 258 659 7501 284 709 7502 916 722 7503 285 711 7504 259 662 7505 914 718 7506 260 660 7507 258 659 7508 917 723 7509 259 662 7510 261 658 7511 918 724 7512 919 726 7513 302 725 7514 919 726 7515 918 724 7516 277 637 7517 920 728 7518 278 731 7519 302 725 7520 920 728 7521 919 726 7522 303 727 7523 921 730 7524 252 688 7525 278 731 7526 920 728 7527 279 729 7528 253 687 7529 918 724 7530 276 635 7531 252 688 7532 921 730 7533 253 687 7534 277 637 7535 922 732 7536 923 734 7537 288 733 7538 923 734 7539 922 732 7540 263 646 7541 924 736 7542 286 719 7543 288 733 7544 923 734 7545 289 735 7546 287 721 7547 925 737 7548 260 660 7549 286 719 7550 924 736 7551 287 721 7552 261 658 7553 925 737 7554 922 732 7555 262 643 7556 922 732 7557 925 737 7558 261 658 7559 926 738 7560 927 740 7561 290 739 7562 927 740 7563 926 738 7564 265 642 7565 927 740 7566 928 742 7567 288 733 7568 928 742 7569 927 740 7570 291 741 7571 929 743 7572 262 643 7573 288 733 7574 928 742 7575 289 735 7576 263 646 7577 926 738 7578 264 644 7579 262 643 7580 929 743 7581 263 646 7582 265 642 7583 931 744 7584 292 747 7585 266 681 7586 931 744 7587 930 745 7588 267 680 7589 931 744 7590 932 748 7591 290 739 7592 932 748 7593 931 744 7594 293 746 7595 933 749 7596 264 644 7597 290 739 7598 932 748 7599 291 741 7600 265 642 7601 930 745 7602 266 681 7603 264 644 7604 933 749 7605 265 642 7606 267 680 7607 935 159 7608 294 751 7609 268 670 7610 935 159 7611 934 221 7612 269 669 7613 936 220 7614 292 747 7615 294 751 7616 935 159 7617 295 750 7618 293 746 7619 936 220 7620 937 160 7621 266 681 7622 936 220 7623 293 746 7624 267 680 7625 934 221 7626 268 670 7627 266 681 7628 937 160 7629 267 680 7630 269 669 7631 938 752 7632 939 754 7633 280 753 7634 939 754 7635 938 752 7636 255 634 7637 939 754 7638 940 756 7639 302 725 7640 939 754 7641 281 755 7642 303 727 7643 941 757 7644 276 635 7645 302 725 7646 940 756 7647 303 727 7648 277 637 7649 938 752 7650 254 636 7651 276 635 7652 938 752 7653 941 757 7654 277 637 7655 943 159 7656 296 706 7657 270 668 7658 943 159 7659 942 221 7660 271 666 7661 944 220 7662 294 751 7663 296 706 7664 943 159 7665 297 705 7666 295 750 7667 944 220 7668 945 160 7669 268 670 7670 944 220 7671 295 750 7672 269 669 7673 942 221 7674 270 668 7675 268 670 7676 945 160 7677 269 669 7678 271 666 7679 946 758 7680 947 759 7681 282 715 7682 947 759 7683 946 758 7684 257 674 7685 948 760 7686 280 753 7687 282 715 7688 947 759 7689 283 713 7690 281 755 7691 949 761 7692 254 636 7693 280 753 7694 948 760 7695 281 755 7696 255 634 7697 949 761 7698 946 758 7699 256 676 7700 946 758 7701 949 761 7702 255 634 7703 950 762 7704 951 764 7705 312 763 7706 951 764 7707 950 762 7708 299 702 7709 952 766 7710 310 769 7711 312 763 7712 952 766 7713 951 764 7714 313 765 7715 953 768 7716 296 706 7717 310 769 7718 952 766 7719 311 767 7720 297 705 7721 953 768 7722 950 762 7723 298 701 7724 953 768 7725 297 705 7726 299 702 7727 954 770 7728 955 772 7729 308 771 7730 955 772 7731 954 770 7732 295 750 7733 956 774 7734 306 777 7735 308 771 7736 955 772 7737 309 773 7738 307 775 7739 957 776 7740 292 747 7741 306 777 7742 956 774 7743 307 775 7744 293 746 7745 954 770 7746 294 751 7747 292 747 7748 957 776 7749 293 746 7750 295 750 7751 958 778 7752 959 780 7753 314 779 7754 959 780 7755 958 778 7756 301 717 7757 960 782 7758 312 763 7759 314 779 7760 960 782 7761 959 780 7762 315 781 7763 961 783 7764 298 701 7765 312 763 7766 960 782 7767 313 765 7768 299 702 7769 961 783 7770 958 778 7771 300 716 7772 961 783 7773 299 702 7774 301 717 7775 962 770 7776 963 772 7777 310 769 7778 963 772 7779 962 770 7780 297 705 7781 964 774 7782 308 771 7783 310 769 7784 963 772 7785 311 767 7786 309 773 7787 965 776 7788 294 751 7789 308 771 7790 964 774 7791 309 773 7792 295 750 7793 962 770 7794 296 706 7795 294 751 7796 965 776 7797 295 750 7798 297 705 7799 966 784 7800 967 785 7801 306 777 7802 967 785 7803 966 784 7804 293 746 7805 967 785 7806 968 787 7807 304 786 7808 968 787 7809 967 785 7810 307 775 7811 969 789 7812 290 739 7813 304 786 7814 968 787 7815 305 788 7816 291 741 7817 966 784 7818 292 747 7819 290 739 7820 969 789 7821 291 741 7822 293 746 7823 970 790 7824 971 792 7825 326 791 7826 971 792 7827 970 790 7828 315 781 7829 972 794 7830 324 797 7831 326 791 7832 972 794 7833 971 792 7834 327 793 7835 973 796 7836 312 763 7837 324 797 7838 972 794 7839 325 795 7840 313 765 7841 973 796 7842 970 790 7843 314 779 7844 973 796 7845 313 765 7846 315 781 7847 974 798 7848 975 800 7849 322 799 7850 975 800 7851 974 798 7852 311 767 7853 976 802 7854 320 805 7855 322 799 7856 975 800 7857 323 801 7858 321 803 7859 977 804 7860 308 771 7861 320 805 7862 976 802 7863 321 803 7864 309 773 7865 974 798 7866 310 769 7867 308 771 7868 977 804 7869 309 773 7870 311 767 7871 978 806 7872 979 808 7873 318 807 7874 979 808 7875 978 806 7876 307 775 7877 979 808 7878 980 811 7879 316 810 7880 980 811 7881 979 808 7882 319 809 7883 981 813 7884 304 786 7885 316 810 7886 980 811 7887 317 812 7888 305 788 7889 978 806 7890 306 777 7891 304 786 7892 981 813 7893 305 788 7894 307 775 7895 982 814 7896 983 815 7897 324 797 7898 983 815 7899 982 814 7900 313 765 7901 984 816 7902 322 799 7903 324 797 7904 984 816 7905 983 815 7906 325 795 7907 985 817 7908 310 769 7909 322 799 7910 984 816 7911 323 801 7912 311 767 7913 985 817 7914 982 814 7915 312 763 7916 985 817 7917 311 767 7918 313 765 7919 986 798 7920 987 800 7921 320 805 7922 987 800 7923 986 798 7924 309 773 7925 988 802 7926 318 807 7927 320 805 7928 987 800 7929 321 803 7930 319 809 7931 989 804 7932 306 777 7933 318 807 7934 988 802 7935 319 809 7936 307 775 7937 986 798 7938 308 771 7939 306 777 7940 989 804 7941 307 775 7942 309 773 7943 991 818 7944 338 822 7945 326 791 7946 990 819 7947 327 793 7948 339 820 7949 992 821 7950 336 824 7951 338 822 7952 992 821 7953 991 818 7954 339 820 7955 992 821 7956 993 825 7957 324 797 7958 993 825 7959 992 821 7960 337 823 7961 993 825 7962 990 819 7963 326 791 7964 993 825 7965 325 795 7966 327 793 7967 995 826 7968 334 830 7969 322 799 7970 994 827 7971 323 801 7972 335 828 7973 996 829 7974 332 832 7975 334 830 7976 995 826 7977 335 828 7978 333 831 7979 996 829 7980 997 833 7981 320 805 7982 997 833 7983 996 829 7984 333 831 7985 994 827 7986 322 799 7987 320 805 7988 997 833 7989 321 803 7990 323 801 7991 999 834 7992 330 838 7993 318 807 7994 998 835 7995 319 809 7996 331 836 7997 999 834 7998 1000 839 7999 328 837 8000 1000 839 8001 999 834 8002 331 836 8003 1000 839 8004 1001 841 8005 316 810 8006 1001 841 8007 1000 839 8008 329 840 8009 998 835 8010 318 807 8011 316 810 8012 1001 841 8013 317 812 8014 319 809 8015 1003 842 8016 336 824 8017 324 797 8018 1002 843 8019 325 795 8020 337 823 8021 1004 844 8022 334 830 8023 336 824 8024 1004 844 8025 1003 842 8026 337 823 8027 1004 844 8028 1005 845 8029 322 799 8030 1005 845 8031 1004 844 8032 335 828 8033 1005 845 8034 1002 843 8035 324 797 8036 1005 845 8037 323 801 8038 325 795 8039 1007 826 8040 332 832 8041 320 805 8042 1006 827 8043 321 803 8044 333 831 8045 1008 829 8046 330 838 8047 332 832 8048 1007 826 8049 333 831 8050 331 836 8051 1008 829 8052 1009 833 8053 318 807 8054 1009 833 8055 1008 829 8056 331 836 8057 1006 827 8058 320 805 8059 318 807 8060 1009 833 8061 319 809 8062 321 803 8063 1011 846 8064 350 850 8065 338 822 8066 1010 847 8067 339 820 8068 351 848 8069 1012 849 8070 348 852 8071 350 850 8072 1012 849 8073 1011 846 8074 351 848 8075 1012 849 8076 1013 853 8077 336 824 8078 1013 853 8079 1012 849 8080 349 851 8081 1013 853 8082 1010 847 8083 338 822 8084 1013 853 8085 337 823 8086 339 820 8087 1015 854 8088 346 858 8089 334 830 8090 1014 855 8091 335 828 8092 347 856 8093 1016 857 8094 344 860 8095 346 858 8096 1015 854 8097 347 856 8098 345 859 8099 1016 857 8100 1017 861 8101 332 832 8102 1017 861 8103 1016 857 8104 345 859 8105 1014 855 8106 334 830 8107 332 832 8108 1017 861 8109 333 831 8110 335 828 8111 1019 862 8112 342 866 8113 330 838 8114 1018 863 8115 331 836 8116 343 864 8117 1019 862 8118 1020 867 8119 340 865 8120 1020 867 8121 1019 862 8122 343 864 8123 1020 867 8124 1021 869 8125 328 837 8126 1021 869 8127 1020 867 8128 341 868 8129 1018 863 8130 330 838 8131 328 837 8132 1021 869 8133 329 840 8134 331 836 8135 1023 870 8136 348 852 8137 336 824 8138 1022 871 8139 337 823 8140 349 851 8141 1024 872 8142 346 858 8143 348 852 8144 1024 872 8145 1023 870 8146 349 851 8147 1024 872 8148 1025 873 8149 334 830 8150 1025 873 8151 1024 872 8152 347 856 8153 1025 873 8154 1022 871 8155 336 824 8156 1025 873 8157 335 828 8158 337 823 8159 1027 854 8160 344 860 8161 332 832 8162 1026 855 8163 333 831 8164 345 859 8165 1028 857 8166 342 866 8167 344 860 8168 1027 854 8169 345 859 8170 343 864 8171 1028 857 8172 1029 861 8173 330 838 8174 1029 861 8175 1028 857 8176 343 864 8177 1026 855 8178 332 832 8179 330 838 8180 1029 861 8181 331 836 8182 333 831 8183 1031 874 8184 362 878 8185 350 850 8186 1031 874 8187 1030 875 8188 351 848 8189 1031 874 8190 1032 880 8191 360 877 8192 1031 874 8193 363 876 8194 361 879 8195 1032 880 8196 1033 881 8197 348 852 8198 1032 880 8199 361 879 8200 349 851 8201 1033 881 8202 1030 875 8203 350 850 8204 1033 881 8205 349 851 8206 351 848 8207 1035 882 8208 358 885 8209 346 858 8210 1035 882 8211 1034 883 8212 347 856 8213 1036 880 8214 356 887 8215 358 885 8216 1035 882 8217 359 884 8218 357 886 8219 1036 880 8220 1037 888 8221 344 860 8222 1036 880 8223 357 886 8224 345 859 8225 1034 883 8226 346 858 8227 344 860 8228 1037 888 8229 345 859 8230 347 856 8231 1039 889 8232 354 893 8233 342 866 8234 1039 889 8235 1038 890 8236 343 864 8237 1039 889 8238 1040 894 8239 352 892 8240 1040 894 8241 1039 889 8242 355 891 8243 1040 894 8244 1041 896 8245 340 865 8246 1040 894 8247 353 895 8248 341 868 8249 1038 890 8250 342 866 8251 340 865 8252 1041 896 8253 341 868 8254 343 864 8255 1043 897 8256 360 877 8257 348 852 8258 1043 897 8259 1042 898 8260 349 851 8261 1044 899 8262 358 885 8263 360 877 8264 1044 899 8265 1043 897 8266 361 879 8267 1044 899 8268 1045 900 8269 346 858 8270 1044 899 8271 359 884 8272 347 856 8273 1045 900 8274 1042 898 8275 348 852 8276 1045 900 8277 347 856 8278 349 851 8279 1047 882 8280 356 887 8281 344 860 8282 1047 882 8283 1046 883 8284 345 859 8285 1048 880 8286 354 893 8287 356 887 8288 1047 882 8289 357 886 8290 355 891 8291 1048 880 8292 1049 888 8293 342 866 8294 1048 880 8295 355 891 8296 343 864 8297 1046 883 8298 344 860 8299 342 866 8300 1049 888 8301 343 864 8302 345 859 8303 1050 901 8304 1051 380 8305 374 379 8306 1050 901 8307 363 876 8308 375 378 8309 1052 377 8310 372 376 8311 374 379 8312 1052 377 8313 1051 380 8314 375 378 8315 1053 902 8316 360 877 8317 372 376 8318 1053 902 8319 1052 377 8320 373 375 8321 1050 901 8322 362 878 8323 360 877 8324 1050 901 8325 1053 902 8326 361 879 8327 1054 903 8328 1055 385 8329 370 386 8330 1054 903 8331 359 884 8332 371 387 8333 1056 384 8334 368 383 8335 370 386 8336 1055 385 8337 371 387 8338 369 382 8339 1057 902 8340 356 887 8341 368 383 8342 1057 902 8343 1056 384 8344 369 382 8345 1054 903 8346 358 885 8347 356 887 8348 1057 902 8349 357 886 8350 359 884 8351 1058 904 8352 1059 907 8353 366 905 8354 1058 904 8355 355 891 8356 367 906 8357 1059 907 8358 1060 909 8359 364 908 8360 1060 909 8361 1059 907 8362 367 906 8363 1061 911 8364 352 892 8365 364 908 8366 1061 911 8367 1060 909 8368 365 910 8369 1058 904 8370 354 893 8371 352 892 8372 1061 911 8373 353 895 8374 355 891 8375 1062 912 8376 1063 399 8377 372 376 8378 1062 912 8379 361 879 8380 373 375 8381 1064 398 8382 370 386 8383 372 376 8384 1064 398 8385 1063 399 8386 373 375 8387 1065 913 8388 358 885 8389 370 386 8390 1065 913 8391 1064 398 8392 371 387 8393 1065 913 8394 1062 912 8395 360 877 8396 1065 913 8397 359 884 8398 361 879 8399 1066 903 8400 1067 385 8401 368 383 8402 1066 903 8403 357 886 8404 369 382 8405 1068 384 8406 366 905 8407 368 383 8408 1067 385 8409 369 382 8410 367 906 8411 1069 902 8412 354 893 8413 366 905 8414 1069 902 8415 1068 384 8416 367 906 8417 1066 903 8418 356 887 8419 354 893 8420 1069 902 8421 355 891 8422 357 886 8423 1070 401 8424 1071 407 8425 386 406 8426 1070 401 8427 375 378 8428 387 404 8429 1072 402 8430 384 403 8431 386 406 8432 1072 402 8433 1071 407 8434 387 404 8435 1072 402 8436 1073 400 8437 372 376 8438 1072 402 8439 385 405 8440 373 375 8441 1073 400 8442 1070 401 8443 374 379 8444 1073 400 8445 373 375 8446 375 378 8447 1075 412 8448 382 414 8449 370 386 8450 1074 409 8451 371 387 8452 383 415 8453 1076 410 8454 380 411 8455 382 414 8456 1075 412 8457 383 415 8458 381 413 8459 1077 408 8460 368 383 8461 380 411 8462 1076 410 8463 381 413 8464 369 382 8465 1074 409 8466 370 386 8467 368 383 8468 1077 408 8469 369 382 8470 371 387 8471 1079 914 8472 378 918 8473 366 905 8474 1078 915 8475 367 906 8476 379 916 8477 1079 914 8478 1080 919 8479 376 917 8480 1080 919 8481 1079 914 8482 379 916 8483 1081 921 8484 364 908 8485 376 917 8486 1081 921 8487 1080 919 8488 377 920 8489 1078 915 8490 366 905 8491 364 908 8492 1081 921 8493 365 910 8494 367 906 8495 1083 427 8496 384 403 8497 372 376 8498 1083 427 8499 1082 425 8500 373 375 8501 1084 426 8502 382 414 8503 384 403 8504 1084 426 8505 1083 427 8506 385 405 8507 1085 424 8508 370 386 8509 382 414 8510 1084 426 8511 383 415 8512 371 387 8513 1085 424 8514 1082 425 8515 372 376 8516 1085 424 8517 371 387 8518 373 375 8519 1087 412 8520 380 411 8521 368 383 8522 1086 409 8523 369 382 8524 381 413 8525 1088 410 8526 378 918 8527 380 411 8528 1087 412 8529 381 413 8530 379 916 8531 1089 408 8532 366 905 8533 378 918 8534 1088 410 8535 379 916 8536 367 906 8537 1086 409 8538 368 383 8539 366 905 8540 1089 408 8541 367 906 8542 369 382 8543 1090 922 8544 1091 924 8545 394 923 8546 1091 924 8547 1090 922 8548 377 920 8549 1092 926 8550 392 929 8551 394 923 8552 1092 926 8553 1091 924 8554 395 925 8555 1093 928 8556 364 908 8557 392 929 8558 1092 926 8559 393 927 8560 365 910 8561 1093 928 8562 1090 922 8563 376 917 8564 1093 928 8565 365 910 8566 377 920 8567 1094 930 8568 1095 931 8569 392 929 8570 1095 931 8571 1094 930 8572 365 910 8573 1096 932 8574 390 935 8575 392 929 8576 1096 932 8577 1095 931 8578 393 927 8579 1097 934 8580 352 892 8581 390 935 8582 1096 932 8583 391 933 8584 353 895 8585 1097 934 8586 1094 930 8587 364 908 8588 1097 934 8589 353 895 8590 365 910 8591 1098 936 8592 1099 937 8593 390 935 8594 1099 937 8595 1098 936 8596 353 895 8597 1099 937 8598 1100 939 8599 388 938 8600 1100 939 8601 1099 937 8602 391 933 8603 1101 941 8604 340 865 8605 388 938 8606 1100 939 8607 389 940 8608 341 868 8609 1098 936 8610 352 892 8611 340 865 8612 1098 936 8613 1101 941 8614 341 868 8615 1103 942 8616 402 946 8617 394 923 8618 1102 943 8619 395 925 8620 403 944 8621 1104 945 8622 400 948 8623 402 946 8624 1104 945 8625 1103 942 8626 403 944 8627 1104 945 8628 1105 949 8629 392 929 8630 1105 949 8631 1104 945 8632 401 947 8633 1105 949 8634 1102 943 8635 394 923 8636 1105 949 8637 393 927 8638 395 925 8639 1107 950 8640 400 948 8641 392 929 8642 1106 951 8643 393 927 8644 401 947 8645 1108 952 8646 398 954 8647 400 948 8648 1108 952 8649 1107 950 8650 401 947 8651 1108 952 8652 1109 955 8653 390 935 8654 1109 955 8655 1108 952 8656 399 953 8657 1109 955 8658 1106 951 8659 392 929 8660 1109 955 8661 391 933 8662 393 927 8663 1111 956 8664 398 954 8665 390 935 8666 1110 957 8667 391 933 8668 399 953 8669 1111 956 8670 1112 959 8671 396 958 8672 1112 959 8673 1111 956 8674 399 953 8675 1112 959 8676 1113 961 8677 388 938 8678 1113 961 8679 1112 959 8680 397 960 8681 1110 957 8682 390 935 8683 388 938 8684 1113 961 8685 389 940 8686 391 933 8687 1115 962 8688 410 966 8689 402 946 8690 1115 962 8691 1114 963 8692 403 944 8693 1116 965 8694 408 968 8695 410 966 8696 1116 965 8697 1115 962 8698 411 964 8699 1116 965 8700 1117 969 8701 400 948 8702 1116 965 8703 409 967 8704 401 947 8705 1117 969 8706 1114 963 8707 402 946 8708 1117 969 8709 401 947 8710 403 944 8711 1119 970 8712 408 968 8713 400 948 8714 1119 970 8715 1118 971 8716 401 947 8717 1120 972 8718 406 974 8719 408 968 8720 1120 972 8721 1119 970 8722 409 967 8723 1120 972 8724 1121 975 8725 398 954 8726 1120 972 8727 407 973 8728 399 953 8729 1121 975 8730 1118 971 8731 400 948 8732 1121 975 8733 399 953 8734 401 947 8735 1123 976 8736 406 974 8737 398 954 8738 1123 976 8739 1122 977 8740 399 953 8741 1123 976 8742 1124 979 8743 404 978 8744 1124 979 8745 1123 976 8746 407 973 8747 1124 979 8748 1125 981 8749 396 958 8750 1124 979 8751 405 980 8752 397 960 8753 1122 977 8754 398 954 8755 396 958 8756 1125 981 8757 397 960 8758 399 953 8759 1126 982 8760 1127 985 8761 414 983 8762 1126 982 8763 289 735 8764 415 984 8765 1127 985 8766 1128 987 8767 422 986 8768 1128 987 8769 1127 985 8770 415 984 8771 1129 989 8772 286 719 8773 422 986 8774 1129 989 8775 1128 987 8776 423 988 8777 1126 982 8778 288 733 8779 286 719 8780 1126 982 8781 1129 989 8782 287 721 8783 1131 990 8784 278 731 8785 410 966 8786 1131 990 8787 1130 991 8788 411 964 8789 1132 992 8790 302 725 8791 278 731 8792 1132 992 8793 1131 990 8794 279 729 8795 1132 992 8796 1133 993 8797 408 968 8798 1132 992 8799 303 727 8800 409 967 8801 1130 991 8802 410 966 8803 408 968 8804 1130 991 8805 1133 993 8806 409 967 8807 1135 994 8808 302 725 8809 408 968 8810 1135 994 8811 1134 995 8812 409 967 8813 1136 996 8814 280 753 8815 302 725 8816 1136 996 8817 1135 994 8818 303 727 8819 1136 996 8820 1137 997 8821 406 974 8822 1136 996 8823 281 755 8824 407 973 8825 1134 995 8826 408 968 8827 406 974 8828 1134 995 8829 1137 997 8830 407 973 8831 1139 998 8832 280 753 8833 406 974 8834 1139 998 8835 1138 999 8836 407 973 8837 1139 998 8838 1140 1000 8839 282 715 8840 1140 1000 8841 1139 998 8842 281 755 8843 1140 1000 8844 1141 1001 8845 404 978 8846 1140 1000 8847 283 713 8848 405 980 8849 1138 999 8850 406 974 8851 404 978 8852 1141 1001 8853 405 980 8854 407 973 8855 1142 1002 8856 1143 1005 8857 412 1003 8858 1142 1002 8859 285 711 8860 413 1004 8861 1144 1006 8862 404 978 8863 412 1003 8864 1144 1006 8865 1143 1005 8866 413 1004 8867 1145 1007 8868 282 715 8869 404 978 8870 1144 1006 8871 405 980 8872 283 713 8873 1145 1007 8874 1142 1002 8875 284 709 8876 1145 1007 8877 283 713 8878 285 711 8879 1146 1008 8880 1147 1011 8881 418 1009 8882 1146 1008 8883 413 1004 8884 419 1010 8885 1148 1012 8886 396 958 8887 418 1009 8888 1148 1012 8889 1147 1011 8890 419 1010 8891 1149 1013 8892 404 978 8893 396 958 8894 1149 1013 8895 1148 1012 8896 397 960 8897 1149 1013 8898 1146 1008 8899 412 1003 8900 1146 1008 8901 1149 1013 8902 405 980 8903 1151 1014 8904 420 1018 8905 418 1009 8906 1151 1014 8907 1150 1015 8908 419 1010 8909 1152 1017 8910 388 938 8911 420 1018 8912 1151 1014 8913 421 1016 8914 389 940 8915 1153 1019 8916 396 958 8917 388 938 8918 1152 1017 8919 389 940 8920 397 960 8921 1153 1019 8922 1150 1015 8923 418 1009 8924 1153 1019 8925 397 960 8926 419 1010 8927 1155 1020 8928 340 865 8929 328 837 8930 1154 1021 8931 329 840 8932 341 868 8933 1155 1020 8934 1156 1022 8935 388 938 8936 1156 1022 8937 1155 1020 8938 341 868 8939 1156 1022 8940 1157 1023 8941 420 1018 8942 1156 1022 8943 389 940 8944 421 1016 8945 1154 1021 8946 328 837 8947 420 1018 8948 1154 1021 8949 1157 1023 8950 421 1016 8951 1159 1024 8952 416 1028 8953 420 1018 8954 1158 1025 8955 421 1016 8956 417 1026 8957 1160 1027 8958 316 810 8959 416 1028 8960 1160 1027 8961 1159 1024 8962 417 1026 8963 1161 1029 8964 328 837 8965 316 810 8966 1160 1027 8967 317 812 8968 329 840 8969 1161 1029 8970 1158 1025 8971 420 1018 8972 1161 1029 8973 329 840 8974 421 1016 8975 1163 1030 8976 414 983 8977 416 1028 8978 1162 1031 8979 417 1026 8980 415 984 8981 1164 1032 8982 304 786 8983 414 983 8984 1164 1032 8985 1163 1030 8986 415 984 8987 1164 1032 8988 1165 1033 8989 316 810 8990 1165 1033 8991 1164 1032 8992 305 788 8993 1165 1033 8994 1162 1031 8995 416 1028 8996 1165 1033 8997 317 812 8998 417 1026 8999 1167 1034 9000 290 739 9001 288 733 9002 1166 1035 9003 289 735 9004 291 741 9005 1167 1034 9006 1168 1036 9007 304 786 9008 1168 1036 9009 1167 1034 9010 291 741 9011 1168 1036 9012 1169 1037 9013 414 983 9014 1168 1036 9015 305 788 9016 415 984 9017 1166 1035 9018 288 733 9019 414 983 9020 1166 1035 9021 1169 1037 9022 415 984 9023 1170 1038 9024 1171 1041 9025 424 1039 9026 1170 1038 9027 417 1026 9028 425 1040 9029 1172 1042 9030 422 986 9031 424 1039 9032 1172 1042 9033 1171 1041 9034 425 1040 9035 1173 1043 9036 414 983 9037 422 986 9038 1173 1043 9039 1172 1042 9040 423 988 9041 1173 1043 9042 1170 1038 9043 416 1028 9044 1173 1043 9045 415 984 9046 417 1026 9047 1174 1044 9048 1175 1045 9049 286 719 9050 1174 1044 9051 285 711 9052 287 721 9053 1175 1045 9054 1176 1046 9055 422 986 9056 1175 1045 9057 287 721 9058 423 988 9059 1177 1047 9060 412 1003 9061 422 986 9062 1177 1047 9063 1176 1046 9064 423 988 9065 1174 1044 9066 284 709 9067 412 1003 9068 1174 1044 9069 1177 1047 9070 413 1004 9071 1179 1048 9072 420 1018 9073 416 1028 9074 1179 1048 9075 1178 1049 9076 417 1026 9077 1179 1048 9078 1180 1050 9079 418 1009 9080 1179 1048 9081 421 1016 9082 419 1010 9083 1180 1050 9084 1181 1051 9085 424 1039 9086 1180 1050 9087 419 1010 9088 425 1040 9089 1178 1049 9090 416 1028 9091 424 1039 9092 1178 1049 9093 1181 1051 9094 425 1040 9095 1183 1052 9096 412 1003 9097 418 1009 9098 1183 1052 9099 1182 1053 9100 419 1010 9101 1184 1054 9102 422 986 9103 412 1003 9104 1183 1052 9105 413 1004 9106 423 988 9107 1184 1054 9108 1185 1055 9109 424 1039 9110 1184 1054 9111 423 988 9112 425 1040 9113 1182 1053 9114 418 1009 9115 424 1039 9116 1182 1053 9117 1185 1055 9118 425 1040 9119</p>
        </triangles>
      </mesh>
    </geometry>
    <geometry id="Cube-mesh" name="Cube">
      <mesh>
        <source id="Cube-mesh-positions">
          <float_array id="Cube-mesh-positions-array" count="1242">3.879612 5.349766 0.270813 3.879612 5.349766 -0.1291866 3.879612 4.949766 0.270813 3.879612 4.949766 -0.1291866 4.088051 5.325578 0.270813 4.088051 5.325578 -0.1291866 4.036778 4.928877 0.270813 4.036778 4.928877 -0.1291866 4.291668 5.274872 0.270813 4.291668 5.274872 -0.1291866 4.18997 4.888016 0.270813 4.18997 4.888016 -0.1291866 4.487107 5.198484 0.270813 4.487107 5.198484 -0.1291866 4.336661 4.827855 0.270813 4.336661 4.827855 -0.1291866 4.671143 5.097676 0.270813 4.671143 5.097676 -0.1291866 4.474431 4.749388 0.270813 4.474431 4.749388 -0.1291866 4.840737 4.97411 0.270813 4.840737 4.97411 -0.1291866 4.601004 4.65391 0.270813 4.601004 4.65391 -0.1291866 4.993096 4.829823 0.270813 4.993096 4.829823 -0.1291866 4.714297 4.542994 0.270813 4.714297 4.542994 -0.1291866 5.125702 4.667198 0.270813 5.125702 4.667198 -0.1291866 4.812438 4.418471 0.270813 4.812438 4.418471 -0.1291866 5.236369 4.488918 0.270813 5.236369 4.488918 -0.1291866 4.893807 4.282396 0.270813 4.893807 4.282396 -0.1291866 5.323271 4.297922 0.270813 5.323271 4.297922 -0.1291866 4.957064 4.137013 0.270813 4.957064 4.137013 -0.1291866 5.384976 4.097363 0.270813 5.384976 4.097363 -0.1291866 5.001164 3.984722 0.270813 5.001164 3.984722 -0.1291866 5.420462 3.890549 0.270813 5.420462 3.890549 -0.1291866 5.025378 3.828034 0.270813 5.025378 3.828034 -0.1291866 5.429148 3.680893 0.270813 5.429148 3.680893 -0.1291866 5.029309 3.669536 0.270813 5.029309 3.669536 -0.1291866 0.2796129 5.349766 -0.1291866 0.2796129 4.949766 0.270813 0.2796129 4.949766 -0.1291866 0.2796129 5.349766 0.270813 5.502968 1.081941 0.270813 5.502968 1.081941 -0.1291866 5.103131 1.070583 0.270813 5.103131 1.070583 -0.1291866 0.2796129 4.949766 5.070812 0.2796129 5.349766 5.070812 5.502968 1.010168 0.2680473 5.502968 0.9585514 -0.1286077 5.103131 0.9989052 0.2695131 5.103131 0.9472885 -0.1271419 5.502968 0.9386377 0.2745667 5.502968 0.8362675 -0.112112 5.103131 0.927659 0.2774735 5.103131 0.8252888 -0.1092052 5.502968 0.8685474 0.2902622 5.502968 0.7171345 -0.07997322 5.103131 0.8580351 0.2945614 5.103131 0.7066231 -0.07567405 5.502968 0.8010683 0.3148708 5.502968 0.6031456 -0.03273105 5.103131 0.7911978 0.3204918 5.103131 0.593277 -0.02711105 5.502968 0.7373285 0.3479815 5.502968 0.4962063 0.02882575 5.103131 0.7282658 0.3548279 5.103131 0.4871445 0.03567218 5.502968 0.6783943 0.38904 5.502968 0.3981037 0.1036682 5.103131 0.6702919 0.3969984 5.103131 0.3900013 0.1116266 5.502968 0.6252518 0.4373608 5.502968 0.3104792 0.1905441 5.103131 0.6182432 0.4462977 5.103131 0.3034716 0.199481 5.502968 0.5787888 0.4921341 5.502968 0.2347984 0.2880001 5.103131 0.5729914 0.5019016 5.103131 0.2290019 0.2977657 5.502968 0.5397816 0.5524464 5.502968 0.1723251 0.3944092 5.103131 0.5352936 0.5628796 5.103131 0.167838 0.4048405 5.502968 0.5088844 0.6172876 5.502968 0.1241064 0.507988 5.103131 0.5057802 0.6282129 5.103131 0.1210031 0.5189123 5.502968 0.4866123 0.6855736 5.502968 0.09094619 0.6268396 5.103131 0.4849434 0.6968079 5.103131 0.08927917 0.638073 5.502968 0.4733381 0.7561627 5.502968 0.07340145 0.7489767 5.103131 0.4731331 0.767519 5.103131 0.07319736 0.7603321 5.622221 0.3979168 4.953793 5.622221 -0.002019882 4.946606 5.222382 0.3977118 4.965147 5.222382 -0.002223968 4.957962 5.56956 0.3979168 5.294449 5.570448 -0.002019882 5.287319 5.171387 0.3977118 5.256247 5.172276 -0.002223968 5.249115 5.475152 0.3979168 5.625973 5.476918 -0.002019882 5.619007 5.084767 0.3977118 5.538799 5.086531 -0.002223968 5.531832 5.340453 0.3979168 5.943268 5.343066 -0.002019882 5.936575 4.963852 0.3977118 5.808462 4.966465 -0.002223968 5.801767 5.167529 0.3979168 6.241459 5.17095 -0.002019882 6.23514 4.810502 0.3977118 6.061094 4.813923 -0.002223968 6.054773 4.95904 0.3979168 6.515964 4.963217 -0.002019882 6.510117 4.627074 0.3977118 6.29281 4.631249 -0.002223968 6.286962 4.718188 0.3979168 6.762566 4.723057 -0.002019882 6.757278 4.416384 0.3977118 6.500051 4.421252 -0.002223968 6.494766 4.448678 0.3979168 6.97747 4.454163 -0.002019882 6.972828 4.181672 0.3977118 6.679632 4.187155 -0.002223968 6.67499 4.154646 0.3979168 7.157379 4.160664 -0.002019882 7.15345 3.926543 0.3977118 6.828793 3.932559 -0.002223968 6.824863 3.840617 0.3979168 7.299524 3.847075 -0.002019882 7.296371 3.654921 0.3977118 6.945242 3.661377 -0.002223968 6.942087 3.511412 0.3979168 7.401724 3.51821 -0.002019882 7.399395 3.370978 0.3977118 7.027187 3.377774 -0.002223968 7.024857 3.172091 0.3979168 7.462406 3.179125 -0.002019882 7.460936 3.079077 0.3977118 7.073374 3.08611 -0.002223968 7.071899 2.82787 0.3979168 7.480638 2.835032 -0.002019882 7.480051 2.783705 0.3977118 7.083088 2.790865 -0.002223968 7.082495 0.2796129 4.932121 5.33209 0.2796129 5.32856 5.385344 0.2796129 4.879848 5.588694 0.2796129 5.265669 5.694252 0.2796129 4.793879 5.836052 0.2796129 5.16221 5.992037 0.2796129 4.675743 6.069763 0.2796129 5.020028 6.273397 0.2796129 4.527542 6.285665 0.2796129 4.841653 6.533323 0.2796129 4.351918 6.479916 0.2796129 4.63026 6.767189 0.2796129 4.151996 6.649055 0.2796129 4.389614 6.970829 0.2796129 3.931334 6.790073 0.2796129 4.123999 7.140615 0.2796129 3.693863 6.900457 0.2796129 3.838143 7.273531 0.2796129 3.44381 6.978245 0.2796129 3.537137 7.367205 0.2796129 3.185627 7.022047 0.2796129 3.226339 7.41997 0.2796129 2.923911 7.031086 0.2796129 2.911283 7.430887 0.3163008 -0.002223968 7.082495 0.315226 0.3977118 7.083088 0.3218511 0.3979168 7.480638 0.3229259 -0.002019882 7.480051 -3.879612 5.349766 0.270813 -3.879612 5.349766 -0.1291866 -3.879612 4.949766 0.270813 -3.879612 4.949766 -0.1291866 0 5.349766 0.270813 0 5.349766 -0.1291866 0 4.949766 0.270813 0 4.949766 -0.1291866 -4.088051 5.325578 0.270813 -4.088051 5.325578 -0.1291866 -4.036778 4.928877 0.270813 -4.036778 4.928877 -0.1291866 -4.291668 5.274872 0.270813 -4.291668 5.274872 -0.1291866 -4.18997 4.888016 0.270813 -4.18997 4.888016 -0.1291866 -4.487107 5.198484 0.270813 -4.487107 5.198484 -0.1291866 -4.336661 4.827855 0.270813 -4.336661 4.827855 -0.1291866 -4.671143 5.097676 0.270813 -4.671143 5.097676 -0.1291866 -4.474431 4.749388 0.270813 -4.474431 4.749388 -0.1291866 -4.840737 4.97411 0.270813 -4.840737 4.97411 -0.1291866 -4.601004 4.65391 0.270813 -4.601004 4.65391 -0.1291866 -4.993096 4.829823 0.270813 -4.993096 4.829823 -0.1291866 -4.714297 4.542994 0.270813 -4.714297 4.542994 -0.1291866 -5.125702 4.667198 0.270813 -5.125702 4.667198 -0.1291866 -4.812438 4.418471 0.270813 -4.812438 4.418471 -0.1291866 -5.236369 4.488918 0.270813 -5.236369 4.488918 -0.1291866 -4.893807 4.282396 0.270813 -4.893807 4.282396 -0.1291866 -5.323271 4.297922 0.270813 -5.323271 4.297922 -0.1291866 -4.957064 4.137013 0.270813 -4.957064 4.137013 -0.1291866 -5.384976 4.097363 0.270813 -5.384976 4.097363 -0.1291866 -5.001164 3.984722 0.270813 -5.001164 3.984722 -0.1291866 -5.420462 3.890549 0.270813 -5.420462 3.890549 -0.1291866 -5.025378 3.828034 0.270813 -5.025378 3.828034 -0.1291866 -5.429148 3.680893 0.270813 -5.429148 3.680893 -0.1291866 -5.029309 3.669536 0.270813 -5.029309 3.669536 -0.1291866 -0.2796129 5.349766 -0.1291866 -0.2796129 4.949766 0.270813 -0.2796129 4.949766 -0.1291866 -0.2796129 5.349766 0.270813 -5.502968 1.081941 0.270813 -5.502968 1.081941 -0.1291866 -5.103131 1.070583 0.270813 -5.103131 1.070583 -0.1291866 0 5.349766 5.070812 0 4.949766 5.070812 -0.2796129 4.949766 5.070812 -0.2796129 5.349766 5.070812 -5.502968 1.010168 0.2680473 -5.502968 0.9585514 -0.1286077 -5.103131 0.9989052 0.2695131 -5.103131 0.9472885 -0.1271419 -5.502968 0.9386377 0.2745667 -5.502968 0.8362675 -0.112112 -5.103131 0.927659 0.2774735 -5.103131 0.8252888 -0.1092052 -5.502968 0.8685474 0.2902622 -5.502968 0.7171345 -0.07997322 -5.103131 0.8580351 0.2945614 -5.103131 0.7066231 -0.07567405 -5.502968 0.8010683 0.3148708 -5.502968 0.6031456 -0.03273105 -5.103131 0.7911978 0.3204918 -5.103131 0.593277 -0.02711105 -5.502968 0.7373285 0.3479815 -5.502968 0.4962063 0.02882575 -5.103131 0.7282658 0.3548279 -5.103131 0.4871445 0.03567218 -5.502968 0.6783943 0.38904 -5.502968 0.3981037 0.1036682 -5.103131 0.6702919 0.3969984 -5.103131 0.3900013 0.1116266 -5.502968 0.6252518 0.4373608 -5.502968 0.3104792 0.1905441 -5.103131 0.6182432 0.4462977 -5.103131 0.3034716 0.199481 -5.502968 0.5787888 0.4921341 -5.502968 0.2347984 0.2880001 -5.103131 0.5729914 0.5019016 -5.103131 0.2290019 0.2977657 -5.502968 0.5397816 0.5524464 -5.502968 0.1723251 0.3944092 -5.103131 0.5352936 0.5628796 -5.103131 0.167838 0.4048405 -5.502968 0.5088844 0.6172876 -5.502968 0.1241064 0.507988 -5.103131 0.5057802 0.6282129 -5.103131 0.1210031 0.5189123 -5.502968 0.4866123 0.6855736 -5.502968 0.09094619 0.6268396 -5.103131 0.4849434 0.6968079 -5.103131 0.08927917 0.638073 -5.502968 0.4733381 0.7561627 -5.502968 0.07340145 0.7489767 -5.103131 0.4731331 0.767519 -5.103131 0.07319736 0.7603321 -5.622221 0.3979168 4.953793 -5.622221 -0.002019882 4.946606 -5.222382 0.3977118 4.965147 -5.222382 -0.002223968 4.957962 -5.56956 0.3979168 5.294449 -5.570448 -0.002019882 5.287319 -5.171387 0.3977118 5.256247 -5.172276 -0.002223968 5.249115 -5.475152 0.3979168 5.625973 -5.476918 -0.002019882 5.619007 -5.084767 0.3977118 5.538799 -5.086531 -0.002223968 5.531832 -5.340453 0.3979168 5.943268 -5.343066 -0.002019882 5.936575 -4.963852 0.3977118 5.808462 -4.966465 -0.002223968 5.801767 -5.167529 0.3979168 6.241459 -5.17095 -0.002019882 6.23514 -4.810502 0.3977118 6.061094 -4.813923 -0.002223968 6.054773 -4.95904 0.3979168 6.515964 -4.963217 -0.002019882 6.510117 -4.627074 0.3977118 6.29281 -4.631249 -0.002223968 6.286962 -4.718188 0.3979168 6.762566 -4.723057 -0.002019882 6.757278 -4.416384 0.3977118 6.500051 -4.421252 -0.002223968 6.494766 -4.448678 0.3979168 6.97747 -4.454163 -0.002019882 6.972828 -4.181672 0.3977118 6.679632 -4.187155 -0.002223968 6.67499 -4.154646 0.3979168 7.157379 -4.160664 -0.002019882 7.15345 -3.926543 0.3977118 6.828793 -3.932559 -0.002223968 6.824863 -3.840617 0.3979168 7.299524 -3.847075 -0.002019882 7.296371 -3.654921 0.3977118 6.945242 -3.661377 -0.002223968 6.942087 -3.511412 0.3979168 7.401724 -3.51821 -0.002019882 7.399395 -3.370978 0.3977118 7.027187 -3.377774 -0.002223968 7.024857 -3.172091 0.3979168 7.462406 -3.179125 -0.002019882 7.460936 -3.079077 0.3977118 7.073374 -3.08611 -0.002223968 7.071899 -2.82787 0.3979168 7.480638 -2.835032 -0.002019882 7.480051 -2.783705 0.3977118 7.083088 -2.790865 -0.002223968 7.082495 0 0.3979168 7.480638 0 -0.002019882 7.480051 0 0.3977118 7.083088 0 -0.002223968 7.082495 0 5.32856 5.385344 0 4.932121 5.33209 -0.2796129 4.932121 5.33209 -0.2796129 5.32856 5.385344 0 5.265669 5.694252 0 4.879848 5.588694 -0.2796129 4.879848 5.588694 -0.2796129 5.265669 5.694252 0 5.16221 5.992037 0 4.793879 5.836052 -0.2796129 4.793879 5.836052 -0.2796129 5.16221 5.992037 0 5.020028 6.273397 0 4.675743 6.069763 -0.2796129 4.675743 6.069763 -0.2796129 5.020028 6.273397 0 4.841653 6.533323 0 4.527542 6.285665 -0.2796129 4.527542 6.285665 -0.2796129 4.841653 6.533323 0 4.63026 6.767189 0 4.351918 6.479916 -0.2796129 4.351918 6.479916 -0.2796129 4.63026 6.767189 0 4.389614 6.970829 0 4.151996 6.649055 -0.2796129 4.151996 6.649055 -0.2796129 4.389614 6.970829 0 4.123999 7.140615 0 3.931334 6.790073 -0.2796129 3.931334 6.790073 -0.2796129 4.123999 7.140615 0 3.838143 7.273531 0 3.693863 6.900457 -0.2796129 3.693863 6.900457 -0.2796129 3.838143 7.273531 0 3.537137 7.367205 0 3.44381 6.978245 -0.2796129 3.44381 6.978245 -0.2796129 3.537137 7.367205 0 3.226339 7.41997 0 3.185627 7.022047 -0.2796129 3.185627 7.022047 -0.2796129 3.226339 7.41997 0 2.911283 7.430887 0 2.923911 7.031086 -0.2796129 2.923911 7.031086 -0.2796129 2.911283 7.430887 -0.3163008 -0.002223968 7.082495 -0.315226 0.3977118 7.083088 -0.3218511 0.3979168 7.480638 -0.3229259 -0.002019882 7.480051</float_array>
          <technique_common>
            <accessor source="#Cube-mesh-positions-array" count="414" stride="3">
              <param name="X" type="float"/>
              <param name="Y" type="float"/>
              <param name="Z" type="float"/>
            </accessor>
          </technique_common>
        </source>
        <source id="Cube-mesh-normals">
          <float_array id="Cube-mesh-normals-array" count="1230">0.301503 0.9045396 0.301503 0.7147709 -0.6989617 -0.02356117 0.301503 -0.9045396 0.301503 0.3333334 -0.6666668 -0.6666668 0 -0.7071068 -0.7071068 0.04153639 0.7184488 -0.6943387 0 0.7071068 -0.7071068 -0.04565685 -0.6901026 -0.72227 -0.1350482 -0.6787509 0.7218443 -0.04565685 -0.6901026 0.72227 0.2187938 0.6869923 0.6929436 0.1289122 0.7093833 0.6929336 0.04153639 0.7184488 0.6943387 0.1289122 0.7093833 -0.6929336 -0.1350482 -0.6787509 -0.7218443 -0.2209316 -0.6558364 -0.7218504 0.3050385 0.6532921 -0.6929365 -0.3031804 -0.6221088 -0.7218465 0.2187938 0.6869923 -0.6929436 -0.2209316 -0.6558364 0.7218504 -0.3031804 -0.6221088 0.7218465 0.3862794 0.6087937 0.6929347 0.3050385 0.6532921 0.6929365 0.4611161 0.554261 -0.6929407 0.3862794 0.6087937 -0.6929347 -0.3804214 -0.5781245 -0.7218392 -0.3804214 -0.5781245 0.7218392 -0.4513872 -0.5245736 -0.7218533 0.5283563 0.4905729 -0.6929488 -0.514896 -0.4624022 -0.7218493 -0.45138 -0.5245957 0.7218418 0.4611161 0.554261 0.6929407 -0.514896 -0.4624022 0.7218493 0.5868834 0.4188144 0.6929376 0.5283563 0.4905729 0.6929488 -0.569925 -0.392575 -0.7218521 0.6357363 0.3401316 -0.6929285 -0.6155444 -0.3163024 -0.7218434 0.5868834 0.4188144 -0.6929376 -0.569925 -0.392575 0.7218521 -0.6510102 -0.234786 0.7218459 -0.6155504 -0.316275 0.7218503 0.635743 0.3401046 0.6929358 0.7013241 0.1673045 0.6929314 0.6740829 0.255814 0.692944 0.6740829 0.255814 -0.692944 -0.6510102 -0.234786 -0.7218459 -0.6757337 -0.1493933 -0.7218488 0.7169824 0.07602274 -0.6929335 -0.6893128 -0.06152725 -0.7218465 0.7013241 0.1673045 -0.6929314 -0.6757337 -0.1493933 0.7218488 -0.6893128 -0.06152725 0.7218465 0.7081409 0.02472066 0.7056383 0.7169824 0.07602274 0.6929335 -0.7072564 -0.0187999 0.7067071 0.706202 -0.003357052 0.7080025 0.7081409 0.02472066 -0.7056383 -0.7072564 -0.0187999 -0.7067071 0.4472014 0.8944334 0 0.3333334 0.6666668 -0.6666668 -0.7010239 -0.01736533 0.7129264 0.7223843 0.01809775 0.691255 0.7097166 0.008423209 -0.7044369 -0.7023717 -0.01513755 -0.7116495 0.6923968 0.7150424 0.09644174 0.7224454 -0.6852123 -0.09250301 0.6996174 0.714114 0.0240184 0.455039 -0.8899661 -0.0300002 0.4472014 -0.8944334 0 -0.6938787 -0.05847424 -0.717714 0.6927536 -0.1424022 -0.7069755 -0.6938795 -0.1506111 -0.7041645 0.6927609 -0.04996031 -0.7194349 -0.7205635 0.03225898 0.6926382 -0.7205607 0.1213752 0.6826862 0.7223975 0.1944094 0.6635864 0.7223855 0.1071523 0.6831381 -0.693884 -0.2402164 -0.678838 0.6927595 -0.3185918 -0.6469804 -0.6938782 -0.3257895 -0.6421792 0.6927577 -0.232435 -0.6826864 -0.7205687 0.2084796 0.6612995 -0.7205651 0.3707507 0.5859436 -0.7205595 0.2920692 0.6288797 0.7223896 0.2783962 0.6329683 0.7223993 0.43112 0.5406245 0.7223963 0.3577494 0.5917423 0.6927707 -0.3994136 -0.600448 -0.6938856 -0.4059365 -0.5947591 -0.6938775 -0.4792992 -0.5374072 0.6927568 -0.5397942 -0.4782369 -0.6938791 -0.5446414 -0.4710602 0.6927611 -0.4735704 -0.5438872 -0.7205648 0.4432954 0.5331752 -0.7205597 0.5083898 0.4715226 0.7223861 0.5551416 0.4122819 0.722397 0.497285 0.4804688 -0.7205672 0.5649784 0.4019733 0.7223937 0.6037039 0.3371781 0.6927647 -0.5969942 -0.404568 -0.693874 -0.6008834 -0.3968351 -0.6938821 -0.6470658 -0.3159642 0.692763 -0.6806467 -0.238327 -0.6938754 -0.6824309 -0.2298371 0.6927649 -0.6442082 -0.3241489 -0.7205653 0.6121295 0.325704 -0.7205551 0.649049 0.2439999 0.7223876 0.6698947 0.1714564 0.7223979 0.642162 0.2564558 0.6927688 -0.7057092 -0.1484788 0.7239422 0.6872278 0.06021404 0.6895865 -0.7210214 -0.06781417 -0.6938748 -0.7063876 -0.139837 -0.720571 0.6750966 0.1581838 -0.6986258 -0.7142214 -0.04254436 0.7227973 -0.6900497 0.03735607 -0.6796848 -0.7315058 -0.05410987 -0.7260299 0.6838518 0.07230079 0.7037127 -0.6940381 0.1519858 -0.6747103 -0.7206107 -0.159644 -0.6832889 0.7288537 -0.04345899 0.7268666 0.6848117 0.051943 -0.6731982 0.721602 -0.1615394 -0.6497762 -0.7206104 -0.2418921 -0.6480429 0.7215939 -0.2436035 0.7040542 0.6932199 0.1541234 0.6446592 0.6932154 0.3222838 0.6795787 0.693221 0.2400362 0.6795094 -0.6940365 0.2378664 -0.614837 -0.7206161 -0.3204501 0.600284 -0.6940393 0.3974528 -0.5704624 -0.7206162 -0.3940622 0.6448465 -0.6940439 0.320119 -0.6129176 0.7215965 -0.3219168 -0.568364 0.7216023 -0.3952881 0.545775 0.6932133 0.4707283 0.5998305 0.6932201 0.3995614 -0.5151073 0.7216019 -0.4625528 0.483335 0.6932167 0.5346381 0.5465014 -0.6940296 0.4686783 -0.5173308 -0.7206192 -0.4616028 -0.4562343 -0.7206239 -0.5220647 0.4146635 -0.6940357 0.588531 -0.3881383 -0.7206104 -0.5745168 0.4843109 -0.6940395 0.532684 -0.4539151 0.7216008 -0.5227364 -0.3857344 0.7216001 -0.5748935 0.3372438 0.6932269 0.6369483 0.4134745 0.6932138 0.5903335 0.2574585 -0.6940332 0.6723341 0.338669 -0.6940319 0.6353134 -0.314069 -0.72061 -0.6181278 -0.3116343 0.7216023 -0.6182023 -0.2351809 -0.7206192 -0.6522256 0.1723117 -0.6940385 0.6990131 -0.152655 -0.7206097 -0.676327 -0.2327696 0.7215951 -0.6520115 0.2558464 0.6932239 0.6737828 -0.1503085 0.721603 -0.6757933 0.08255493 0.6932175 0.715985 0.1705119 0.6932178 0.7002678 -0.06781357 -0.7206184 -0.6900076 0.01956284 -0.7013029 0.7125951 -0.01232981 -0.7107059 -0.7033812 0.08447664 -0.6940334 0.7149695 -0.06552433 0.7215917 -0.6892111 0.3047617 0.2974371 -0.9047937 0.3332452 -0.6663682 -0.6670091 0.4497348 -0.008514881 -0.8931217 -0.01141411 0.7110626 -0.7030361 0.01864713 0.701023 0.7128949 0.7036821 0.02453744 0.7100912 0.707214 -0.01464903 -0.7068478 0.299059 0.3161194 0.9003512 0.3333944 -0.6669718 0.6663309 0 -0.7074425 0.7067711 0 -0.7067558 -0.7074577 0.6923932 0.6958419 0.1907767 0.7224402 -0.6668044 -0.1828989 0.4396942 0.8976392 0.03021425 0.4630371 -0.8783727 -0.118567 0.432586 0.8695057 0.2383892 0.6923895 0.6642508 0.2817229 0.4325768 0.8935057 0.1205196 0.4630323 -0.8547726 -0.2344459 0.4325776 0.8300278 0.3520377 0.6923893 0.6208217 0.3676649 0.4630404 -0.8159363 -0.3461816 0.722452 -0.6365098 -0.2700344 0.7224559 -0.5948847 -0.3523773 0.6923896 0.5663452 0.4470456 0.7224408 -0.5426852 -0.4284533 0.4630413 -0.7625898 -0.4517186 0.4325876 0.7076931 0.558604 0.6923879 0.5017959 0.5184593 0.4325806 0.7757701 0.459407 0.4630407 -0.6956597 -0.5492275 0.7224521 -0.4808005 -0.4968842 0.463033 -0.5260546 -0.7133492 0.4630376 -0.6163358 -0.6369667 0.7224473 -0.4103593 -0.5564846 0.6923854 0.3471846 0.6325072 0.7224428 -0.3326252 -0.6061658 0.6923936 0.4282788 0.5806621 0.4325792 0.6270171 0.6478618 0.4325801 0.4338313 0.7903575 0.6923889 0.2598709 0.6731008 0.4325814 0.5351875 0.7255673 0.4630345 -0.4263811 -0.7770445 0.722444 -0.2489734 -0.645048 0.6923932 0.1679481 0.7017017 0.722445 -0.1608654 -0.6724549 0.4630383 -0.31914 -0.826889 0.4325826 0.3247269 0.8410855 0.4630375 -0.2062183 -0.8620152 0.4325819 0.09125298 0.8969649 0.6923927 0.07303279 0.7178153 0.4325858 0.2098532 0.8768302 0.4630401 -0.08960491 -0.8817965 0.72244 -0.06988793 -0.6878927 0.4488109 -0.02459818 -0.8932881 0.4448165 0.008179128 0.8955844 -0.7147709 -0.6989617 -0.02356117 -0.301503 0.9045396 0.301503 -0.301503 -0.9045396 0.301503 -0.04153639 0.7184488 -0.6943387 0.1350482 -0.6787509 0.7218443 0.04565685 -0.6901026 -0.72227 0.04565685 -0.6901026 0.72227 -0.2187938 0.6869923 0.6929436 -0.1289122 0.7093833 0.6929336 -0.1289122 0.7093833 -0.6929336 -0.04153639 0.7184488 0.6943387 0.2209316 -0.6558364 -0.7218504 -0.3050385 0.6532921 -0.6929365 -0.2187938 0.6869923 -0.6929436 0.1350482 -0.6787509 -0.7218443 0.2209316 -0.6558364 0.7218504 -0.3862794 0.6087937 0.6929347 0.3031804 -0.6221088 0.7218465 -0.3050385 0.6532921 0.6929365 -0.4611161 0.554261 -0.6929407 -0.3862794 0.6087937 -0.6929347 0.3031804 -0.6221088 -0.7218465 0.3804214 -0.5781245 0.7218392 0.4513872 -0.5245736 -0.7218533 -0.5283563 0.4905729 -0.6929488 0.3804214 -0.5781245 -0.7218392 0.45138 -0.5245957 0.7218418 -0.4611161 0.554261 0.6929407 -0.5868834 0.4188144 0.6929376 0.514896 -0.4624022 0.7218493 -0.5283563 0.4905729 0.6929488 0.569925 -0.392575 -0.7218521 -0.6357363 0.3401316 -0.6929285 -0.5868834 0.4188144 -0.6929376 0.514896 -0.4624022 -0.7218493 0.569925 -0.392575 0.7218521 0.6510102 -0.234786 0.7218459 0.6155444 -0.3163024 -0.7218434 0.6155504 -0.316275 0.7218503 -0.635743 0.3401046 0.6929358 -0.7013241 0.1673045 0.6929314 -0.6740829 0.255814 0.692944 -0.6740829 0.255814 -0.692944 0.6757337 -0.1493933 -0.7218488 -0.7169824 0.07602274 -0.6929335 -0.7013241 0.1673045 -0.6929314 0.6510102 -0.234786 -0.7218459 0.6757337 -0.1493933 0.7218488 -0.7081409 0.02472066 0.7056383 0.6893128 -0.06152725 0.7218465 -0.7169824 0.07602274 0.6929335 -0.706202 -0.003357052 0.7080025 0.7072564 -0.0187999 0.7067071 -0.7081409 0.02472066 -0.7056383 0.6893128 -0.06152725 -0.7218465 -0.7223843 0.01809775 0.691255 0.7010239 -0.01736533 0.7129264 -0.7097166 0.008423209 -0.7044369 0.7072564 -0.0187999 -0.7067071 -0.6923968 0.7150424 0.09644174 -0.6996174 0.714114 0.0240184 0.6938787 -0.05847424 -0.717714 -0.6927536 -0.1424022 -0.7069755 -0.6927609 -0.04996031 -0.7194349 0.7023717 -0.01513755 -0.7116495 0.7205635 0.03225898 0.6926382 -0.7223975 0.1944094 0.6635864 0.7205607 0.1213752 0.6826862 -0.7223855 0.1071523 0.6831381 0.693884 -0.2402164 -0.678838 -0.6927595 -0.3185918 -0.6469804 -0.6927577 -0.232435 -0.6826864 0.6938795 -0.1506111 -0.7041645 0.7205687 0.2084796 0.6612995 0.720557 0.3707771 0.585937 0.6938782 -0.3257895 -0.6421792 0.7205595 0.2920692 0.6288797 -0.7223896 0.2783962 0.6329683 -0.7223993 0.43112 0.5406245 -0.7223963 0.3577494 0.5917423 -0.6927707 -0.3994136 -0.600448 0.6938775 -0.4792992 -0.5374072 -0.6927568 -0.5397942 -0.4782369 -0.6927611 -0.4735704 -0.5438872 0.6938856 -0.4059365 -0.5947591 0.7205648 0.4432954 0.5331752 -0.7223861 0.5551416 0.4122819 0.7205597 0.5083898 0.4715226 -0.722397 0.497285 0.4804688 -0.7223937 0.6037039 0.3371781 0.7205672 0.5649784 0.4019733 0.6938791 -0.5446414 -0.4710602 -0.6927647 -0.5969942 -0.404568 0.6938821 -0.6470658 -0.3159642 -0.692763 -0.6806467 -0.238327 -0.6927649 -0.6442082 -0.3241489 0.693874 -0.6008834 -0.3968351 0.7205653 0.6121295 0.325704 -0.7223876 0.6698947 0.1714564 0.7205551 0.649049 0.2439999 -0.7223979 0.642162 0.2564558 -0.6927688 -0.7057092 -0.1484788 -0.7239422 0.6872278 0.06021404 0.6938754 -0.6824309 -0.2298371 0.720571 0.6750966 0.1581838 0.6986258 -0.7142214 -0.04254436 -0.7227973 -0.6900497 0.03735607 -0.6895865 -0.7210214 -0.06781417 0.6938748 -0.7063876 -0.139837 0.7260299 0.6838518 0.07230079 0.6796848 -0.7315058 -0.05410987 -0.7037127 -0.6940381 0.1519858 0.6832889 0.7288537 -0.04345899 0.6731982 0.721602 -0.1615394 0.6497762 -0.7206104 -0.2418921 0.6747103 -0.7206107 -0.159644 -0.7040542 0.6932199 0.1541234 -0.7268666 0.6848117 0.051943 -0.6446592 0.6932154 0.3222838 0.6480429 0.7215939 -0.2436035 -0.6795787 0.693221 0.2400362 -0.6795094 -0.6940365 0.2378664 0.614837 -0.7206161 -0.3204501 -0.600284 -0.6940393 0.3974528 -0.6448465 -0.6940439 0.320119 -0.545775 0.6932133 0.4707283 0.568364 0.7216023 -0.3952881 -0.5998305 0.6932201 0.3995614 0.6129176 0.7215965 -0.3219168 0.5704624 -0.7206162 -0.3940622 -0.483335 0.6932167 0.5346381 0.5151073 0.7216019 -0.4625528 -0.5465014 -0.6940296 0.4686783 0.5173308 -0.7206192 -0.4616028 0.4562343 -0.7206239 -0.5220647 -0.4146635 -0.6940357 0.588531 -0.4843109 -0.6940395 0.532684 -0.3372438 0.6932269 0.6369483 0.3857344 0.7216001 -0.5748935 -0.4134745 0.6932138 0.5903335 0.4539151 0.7216008 -0.5227364 0.3881383 -0.7206104 -0.5745168 -0.2574585 -0.6940332 0.6723341 -0.338669 -0.6940319 0.6353134 0.314069 -0.72061 -0.6181278 0.2351809 -0.7206192 -0.6522256 -0.1723117 -0.6940385 0.6990131 0.3116343 0.7216023 -0.6182023 -0.2558464 0.6932239 0.6737828 -0.08255493 0.6932175 0.715985 0.1503085 0.721603 -0.6757933 -0.1705119 0.6932178 0.7002678 0.2327696 0.7215951 -0.6520115 0.152655 -0.7206097 -0.676327 0.06781357 -0.7206184 -0.6900076 -0.01956284 -0.7013029 0.7125951 -0.08447664 -0.6940334 0.7149695 -0.3047617 0.2974371 -0.9047937 0.06552433 0.7215917 -0.6892111 0.01232981 -0.7107059 -0.7033812 -0.01864713 0.701023 0.7128949 -0.7036821 0.02453744 0.7100912 -0.707214 -0.01464903 -0.7068478 -0.299059 0.3161194 0.9003512 -0.7224454 -0.6852123 -0.09250301 -0.6923932 0.6958419 0.1907767 -0.6923895 0.6642508 0.2817229 -0.6923893 0.6208217 0.3676649 -0.7224402 -0.6668044 -0.1828989 -0.7224559 -0.5948847 -0.3523773 -0.6923896 0.5663452 0.4470456 -0.722452 -0.6365098 -0.2700344 -0.6923879 0.5017959 0.5184593 -0.7224521 -0.4808005 -0.4968842 -0.7224408 -0.5426852 -0.4284533 -0.7224473 -0.4103593 -0.5564846 -0.6923854 0.3471846 0.6325072 -0.6923936 0.4282788 0.5806621 -0.6923889 0.2598709 0.6731008 -0.722444 -0.2489734 -0.645048 -0.6923932 0.1679481 0.7017017 -0.7224428 -0.3326252 -0.6061658 -0.6923927 0.07303279 0.7178153 -0.722445 -0.1608654 -0.6724549 -0.72244 -0.06988793 -0.6878927 0.4455177 0.02435421 0.8949418 0.01141411 0.7110626 -0.7030361</float_array>
          <technique_common>
            <accessor source="#Cube-mesh-normals-array" count="410" stride="3">
              <param name="X" type="float"/>
              <param name="Y" type="float"/>
              <param name="Z" type="float"/>
            </accessor>
          </technique_common>
        </source>
        <source id="Cube-mesh-map-0">
          <float_array id="Cube-mesh-map-0-array" count="5184">0.85 0.5 0.85 0.75 0.85 0.75 0.625 0.975 0.375 1 0.375 0.975 0.375 0.5 0.15 0.75 0.15 0.5 0.375 0.75 0.625 0.75 0.625 0.75 0.625 0.275 0.375 0.5 0.375 0.275 0.625 0.75 0.625 0.5 0.625 0.5 0.625 0.5 0.375 0.5 0.375 0.5 0.375 0.75 0.375 0.5 0.375 0.75 0.625 0.75 0.625 0.5 0.625 0.5 0.375 0.75 0.375 0.5 0.375 0.75 0.625 0.5 0.375 0.5 0.375 0.5 0.375 0.75 0.375 0.5 0.375 0.75 0.375 0.75 0.625 0.75 0.625 0.75 0.625 0.75 0.625 0.5 0.625 0.5 0.375 0.75 0.625 0.75 0.625 0.75 0.625 0.75 0.625 0.5 0.625 0.5 0.625 0.5 0.375 0.5 0.375 0.5 0.625 0.5 0.375 0.5 0.375 0.5 0.625 0.5 0.375 0.5 0.375 0.5 0.375 0.75 0.375 0.5 0.375 0.75 0.375 0.75 0.625 0.75 0.625 0.75 0.375 0.75 0.375 0.5 0.375 0.75 0.375 0.75 0.375 0.5 0.375 0.75 0.375 0.75 0.625 0.75 0.625 0.75 0.625 0.75 0.625 0.5 0.625 0.5 0.625 0.75 0.625 0.5 0.625 0.5 0.375 0.75 0.625 0.75 0.625 0.75 0.625 0.75 0.625 0.5 0.625 0.5 0.625 0.5 0.375 0.5 0.375 0.5 0.375 0.75 0.375 0.5 0.375 0.75 0.625 0.5 0.375 0.5 0.375 0.5 0.375 0.75 0.375 0.5 0.375 0.75 0.375 0.75 0.625 0.75 0.625 0.75 0.375 0.75 0.625 0.75 0.625 0.75 0.375 0.75 0.625 0.75 0.625 0.75 0.625 0.75 0.625 0.5 0.625 0.5 0.625 0.5 0.375 0.5 0.375 0.5 0.625 0.75 0.625 0.5 0.625 0.5 0.625 0.75 0.625 0.5 0.625 0.5 0.625 0.5 0.375 0.5 0.375 0.5 0.375 0.75 0.375 0.5 0.375 0.75 0.375 0.75 0.375 0.5 0.375 0.75 0.625 0.5 0.375 0.5 0.375 0.5 0.375 0.75 0.375 0.5 0.375 0.75 0.375 0.75 0.625 0.75 0.625 0.75 0.625 0.75 0.625 0.5 0.625 0.5 0.375 0.75 0.625 0.75 0.625 0.75 0.625 0.75 0.625 0.5 0.625 0.5 0.625 0.5 0.375 0.5 0.375 0.5 0.625 0.75 0.625 0.5 0.625 0.5 0.625 0.5 0.375 0.5 0.375 0.5 0.375 0.75 0.375 0.5 0.375 0.75 0.375 0.75 0.625 0.75 0.625 0.75 0.625 0.25 0.375 0.275 0.375 0.25 0.15 0.5 0.125 0.75 0.125 0.5 0.625 0.75 0.375 0.975 0.375 0.75 0.85 0.5 0.625 0.75 0.625 0.5 0.625 0.75 0.625 0.5 0.625 0.5 0.625 0.5 0.375 0.5 0.375 0.5 0.375 0.75 0.375 0.5 0.375 0.75 0.375 0.75 0.625 0.75 0.625 0.75 0.85 0.75 0.85 0.5 0.85 0.75 0.625 0.25 0.625 0.275 0.625 0.275 0.625 0.975 0.625 1 0.625 1 0.375 0.75 0.375 0.5 0.375 0.75 0.375 0.5 0.625 0.5 0.375 0.5 0.375 0.75 0.375 0.5 0.375 0.75 0.375 0.75 0.625 0.75 0.625 0.75 0.625 0.75 0.625 0.5 0.625 0.5 0.375 0.75 0.625 0.75 0.625 0.75 0.625 0.75 0.625 0.5 0.625 0.5 0.375 0.5 0.625 0.5 0.375 0.5 0.375 0.75 0.375 0.5 0.375 0.75 0.375 0.5 0.625 0.5 0.375 0.5 0.375 0.75 0.375 0.5 0.375 0.75 0.375 0.75 0.625 0.75 0.625 0.75 0.375 0.75 0.625 0.75 0.625 0.75 0.375 0.75 0.625 0.75 0.625 0.75 0.625 0.75 0.625 0.5 0.625 0.5 0.375 0.5 0.625 0.5 0.375 0.5 0.625 0.75 0.625 0.5 0.625 0.5 0.625 0.75 0.625 0.5 0.625 0.5 0.375 0.5 0.625 0.5 0.375 0.5 0.375 0.75 0.375 0.5 0.375 0.75 0.375 0.75 0.375 0.5 0.375 0.75 0.375 0.5 0.625 0.5 0.375 0.5 0.375 0.75 0.375 0.5 0.375 0.75 0.375 0.75 0.625 0.75 0.625 0.75 0.625 0.75 0.625 0.5 0.625 0.5 0.375 0.75 0.625 0.75 0.625 0.75 0.625 0.75 0.625 0.5 0.625 0.5 0.375 0.5 0.625 0.5 0.375 0.5 0.625 0.75 0.625 0.5 0.625 0.5 0.375 0.5 0.625 0.5 0.375 0.5 0.375 0.75 0.375 0.5 0.375 0.75 0.375 0.75 0.625 0.75 0.625 0.75 0.375 0.75 0.375 0.5 0.375 0.75 0.375 0.5 0.625 0.5 0.375 0.5 0.375 0.75 0.375 0.5 0.375 0.75 0.375 0.75 0.625 0.75 0.625 0.75 0.625 0.75 0.625 0.5 0.625 0.5 0.375 0.75 0.625 0.75 0.625 0.75 0.625 0.75 0.625 0.5 0.625 0.5 0.375 0.5 0.625 0.5 0.375 0.5 0.375 0.5 0.625 0.5 0.375 0.5 0.375 0.5 0.625 0.5 0.375 0.5 0.375 0.75 0.375 0.5 0.375 0.75 0.375 0.75 0.625 0.75 0.625 0.75 0.375 0.75 0.375 0.5 0.375 0.75 0.375 0.75 0.375 0.5 0.375 0.75 0.375 0.75 0.625 0.75 0.625 0.75 0.625 0.75 0.625 0.5 0.625 0.5 0.375 0.75 0.375 0.5 0.375 0.75 0.375 0.75 0.625 0.75 0.625 0.75 0.625 0.5 0.625 0.75 0.625 0.5 0.625 0.5 0.375 0.5 0.375 0.5 0.625 0.75 0.375 0.75 0.625 0.75 0.625 0.75 0.375 0.75 0.625 0.75 0.625 0.75 0.625 0.5 0.625 0.5 0.625 0.5 0.375 0.5 0.375 0.5 0.625 0.75 0.625 0.5 0.625 0.5 0.625 0.75 0.625 0.5 0.625 0.5 0.625 0.5 0.375 0.5 0.375 0.5 0.375 0.75 0.375 0.5 0.375 0.75 0.375 0.75 0.375 0.5 0.375 0.75 0.625 0.5 0.375 0.5 0.375 0.5 0.375 0.75 0.375 0.5 0.375 0.75 0.625 0.75 0.375 0.75 0.625 0.75 0.625 0.75 0.625 0.5 0.625 0.5 0.625 0.75 0.375 0.75 0.625 0.75 0.625 0.75 0.625 0.5 0.625 0.5 0.625 0.5 0.375 0.5 0.375 0.5 0.625 0.75 0.625 0.5 0.625 0.5 0.625 0.5 0.375 0.5 0.375 0.5 0.375 0.75 0.375 0.5 0.375 0.75 0.625 0.75 0.375 0.75 0.625 0.75 0.375 0.75 0.375 0.5 0.375 0.75 0.625 0.5 0.375 0.5 0.375 0.5 0.375 0.75 0.375 0.5 0.375 0.75 0.625 0.75 0.375 0.75 0.625 0.75 0.625 0.75 0.625 0.5 0.625 0.5 0.625 0.75 0.375 0.75 0.625 0.75 0.625 0.75 0.625 0.5 0.625 0.5 0.625 0.5 0.375 0.5 0.375 0.5 0.625 0.5 0.375 0.5 0.375 0.5 0.625 0.5 0.375 0.5 0.375 0.5 0.375 0.75 0.375 0.5 0.375 0.75 0.625 0.75 0.375 0.75 0.625 0.75 0.375 0.75 0.375 0.5 0.375 0.75 0.375 0.75 0.375 0.5 0.375 0.75 0.625 0.75 0.375 0.75 0.625 0.75 0.625 0.75 0.625 0.5 0.625 0.5 0.625 0.75 0.625 0.5 0.625 0.5 0.625 0.75 0.375 0.75 0.625 0.75 0.625 0.75 0.625 0.5 0.625 0.5 0.625 0.5 0.375 0.5 0.375 0.5 0.375 0.75 0.375 0.5 0.375 0.75 0.625 0.5 0.375 0.5 0.375 0.5 0.375 0.75 0.375 0.5 0.375 0.75 0.625 0.75 0.375 0.75 0.625 0.75 0.625 0.75 0.375 0.75 0.625 0.75 0.625 0.75 0.375 0.75 0.625 0.75 0.625 0.75 0.625 0.5 0.625 0.5 0.625 0.5 0.375 0.5 0.375 0.5 0.85 0.5 0.625 0.75 0.85 0.75 0.625 0.5 0.375 0.5 0.375 0.5 0.375 0.75 0.375 0.5 0.375 0.75 0.85 0.75 0.85 0.5 0.85 0.75 0.625 0.25 0.625 0.275 0.625 0.275 0.625 0.975 0.625 1 0.625 1 0.625 0.25 0.625 0.275 0.625 0.275 0.625 0.25 0.625 0.275 0.625 0.275 0.625 0.975 0.625 1 0.625 1 0.625 0.25 0.625 0.275 0.625 0.275 0.625 0.975 0.625 1 0.625 1 0.85 0.75 0.85 0.5 0.85 0.75 0.85 0.75 0.85 0.5 0.85 0.75 0.625 0.975 0.625 1 0.625 1 0.85 0.75 0.85 0.5 0.85 0.75 0.625 0.25 0.625 0.275 0.625 0.275 0.625 0.25 0.625 0.275 0.625 0.275 0.625 0.975 0.625 1 0.625 1 0.625 0.975 0.625 1 0.625 1 0.625 0.975 0.625 1 0.625 1 0.85 0.75 0.85 0.5 0.85 0.75 0.85 0.75 0.85 0.5 0.85 0.75 0.85 0.75 0.85 0.5 0.85 0.75 0.625 0.25 0.625 0.275 0.625 0.275 0.625 0.25 0.625 0.275 0.625 0.275 0.625 0.25 0.625 0.275 0.625 0.275 0.625 0.975 0.625 1 0.625 1 0.85 0.75 0.85 0.5 0.85 0.75 0.625 0.975 0.625 1 0.625 1 0.85 0.75 0.85 0.5 0.85 0.75 0.625 0.25 0.625 0.275 0.625 0.275 0.625 0.975 0.625 1 0.625 1 0.625 0.25 0.625 0.275 0.625 0.275 0.625 0.25 0.625 0.275 0.625 0.275 0.625 0.975 0.625 1 0.625 1 0.85 0.75 0.85 0.5 0.85 0.75 0.625 0.975 0.625 0.75 0.625 1 0.625 0.975 0.625 1 0.625 1 0.85 0.75 0.85 0.5 0.85 0.75 0.375 0.75 0.375 0.5 0.375 0.75 0.625 0.5 0.375 0.5 0.375 0.5 0.625 0.75 0.625 0.5 0.625 0.5 0.625 0.75 0.375 0.75 0.625 0.75 0.625 0.275 0.625 0.5 0.625 0.5 0.85 0.75 0.85 0.5 0.85 0.75 0.375 1 0.625 0.975 0.375 0.975 0.375 0.25 0.625 0 0.375 0 0.15 0.75 0.375 0.5 0.15 0.5 0.625 0.75 0.375 0.75 0.625 0.75 0.375 0.5 0.625 0.275 0.375 0.275 0.625 0.5 0.625 0.75 0.625 0.5 0.375 0.5 0.625 0.5 0.375 0.5 0.375 0.75 0.375 0.5 0.375 0.5 0.625 0.5 0.625 0.75 0.625 0.5 0.375 0.75 0.375 0.5 0.375 0.5 0.375 0.5 0.625 0.5 0.375 0.5 0.375 0.75 0.375 0.5 0.375 0.5 0.625 0.75 0.375 0.75 0.625 0.75 0.625 0.5 0.625 0.75 0.625 0.5 0.625 0.75 0.375 0.75 0.625 0.75 0.625 0.5 0.625 0.75 0.625 0.5 0.375 0.5 0.625 0.5 0.375 0.5 0.375 0.5 0.625 0.5 0.375 0.5 0.375 0.5 0.625 0.5 0.375 0.5 0.375 0.75 0.375 0.5 0.375 0.5 0.625 0.75 0.375 0.75 0.625 0.75 0.375 0.75 0.375 0.5 0.375 0.5 0.375 0.75 0.375 0.5 0.375 0.5 0.625 0.75 0.375 0.75 0.625 0.75 0.625 0.5 0.625 0.75 0.625 0.5 0.625 0.5 0.625 0.75 0.625 0.5 0.625 0.75 0.375 0.75 0.625 0.75 0.625 0.5 0.625 0.75 0.625 0.5 0.375 0.5 0.625 0.5 0.375 0.5 0.375 0.75 0.375 0.5 0.375 0.5 0.375 0.5 0.625 0.5 0.375 0.5 0.375 0.75 0.375 0.5 0.375 0.5 0.625 0.75 0.375 0.75 0.625 0.75 0.625 0.75 0.375 0.75 0.625 0.75 0.625 0.75 0.375 0.75 0.625 0.75 0.625 0.5 0.625 0.75 0.625 0.5 0.375 0.5 0.625 0.5 0.375 0.5 0.625 0.5 0.625 0.75 0.625 0.5 0.625 0.5 0.625 0.75 0.625 0.5 0.375 0.5 0.625 0.5 0.375 0.5 0.375 0.75 0.375 0.5 0.375 0.5 0.375 0.75 0.375 0.5 0.375 0.5 0.375 0.5 0.625 0.5 0.375 0.5 0.375 0.75 0.375 0.5 0.375 0.5 0.625 0.75 0.375 0.75 0.625 0.75 0.625 0.5 0.625 0.75 0.625 0.5 0.625 0.75 0.375 0.75 0.625 0.75 0.625 0.5 0.625 0.75 0.625 0.5 0.375 0.5 0.625 0.5 0.375 0.5 0.625 0.5 0.625 0.75 0.625 0.5 0.375 0.5 0.625 0.5 0.375 0.5 0.375 0.75 0.375 0.5 0.375 0.5 0.625 0.75 0.375 0.75 0.625 0.75 0.375 0.275 0.625 0.25 0.375 0.25 0.125 0.75 0.15 0.5 0.125 0.5 0.375 0.975 0.625 0.75 0.375 0.75 0.625 0.75 0.85 0.5 0.625 0.5 0.625 0.5 0.625 0.75 0.625 0.5 0.375 0.5 0.625 0.5 0.375 0.5 0.375 0.75 0.375 0.5 0.375 0.5 0.625 0.75 0.375 0.75 0.625 0.75 0.85 0.75 0.85 0.5 0.85 0.5 0.625 0.275 0.625 0.25 0.625 0.275 0.625 1 0.625 0.975 0.625 1 0.625 0.25 0.625 0 0.625 0.25 0.375 0.75 0.375 0.5 0.375 0.5 0.375 0.5 0.625 0.5 0.625 0.5 0.375 0.75 0.375 0.5 0.375 0.5 0.625 0.75 0.375 0.75 0.625 0.75 0.625 0.5 0.625 0.75 0.625 0.5 0.625 0.75 0.375 0.75 0.625 0.75 0.625 0.5 0.625 0.75 0.625 0.5 0.375 0.5 0.625 0.5 0.625 0.5 0.375 0.75 0.375 0.5 0.375 0.5 0.375 0.5 0.625 0.5 0.625 0.5 0.375 0.75 0.375 0.5 0.375 0.5 0.625 0.75 0.375 0.75 0.625 0.75 0.625 0.75 0.375 0.75 0.625 0.75 0.625 0.75 0.375 0.75 0.625 0.75 0.625 0.5 0.625 0.75 0.625 0.5 0.375 0.5 0.625 0.5 0.625 0.5 0.625 0.5 0.625 0.75 0.625 0.5 0.625 0.5 0.625 0.75 0.625 0.5 0.375 0.5 0.625 0.5 0.625 0.5 0.375 0.75 0.375 0.5 0.375 0.5 0.375 0.75 0.375 0.5 0.375 0.5 0.375 0.5 0.625 0.5 0.625 0.5 0.375 0.75 0.375 0.5 0.375 0.5 0.625 0.75 0.375 0.75 0.625 0.75 0.625 0.5 0.625 0.75 0.625 0.5 0.625 0.75 0.375 0.75 0.625 0.75 0.625 0.5 0.625 0.75 0.625 0.5 0.375 0.5 0.625 0.5 0.625 0.5 0.625 0.5 0.625 0.75 0.625 0.5 0.375 0.5 0.625 0.5 0.625 0.5 0.375 0.75 0.375 0.5 0.375 0.5 0.625 0.75 0.375 0.75 0.625 0.75 0.375 0.75 0.375 0.5 0.375 0.5 0.375 0.5 0.625 0.5 0.625 0.5 0.375 0.75 0.375 0.5 0.375 0.5 0.625 0.75 0.375 0.75 0.625 0.75 0.625 0.5 0.625 0.75 0.625 0.5 0.625 0.75 0.375 0.75 0.625 0.75 0.625 0.5 0.625 0.75 0.625 0.5 0.375 0.5 0.625 0.5 0.625 0.5 0.375 0.5 0.625 0.5 0.625 0.5 0.375 0.5 0.625 0.5 0.625 0.5 0.375 0.75 0.375 0.5 0.375 0.5 0.625 0.75 0.375 0.75 0.625 0.75 0.375 0.75 0.375 0.5 0.375 0.5 0.375 0.75 0.375 0.5 0.375 0.5 0.625 0.75 0.375 0.75 0.625 0.75 0.625 0.5 0.625 0.75 0.625 0.5 0.375 0.75 0.375 0.5 0.375 0.5 0.625 0.75 0.375 0.75 0.625 0.75 0.625 0.5 0.625 0.75 0.625 0.75 0.375 0.5 0.625 0.5 0.375 0.5 0.625 0.75 0.375 0.75 0.375 0.75 0.625 0.75 0.375 0.75 0.375 0.75 0.625 0.5 0.625 0.75 0.625 0.5 0.375 0.5 0.625 0.5 0.375 0.5 0.625 0.5 0.625 0.75 0.625 0.5 0.625 0.5 0.625 0.75 0.625 0.5 0.375 0.5 0.625 0.5 0.375 0.5 0.375 0.75 0.375 0.5 0.375 0.5 0.375 0.75 0.375 0.5 0.375 0.5 0.375 0.5 0.625 0.5 0.375 0.5 0.375 0.75 0.375 0.5 0.375 0.5 0.625 0.75 0.375 0.75 0.375 0.75 0.625 0.5 0.625 0.75 0.625 0.5 0.625 0.75 0.375 0.75 0.375 0.75 0.625 0.5 0.625 0.75 0.625 0.5 0.375 0.5 0.625 0.5 0.375 0.5 0.625 0.5 0.625 0.75 0.625 0.5 0.375 0.5 0.625 0.5 0.375 0.5 0.375 0.75 0.375 0.5 0.375 0.5 0.625 0.75 0.375 0.75 0.375 0.75 0.375 0.75 0.375 0.5 0.375 0.5 0.375 0.5 0.625 0.5 0.375 0.5 0.375 0.75 0.375 0.5 0.375 0.5 0.625 0.75 0.375 0.75 0.375 0.75 0.625 0.5 0.625 0.75 0.625 0.5 0.625 0.75 0.375 0.75 0.375 0.75 0.625 0.5 0.625 0.75 0.625 0.5 0.375 0.5 0.625 0.5 0.375 0.5 0.375 0.5 0.625 0.5 0.375 0.5 0.375 0.5 0.625 0.5 0.375 0.5 0.375 0.75 0.375 0.5 0.375 0.5 0.625 0.75 0.375 0.75 0.375 0.75 0.375 0.75 0.375 0.5 0.375 0.5 0.375 0.75 0.375 0.5 0.375 0.5 0.625 0.75 0.375 0.75 0.375 0.75 0.625 0.5 0.625 0.75 0.625 0.5 0.625 0.5 0.625 0.75 0.625 0.5 0.625 0.75 0.375 0.75 0.375 0.75 0.625 0.5 0.625 0.75 0.625 0.5 0.375 0.5 0.625 0.5 0.375 0.5 0.375 0.75 0.375 0.5 0.375 0.5 0.375 0.5 0.625 0.5 0.375 0.5 0.375 0.75 0.375 0.5 0.375 0.5 0.625 0.75 0.375 0.75 0.375 0.75 0.625 0.75 0.375 0.75 0.375 0.75 0.625 0.75 0.375 0.75 0.375 0.75 0.625 0.5 0.625 0.75 0.625 0.5 0.375 0.5 0.625 0.5 0.375 0.5 0.375 0.5 0.625 0.75 0.625 0.5 0.625 0.75 0.85 0.5 0.85 0.75 0.375 0.5 0.625 0.5 0.375 0.5 0.375 0.75 0.375 0.5 0.375 0.5 0.85 0.75 0.85 0.5 0.85 0.5 0.625 0.25 0.625 0 0.625 0.25 0.625 0.275 0.625 0.25 0.625 0.275 0.625 1 0.625 0.975 0.625 1 0.625 0.275 0.625 0.25 0.625 0.275 0.625 0.25 0.625 0 0.625 0.25 0.625 0.275 0.625 0.25 0.625 0.275 0.625 1 0.625 0.975 0.625 1 0.625 0.275 0.625 0.25 0.625 0.275 0.625 1 0.625 0.975 0.625 1 0.85 0.75 0.85 0.5 0.85 0.5 0.625 0.25 0.625 0 0.625 0.25 0.85 0.75 0.85 0.5 0.85 0.5 0.625 1 0.625 0.975 0.625 1 0.85 0.75 0.85 0.5 0.85 0.5 0.625 0.25 0.625 0 0.625 0.25 0.625 0.275 0.625 0.25 0.625 0.275 0.625 0.25 0.625 0 0.625 0.25 0.625 0.275 0.625 0.25 0.625 0.275 0.625 1 0.625 0.975 0.625 1 0.625 1 0.625 0.975 0.625 1 0.625 1 0.625 0.975 0.625 1 0.85 0.75 0.85 0.5 0.85 0.5 0.625 0.25 0.625 0 0.625 0.25 0.85 0.75 0.85 0.5 0.85 0.5 0.85 0.75 0.85 0.5 0.85 0.5 0.625 0.25 0.625 0 0.625 0.25 0.625 0.275 0.625 0.25 0.625 0.275 0.625 0.275 0.625 0.25 0.625 0.275 0.625 0.25 0.625 0 0.625 0.25 0.625 0.275 0.625 0.25 0.625 0.275 0.625 1 0.625 0.975 0.625 1 0.85 0.75 0.85 0.5 0.85 0.5 0.625 1 0.625 0.975 0.625 1 0.85 0.75 0.85 0.5 0.85 0.5 0.625 0.25 0.625 0 0.625 0.25 0.625 0.25 0.625 0 0.625 0.25 0.625 0.25 0.625 0 0.625 0.25 0.625 0.275 0.625 0.25 0.625 0.275 0.625 1 0.625 0.975 0.625 1 0.625 0.275 0.625 0.25 0.625 0.275 0.625 0.275 0.625 0.25 0.625 0.275 0.625 1 0.625 0.975 0.625 1 0.85 0.75 0.85 0.5 0.85 0.5 0.625 0.75 0.625 0.975 0.625 1 0.625 1 0.625 0.975 0.625 1 0.85 0.75 0.85 0.5 0.85 0.5 0.625 0.25 0.625 0 0.625 0.25 0.375 0.75 0.375 0.5 0.375 0.5 0.375 0.5 0.625 0.5 0.375 0.5 0.625 0.5 0.625 0.75 0.625 0.5 0.625 0.75 0.375 0.75 0.375 0.75 0.625 0.275 0.625 0.5 0.625 0.25 0.625 0.25 0.625 0.75 0.625 0 0.85 0.5 0.85 0.5 0.85 0.75 0.625 0.975 0.625 1 0.375 1 0.375 0.5 0.375 0.75 0.15 0.75 0.375 0.75 0.375 0.75 0.625 0.75 0.625 0.275 0.625 0.5 0.375 0.5 0.625 0.75 0.625 0.75 0.625 0.5 0.625 0.5 0.625 0.5 0.375 0.5 0.375 0.75 0.375 0.5 0.375 0.5 0.625 0.75 0.625 0.75 0.625 0.5 0.375 0.75 0.375 0.5 0.375 0.5 0.625 0.5 0.625 0.5 0.375 0.5 0.375 0.75 0.375 0.5 0.375 0.5 0.375 0.75 0.375 0.75 0.625 0.75 0.625 0.75 0.625 0.75 0.625 0.5 0.375 0.75 0.375 0.75 0.625 0.75 0.625 0.75 0.625 0.75 0.625 0.5 0.625 0.5 0.625 0.5 0.375 0.5 0.625 0.5 0.625 0.5 0.375 0.5 0.625 0.5 0.625 0.5 0.375 0.5 0.375 0.75 0.375 0.5 0.375 0.5 0.375 0.75 0.375 0.75 0.625 0.75 0.375 0.75 0.375 0.5 0.375 0.5 0.375 0.75 0.375 0.5 0.375 0.5 0.375 0.75 0.375 0.75 0.625 0.75 0.625 0.75 0.625 0.75 0.625 0.5 0.625 0.75 0.625 0.75 0.625 0.5 0.375 0.75 0.375 0.75 0.625 0.75 0.625 0.75 0.625 0.75 0.625 0.5 0.625 0.5 0.625 0.5 0.375 0.5 0.375 0.75 0.375 0.5 0.375 0.5 0.625 0.5 0.625 0.5 0.375 0.5 0.375 0.75 0.375 0.5 0.375 0.5 0.375 0.75 0.375 0.75 0.625 0.75 0.375 0.75 0.375 0.75 0.625 0.75 0.375 0.75 0.375 0.75 0.625 0.75 0.625 0.75 0.625 0.75 0.625 0.5 0.625 0.5 0.625 0.5 0.375 0.5 0.625 0.75 0.625 0.75 0.625 0.5 0.625 0.75 0.625 0.75 0.625 0.5 0.625 0.5 0.625 0.5 0.375 0.5 0.375 0.75 0.375 0.5 0.375 0.5 0.375 0.75 0.375 0.5 0.375 0.5 0.625 0.5 0.625 0.5 0.375 0.5 0.375 0.75 0.375 0.5 0.375 0.5 0.375 0.75 0.375 0.75 0.625 0.75 0.625 0.75 0.625 0.75 0.625 0.5 0.375 0.75 0.375 0.75 0.625 0.75 0.625 0.75 0.625 0.75 0.625 0.5 0.625 0.5 0.625 0.5 0.375 0.5 0.625 0.75 0.625 0.75 0.625 0.5 0.625 0.5 0.625 0.5 0.375 0.5 0.375 0.75 0.375 0.5 0.375 0.5 0.375 0.75 0.375 0.75 0.625 0.75 0.625 0.25 0.625 0.275 0.375 0.275 0.15 0.5 0.15 0.75 0.125 0.75 0.625 0.75 0.625 0.975 0.375 0.975 0.85 0.5 0.85 0.75 0.625 0.75 0.625 0.75 0.625 0.75 0.625 0.5 0.625 0.5 0.625 0.5 0.375 0.5 0.375 0.75 0.375 0.5 0.375 0.5 0.375 0.75 0.375 0.75 0.625 0.75 0.85 0.75 0.85 0.5 0.85 0.5 0.625 0.25 0.625 0.25 0.625 0.275 0.625 0.975 0.625 0.975 0.625 1 0.375 0.75 0.375 0.5 0.375 0.5 0.375 0.5 0.625 0.5 0.625 0.5 0.375 0.75 0.375 0.5 0.375 0.5 0.375 0.75 0.375 0.75 0.625 0.75 0.625 0.75 0.625 0.75 0.625 0.5 0.375 0.75 0.375 0.75 0.625 0.75 0.625 0.75 0.625 0.75 0.625 0.5 0.375 0.5 0.625 0.5 0.625 0.5 0.375 0.75 0.375 0.5 0.375 0.5 0.375 0.5 0.625 0.5 0.625 0.5 0.375 0.75 0.375 0.5 0.375 0.5 0.375 0.75 0.375 0.75 0.625 0.75 0.375 0.75 0.375 0.75 0.625 0.75 0.375 0.75 0.375 0.75 0.625 0.75 0.625 0.75 0.625 0.75 0.625 0.5 0.375 0.5 0.625 0.5 0.625 0.5 0.625 0.75 0.625 0.75 0.625 0.5 0.625 0.75 0.625 0.75 0.625 0.5 0.375 0.5 0.625 0.5 0.625 0.5 0.375 0.75 0.375 0.5 0.375 0.5 0.375 0.75 0.375 0.5 0.375 0.5 0.375 0.5 0.625 0.5 0.625 0.5 0.375 0.75 0.375 0.5 0.375 0.5 0.375 0.75 0.375 0.75 0.625 0.75 0.625 0.75 0.625 0.75 0.625 0.5 0.375 0.75 0.375 0.75 0.625 0.75 0.625 0.75 0.625 0.75 0.625 0.5 0.375 0.5 0.625 0.5 0.625 0.5 0.625 0.75 0.625 0.75 0.625 0.5 0.375 0.5 0.625 0.5 0.625 0.5 0.375 0.75 0.375 0.5 0.375 0.5 0.375 0.75 0.375 0.75 0.625 0.75 0.375 0.75 0.375 0.5 0.375 0.5 0.375 0.5 0.625 0.5 0.625 0.5 0.375 0.75 0.375 0.5 0.375 0.5 0.375 0.75 0.375 0.75 0.625 0.75 0.625 0.75 0.625 0.75 0.625 0.5 0.375 0.75 0.375 0.75 0.625 0.75 0.625 0.75 0.625 0.75 0.625 0.5 0.375 0.5 0.625 0.5 0.625 0.5 0.375 0.5 0.625 0.5 0.625 0.5 0.375 0.5 0.625 0.5 0.625 0.5 0.375 0.75 0.375 0.5 0.375 0.5 0.375 0.75 0.375 0.75 0.625 0.75 0.375 0.75 0.375 0.5 0.375 0.5 0.375 0.75 0.375 0.5 0.375 0.5 0.375 0.75 0.375 0.75 0.625 0.75 0.625 0.75 0.625 0.75 0.625 0.5 0.375 0.75 0.375 0.5 0.375 0.5 0.375 0.75 0.375 0.75 0.625 0.75 0.625 0.5 0.625 0.75 0.625 0.75 0.625 0.5 0.625 0.5 0.375 0.5 0.625 0.75 0.375 0.75 0.375 0.75 0.625 0.75 0.375 0.75 0.375 0.75 0.625 0.75 0.625 0.75 0.625 0.5 0.625 0.5 0.625 0.5 0.375 0.5 0.625 0.75 0.625 0.75 0.625 0.5 0.625 0.75 0.625 0.75 0.625 0.5 0.625 0.5 0.625 0.5 0.375 0.5 0.375 0.75 0.375 0.5 0.375 0.5 0.375 0.75 0.375 0.5 0.375 0.5 0.625 0.5 0.625 0.5 0.375 0.5 0.375 0.75 0.375 0.5 0.375 0.5 0.625 0.75 0.375 0.75 0.375 0.75 0.625 0.75 0.625 0.75 0.625 0.5 0.625 0.75 0.375 0.75 0.375 0.75 0.625 0.75 0.625 0.75 0.625 0.5 0.625 0.5 0.625 0.5 0.375 0.5 0.625 0.75 0.625 0.75 0.625 0.5 0.625 0.5 0.625 0.5 0.375 0.5 0.375 0.75 0.375 0.5 0.375 0.5 0.625 0.75 0.375 0.75 0.375 0.75 0.375 0.75 0.375 0.5 0.375 0.5 0.625 0.5 0.625 0.5 0.375 0.5 0.375 0.75 0.375 0.5 0.375 0.5 0.625 0.75 0.375 0.75 0.375 0.75 0.625 0.75 0.625 0.75 0.625 0.5 0.625 0.75 0.375 0.75 0.375 0.75 0.625 0.75 0.625 0.75 0.625 0.5 0.625 0.5 0.625 0.5 0.375 0.5 0.625 0.5 0.625 0.5 0.375 0.5 0.625 0.5 0.625 0.5 0.375 0.5 0.375 0.75 0.375 0.5 0.375 0.5 0.625 0.75 0.375 0.75 0.375 0.75 0.375 0.75 0.375 0.5 0.375 0.5 0.375 0.75 0.375 0.5 0.375 0.5 0.625 0.75 0.375 0.75 0.375 0.75 0.625 0.75 0.625 0.75 0.625 0.5 0.625 0.75 0.625 0.75 0.625 0.5 0.625 0.75 0.375 0.75 0.375 0.75 0.625 0.75 0.625 0.75 0.625 0.5 0.625 0.5 0.625 0.5 0.375 0.5 0.375 0.75 0.375 0.5 0.375 0.5 0.625 0.5 0.625 0.5 0.375 0.5 0.375 0.75 0.375 0.5 0.375 0.5 0.625 0.75 0.375 0.75 0.375 0.75 0.625 0.75 0.375 0.75 0.375 0.75 0.625 0.75 0.375 0.75 0.375 0.75 0.625 0.75 0.625 0.75 0.625 0.5 0.625 0.5 0.625 0.5 0.375 0.5 0.85 0.5 0.625 0.5 0.625 0.75 0.625 0.5 0.625 0.5 0.375 0.5 0.375 0.75 0.375 0.5 0.375 0.5 0.85 0.75 0.85 0.5 0.85 0.5 0.625 0.25 0.625 0.25 0.625 0.275 0.625 0.975 0.625 0.975 0.625 1 0.625 0.25 0.625 0.25 0.625 0.275 0.625 0.25 0.625 0.25 0.625 0.275 0.625 0.975 0.625 0.975 0.625 1 0.625 0.25 0.625 0.25 0.625 0.275 0.625 0.975 0.625 0.975 0.625 1 0.85 0.75 0.85 0.5 0.85 0.5 0.85 0.75 0.85 0.5 0.85 0.5 0.625 0.975 0.625 0.975 0.625 1 0.85 0.75 0.85 0.5 0.85 0.5 0.625 0.25 0.625 0.25 0.625 0.275 0.625 0.25 0.625 0.25 0.625 0.275 0.625 0.975 0.625 0.975 0.625 1 0.625 0.975 0.625 0.975 0.625 1 0.625 0.975 0.625 0.975 0.625 1 0.85 0.75 0.85 0.5 0.85 0.5 0.85 0.75 0.85 0.5 0.85 0.5 0.85 0.75 0.85 0.5 0.85 0.5 0.625 0.25 0.625 0.25 0.625 0.275 0.625 0.25 0.625 0.25 0.625 0.275 0.625 0.25 0.625 0.25 0.625 0.275 0.625 0.975 0.625 0.975 0.625 1 0.85 0.75 0.85 0.5 0.85 0.5 0.625 0.975 0.625 0.975 0.625 1 0.85 0.75 0.85 0.5 0.85 0.5 0.625 0.25 0.625 0.25 0.625 0.275 0.625 0.975 0.625 0.975 0.625 1 0.625 0.25 0.625 0.25 0.625 0.275 0.625 0.25 0.625 0.25 0.625 0.275 0.625 0.975 0.625 0.975 0.625 1 0.85 0.75 0.85 0.5 0.85 0.5 0.625 0.975 0.625 0.75 0.625 0.75 0.625 0.975 0.625 0.975 0.625 1 0.85 0.75 0.85 0.5 0.85 0.5 0.375 0.75 0.375 0.5 0.375 0.5 0.625 0.5 0.625 0.5 0.375 0.5 0.625 0.75 0.625 0.75 0.625 0.5 0.625 0.75 0.375 0.75 0.375 0.75 0.625 0.275 0.625 0.25 0.625 0.5 0.85 0.75 0.85 0.5 0.85 0.5 0.375 1 0.625 1 0.625 0.975 0.375 0.25 0.625 0.25 0.625 0 0.15 0.75 0.375 0.75 0.375 0.5 0.625 0.75 0.375 0.75 0.375 0.75 0.375 0.5 0.625 0.5 0.625 0.275 0.625 0.5 0.625 0.75 0.625 0.75 0.375 0.5 0.625 0.5 0.625 0.5 0.375 0.75 0.375 0.75 0.375 0.5 0.625 0.5 0.625 0.75 0.625 0.75 0.375 0.75 0.375 0.75 0.375 0.5 0.375 0.5 0.625 0.5 0.625 0.5 0.375 0.75 0.375 0.75 0.375 0.5 0.625 0.75 0.375 0.75 0.375 0.75 0.625 0.5 0.625 0.75 0.625 0.75 0.625 0.75 0.375 0.75 0.375 0.75 0.625 0.5 0.625 0.75 0.625 0.75 0.375 0.5 0.625 0.5 0.625 0.5 0.375 0.5 0.625 0.5 0.625 0.5 0.375 0.5 0.625 0.5 0.625 0.5 0.375 0.75 0.375 0.75 0.375 0.5 0.625 0.75 0.375 0.75 0.375 0.75 0.375 0.75 0.375 0.75 0.375 0.5 0.375 0.75 0.375 0.75 0.375 0.5 0.625 0.75 0.375 0.75 0.375 0.75 0.625 0.5 0.625 0.75 0.625 0.75 0.625 0.5 0.625 0.75 0.625 0.75 0.625 0.75 0.375 0.75 0.375 0.75 0.625 0.5 0.625 0.75 0.625 0.75 0.375 0.5 0.625 0.5 0.625 0.5 0.375 0.75 0.375 0.75 0.375 0.5 0.375 0.5 0.625 0.5 0.625 0.5 0.375 0.75 0.375 0.75 0.375 0.5 0.625 0.75 0.375 0.75 0.375 0.75 0.625 0.75 0.375 0.75 0.375 0.75 0.625 0.75 0.375 0.75 0.375 0.75 0.625 0.5 0.625 0.75 0.625 0.75 0.375 0.5 0.625 0.5 0.625 0.5 0.625 0.5 0.625 0.75 0.625 0.75 0.625 0.5 0.625 0.75 0.625 0.75 0.375 0.5 0.625 0.5 0.625 0.5 0.375 0.75 0.375 0.75 0.375 0.5 0.375 0.75 0.375 0.75 0.375 0.5 0.375 0.5 0.625 0.5 0.625 0.5 0.375 0.75 0.375 0.75 0.375 0.5 0.625 0.75 0.375 0.75 0.375 0.75 0.625 0.5 0.625 0.75 0.625 0.75 0.625 0.75 0.375 0.75 0.375 0.75 0.625 0.5 0.625 0.75 0.625 0.75 0.375 0.5 0.625 0.5 0.625 0.5 0.625 0.5 0.625 0.75 0.625 0.75 0.375 0.5 0.625 0.5 0.625 0.5 0.375 0.75 0.375 0.75 0.375 0.5 0.625 0.75 0.375 0.75 0.375 0.75 0.375 0.275 0.625 0.275 0.625 0.25 0.125 0.75 0.15 0.75 0.15 0.5 0.375 0.975 0.625 0.975 0.625 0.75 0.625 0.75 0.85 0.75 0.85 0.5 0.625 0.5 0.625 0.75 0.625 0.75 0.375 0.5 0.625 0.5 0.625 0.5 0.375 0.75 0.375 0.75 0.375 0.5 0.625 0.75 0.375 0.75 0.375 0.75 0.85 0.75 0.85 0.75 0.85 0.5 0.625 0.275 0.625 0.25 0.625 0.25 0.625 1 0.625 0.975 0.625 0.975 0.625 0.25 0.625 0 0.625 0 0.375 0.75 0.375 0.75 0.375 0.5 0.375 0.5 0.375 0.5 0.625 0.5 0.375 0.75 0.375 0.75 0.375 0.5 0.625 0.75 0.375 0.75 0.375 0.75 0.625 0.5 0.625 0.75 0.625 0.75 0.625 0.75 0.375 0.75 0.375 0.75 0.625 0.5 0.625 0.75 0.625 0.75 0.375 0.5 0.375 0.5 0.625 0.5 0.375 0.75 0.375 0.75 0.375 0.5 0.375 0.5 0.375 0.5 0.625 0.5 0.375 0.75 0.375 0.75 0.375 0.5 0.625 0.75 0.375 0.75 0.375 0.75 0.625 0.75 0.375 0.75 0.375 0.75 0.625 0.75 0.375 0.75 0.375 0.75 0.625 0.5 0.625 0.75 0.625 0.75 0.375 0.5 0.375 0.5 0.625 0.5 0.625 0.5 0.625 0.75 0.625 0.75 0.625 0.5 0.625 0.75 0.625 0.75 0.375 0.5 0.375 0.5 0.625 0.5 0.375 0.75 0.375 0.75 0.375 0.5 0.375 0.75 0.375 0.75 0.375 0.5 0.375 0.5 0.375 0.5 0.625 0.5 0.375 0.75 0.375 0.75 0.375 0.5 0.625 0.75 0.375 0.75 0.375 0.75 0.625 0.5 0.625 0.75 0.625 0.75 0.625 0.75 0.375 0.75 0.375 0.75 0.625 0.5 0.625 0.75 0.625 0.75 0.375 0.5 0.375 0.5 0.625 0.5 0.625 0.5 0.625 0.75 0.625 0.75 0.375 0.5 0.375 0.5 0.625 0.5 0.375 0.75 0.375 0.75 0.375 0.5 0.625 0.75 0.375 0.75 0.375 0.75 0.375 0.75 0.375 0.75 0.375 0.5 0.375 0.5 0.375 0.5 0.625 0.5 0.375 0.75 0.375 0.75 0.375 0.5 0.625 0.75 0.375 0.75 0.375 0.75 0.625 0.5 0.625 0.75 0.625 0.75 0.625 0.75 0.375 0.75 0.375 0.75 0.625 0.5 0.625 0.75 0.625 0.75 0.375 0.5 0.375 0.5 0.625 0.5 0.375 0.5 0.375 0.5 0.625 0.5 0.375 0.5 0.375 0.5 0.625 0.5 0.375 0.75 0.375 0.75 0.375 0.5 0.625 0.75 0.375 0.75 0.375 0.75 0.375 0.75 0.375 0.75 0.375 0.5 0.375 0.75 0.375 0.75 0.375 0.5 0.625 0.75 0.375 0.75 0.375 0.75 0.625 0.5 0.625 0.75 0.625 0.75 0.375 0.75 0.375 0.75 0.375 0.5 0.625 0.75 0.375 0.75 0.375 0.75 0.625 0.5 0.625 0.5 0.625 0.75 0.375 0.5 0.625 0.5 0.625 0.5 0.625 0.75 0.625 0.75 0.375 0.75 0.625 0.75 0.625 0.75 0.375 0.75 0.625 0.5 0.625 0.75 0.625 0.75 0.375 0.5 0.625 0.5 0.625 0.5 0.625 0.5 0.625 0.75 0.625 0.75 0.625 0.5 0.625 0.75 0.625 0.75 0.375 0.5 0.625 0.5 0.625 0.5 0.375 0.75 0.375 0.75 0.375 0.5 0.375 0.75 0.375 0.75 0.375 0.5 0.375 0.5 0.625 0.5 0.625 0.5 0.375 0.75 0.375 0.75 0.375 0.5 0.625 0.75 0.625 0.75 0.375 0.75 0.625 0.5 0.625 0.75 0.625 0.75 0.625 0.75 0.625 0.75 0.375 0.75 0.625 0.5 0.625 0.75 0.625 0.75 0.375 0.5 0.625 0.5 0.625 0.5 0.625 0.5 0.625 0.75 0.625 0.75 0.375 0.5 0.625 0.5 0.625 0.5 0.375 0.75 0.375 0.75 0.375 0.5 0.625 0.75 0.625 0.75 0.375 0.75 0.375 0.75 0.375 0.75 0.375 0.5 0.375 0.5 0.625 0.5 0.625 0.5 0.375 0.75 0.375 0.75 0.375 0.5 0.625 0.75 0.625 0.75 0.375 0.75 0.625 0.5 0.625 0.75 0.625 0.75 0.625 0.75 0.625 0.75 0.375 0.75 0.625 0.5 0.625 0.75 0.625 0.75 0.375 0.5 0.625 0.5 0.625 0.5 0.375 0.5 0.625 0.5 0.625 0.5 0.375 0.5 0.625 0.5 0.625 0.5 0.375 0.75 0.375 0.75 0.375 0.5 0.625 0.75 0.625 0.75 0.375 0.75 0.375 0.75 0.375 0.75 0.375 0.5 0.375 0.75 0.375 0.75 0.375 0.5 0.625 0.75 0.625 0.75 0.375 0.75 0.625 0.5 0.625 0.75 0.625 0.75 0.625 0.5 0.625 0.75 0.625 0.75 0.625 0.75 0.625 0.75 0.375 0.75 0.625 0.5 0.625 0.75 0.625 0.75 0.375 0.5 0.625 0.5 0.625 0.5 0.375 0.75 0.375 0.75 0.375 0.5 0.375 0.5 0.625 0.5 0.625 0.5 0.375 0.75 0.375 0.75 0.375 0.5 0.625 0.75 0.625 0.75 0.375 0.75 0.625 0.75 0.625 0.75 0.375 0.75 0.625 0.75 0.625 0.75 0.375 0.75 0.625 0.5 0.625 0.75 0.625 0.75 0.375 0.5 0.625 0.5 0.625 0.5 0.375 0.5 0.375 0.75 0.625 0.75 0.625 0.75 0.625 0.5 0.85 0.5 0.375 0.5 0.625 0.5 0.625 0.5 0.375 0.75 0.375 0.75 0.375 0.5 0.85 0.75 0.85 0.75 0.85 0.5 0.625 0.25 0.625 0 0.625 0 0.625 0.275 0.625 0.25 0.625 0.25 0.625 1 0.625 0.975 0.625 0.975 0.625 0.275 0.625 0.25 0.625 0.25 0.625 0.25 0.625 0 0.625 0 0.625 0.275 0.625 0.25 0.625 0.25 0.625 1 0.625 0.975 0.625 0.975 0.625 0.275 0.625 0.25 0.625 0.25 0.625 1 0.625 0.975 0.625 0.975 0.85 0.75 0.85 0.75 0.85 0.5 0.625 0.25 0.625 0 0.625 0 0.85 0.75 0.85 0.75 0.85 0.5 0.625 1 0.625 0.975 0.625 0.975 0.85 0.75 0.85 0.75 0.85 0.5 0.625 0.25 0.625 0 0.625 0 0.625 0.275 0.625 0.25 0.625 0.25 0.625 0.25 0.625 0 0.625 0 0.625 0.275 0.625 0.25 0.625 0.25 0.625 1 0.625 0.975 0.625 0.975 0.625 1 0.625 0.975 0.625 0.975 0.625 1 0.625 0.975 0.625 0.975 0.85 0.75 0.85 0.75 0.85 0.5 0.625 0.25 0.625 0 0.625 0 0.85 0.75 0.85 0.75 0.85 0.5 0.85 0.75 0.85 0.75 0.85 0.5 0.625 0.25 0.625 0 0.625 0 0.625 0.275 0.625 0.25 0.625 0.25 0.625 0.275 0.625 0.25 0.625 0.25 0.625 0.25 0.625 0 0.625 0 0.625 0.275 0.625 0.25 0.625 0.25 0.625 1 0.625 0.975 0.625 0.975 0.85 0.75 0.85 0.75 0.85 0.5 0.625 1 0.625 0.975 0.625 0.975 0.85 0.75 0.85 0.75 0.85 0.5 0.625 0.25 0.625 0 0.625 0 0.625 0.25 0.625 0 0.625 0 0.625 0.25 0.625 0 0.625 0 0.625 0.275 0.625 0.25 0.625 0.25 0.625 1 0.625 0.975 0.625 0.975 0.625 0.275 0.625 0.25 0.625 0.25 0.625 0.275 0.625 0.25 0.625 0.25 0.625 1 0.625 0.975 0.625 0.975 0.85 0.75 0.85 0.75 0.85 0.5 0.625 0.75 0.625 0.75 0.625 0.975 0.625 1 0.625 0.975 0.625 0.975 0.85 0.75 0.85 0.75 0.85 0.5 0.625 0.25 0.625 0 0.625 0 0.375 0.75 0.375 0.75 0.375 0.5 0.375 0.5 0.625 0.5 0.625 0.5 0.625 0.5 0.625 0.75 0.625 0.75 0.625 0.75 0.625 0.75 0.375 0.75 0.625 0.275 0.625 0.5 0.625 0.5 0.625 0.25 0.625 0.5 0.625 0.75</float_array>
          <technique_common>
            <accessor source="#Cube-mesh-map-0-array" count="2592" stride="2">
              <param name="S" type="float"/>
              <param name="T" type="float"/>
            </accessor>
          </technique_common>
        </source>
        <vertices id="Cube-mesh-vertices">
          <input semantic="POSITION" source="#Cube-mesh-positions"/>
        </vertices>
        <triangles material="Material-material" count="864">
          <input semantic="VERTEX" source="#Cube-mesh-vertices" offset="0"/>
          <input semantic="NORMAL" source="#Cube-mesh-normals" offset="1"/>
          <input semantic="TEXCOORD" source="#Cube-mesh-map-0" offset="2" set="0"/>
          <p>55 0 0 60 1 1 53 2 2 53 2 3 197 3 4 54 4 5 1 5 6 54 4 7 52 6 8 3 7 9 6 8 10 2 9 11 55 0 12 1 5 13 52 6 14 6 8 15 8 10 16 4 11 17 0 12 18 5 13 19 1 5 20 3 7 21 5 13 22 7 14 23 2 9 24 4 11 25 0 12 26 11 15 27 13 16 28 15 17 29 4 11 30 9 18 31 5 13 32 7 14 33 9 18 34 11 15 35 7 14 36 10 19 37 6 8 38 14 20 39 16 21 40 12 22 41 11 15 42 14 20 43 10 19 44 10 19 45 12 22 46 8 10 47 8 10 48 13 16 49 9 18 50 16 21 51 21 23 52 17 24 53 12 22 54 17 24 55 13 16 56 15 17 57 17 24 58 19 25 59 15 17 60 18 26 61 14 20 62 23 27 63 25 28 64 27 29 65 19 25 66 21 23 67 23 27 68 19 25 69 22 30 70 18 26 71 18 26 72 20 31 73 16 21 74 26 32 75 28 33 76 24 34 77 23 27 78 26 32 79 22 30 80 22 30 81 24 34 82 20 31 83 20 31 84 25 28 85 21 23 86 31 35 87 33 36 88 35 37 89 24 34 90 29 38 91 25 28 92 27 29 93 29 38 94 31 35 95 27 29 96 30 39 97 26 32 98 35 37 99 38 40 100 34 41 101 31 35 102 34 41 103 30 39 104 30 39 105 32 42 106 28 33 107 28 33 108 33 36 109 29 38 110 38 40 111 40 43 112 36 44 113 34 41 114 36 44 115 32 42 116 32 42 117 37 45 118 33 36 119 35 37 120 37 45 121 39 46 122 43 47 123 45 48 124 47 49 125 36 44 126 41 50 127 37 45 128 39 46 129 41 50 130 43 47 131 39 46 132 42 51 133 38 40 134 46 52 135 48 53 136 44 54 137 43 47 138 46 52 139 42 51 140 42 51 141 44 54 142 40 43 143 40 43 144 45 48 145 41 50 146 50 55 147 56 56 148 48 53 149 44 54 150 49 57 151 45 48 152 47 49 153 49 57 154 51 58 155 47 49 156 50 55 157 46 52 158 194 59 159 52 6 160 195 60 161 52 6 162 197 3 163 195 60 164 2 9 165 54 4 166 3 7 167 55 0 168 2 9 169 0 12 170 58 61 171 62 62 172 56 56 173 48 53 174 57 63 175 49 57 176 51 58 177 57 63 178 59 64 179 51 58 180 58 61 181 50 55 182 60 1 183 163 65 184 162 66 185 194 59 186 61 67 187 55 0 188 53 2 189 255 68 190 196 69 191 65 70 192 67 71 193 69 72 194 57 63 195 62 62 196 63 73 197 59 64 198 63 73 199 65 70 200 59 64 201 64 74 202 58 61 203 68 75 204 70 76 205 66 77 206 65 70 207 68 75 208 64 74 209 64 74 210 66 77 211 62 62 212 63 73 213 66 77 214 67 71 215 73 78 216 75 79 217 77 80 218 67 71 219 70 76 220 71 81 221 69 72 222 71 81 223 73 78 224 69 72 225 72 82 226 68 75 227 77 80 228 80 83 229 76 84 230 73 78 231 76 84 232 72 82 233 72 82 234 74 85 235 70 76 236 71 81 237 74 85 238 75 79 239 80 83 240 82 86 241 78 87 242 76 84 243 78 87 244 74 85 245 75 79 246 78 87 247 79 88 248 77 80 249 79 88 250 81 89 251 85 90 252 87 91 253 89 92 254 79 88 255 82 86 256 83 93 257 81 89 258 83 93 259 85 90 260 81 89 261 84 94 262 80 83 263 88 95 264 90 96 265 86 97 266 85 90 267 88 95 268 84 94 269 84 94 270 86 97 271 82 86 272 83 93 273 86 97 274 87 91 275 92 98 276 94 99 277 90 96 278 87 91 279 90 96 280 91 100 281 89 92 282 91 100 283 93 101 284 89 92 285 92 98 286 88 95 287 97 102 288 99 103 289 101 104 290 91 100 291 94 99 292 95 105 293 93 101 294 95 105 295 97 102 296 93 101 297 96 106 298 92 98 299 100 107 300 102 108 301 98 109 302 97 102 303 100 107 304 96 106 305 96 106 306 98 109 307 94 99 308 95 105 309 98 109 310 99 103 311 103 110 312 106 111 313 107 112 314 99 103 315 102 108 316 103 110 317 101 104 318 103 110 319 105 113 320 101 104 321 104 114 322 100 107 323 109 115 324 111 116 325 113 117 326 105 113 327 107 112 328 109 115 329 105 113 330 108 118 331 104 114 332 104 114 333 106 111 334 102 108 335 113 117 336 115 119 337 117 120 338 109 115 339 112 121 340 108 118 341 106 111 342 112 121 343 110 122 344 106 111 345 111 116 346 107 112 347 116 123 348 121 124 349 120 125 350 112 121 351 117 120 352 116 123 353 112 121 354 114 126 355 110 122 356 110 122 357 115 119 358 111 116 359 120 125 360 122 127 361 118 128 362 116 123 363 118 128 364 114 126 365 114 126 366 119 129 367 115 119 368 117 120 369 119 129 370 121 124 371 125 130 372 127 131 373 129 132 374 118 128 375 123 133 376 119 129 377 121 124 378 123 133 379 125 130 380 120 125 381 125 130 382 124 134 383 128 135 384 130 136 385 126 137 386 124 134 387 129 132 388 128 135 389 124 134 390 126 137 391 122 127 392 122 127 393 127 131 394 123 133 395 132 138 396 134 139 397 130 136 398 126 137 399 131 140 400 127 131 401 129 132 402 131 140 403 133 141 404 128 135 405 133 141 406 132 138 407 137 142 408 139 143 409 141 144 410 130 136 411 135 145 412 131 140 413 133 141 414 135 145 415 137 142 416 132 138 417 137 142 418 136 146 419 140 147 420 142 148 421 138 149 422 136 146 423 141 144 424 140 147 425 136 146 426 138 149 427 134 139 428 134 139 429 139 143 430 135 145 431 142 148 432 147 150 433 143 151 434 138 149 435 143 151 436 139 143 437 141 144 438 143 151 439 145 152 440 140 147 441 145 152 442 144 153 443 149 154 444 151 155 445 153 156 446 145 152 447 147 150 448 149 154 449 144 153 450 149 154 451 148 157 452 144 153 453 146 158 454 142 148 455 152 159 456 154 160 457 150 161 458 148 157 459 153 156 460 152 159 461 148 157 462 150 161 463 146 158 464 146 158 465 151 155 466 147 150 467 157 162 468 159 163 469 161 164 470 150 161 471 155 165 472 151 155 473 153 156 474 155 165 475 157 162 476 152 159 477 157 162 478 156 166 479 187 167 480 361 168 481 360 169 482 156 166 483 161 164 484 160 170 485 156 166 486 158 171 487 154 160 488 154 160 489 159 163 490 155 165 491 185 172 492 187 167 493 184 173 494 188 174 495 359 175 496 189 176 497 186 177 498 359 175 499 361 168 500 162 66 501 165 178 502 164 179 503 254 180 504 163 65 505 61 67 506 60 1 507 363 181 508 255 68 509 366 182 510 167 183 511 165 178 512 362 184 513 165 178 514 163 65 515 162 66 516 367 185 517 363 181 518 370 186 519 169 187 520 167 183 521 164 179 522 371 188 523 367 185 524 164 179 525 167 183 526 166 189 527 168 190 528 171 191 529 170 192 530 166 189 531 375 193 532 371 188 533 166 189 534 169 187 535 168 190 536 378 194 537 173 195 538 171 191 539 374 196 540 171 191 541 169 187 542 168 190 543 379 197 544 375 193 545 172 198 546 387 199 547 383 200 548 170 192 549 383 200 550 379 197 551 170 192 552 173 195 553 172 198 554 174 201 555 177 202 556 176 203 557 172 198 558 175 204 559 174 201 560 382 205 561 175 204 562 173 195 563 390 206 564 179 207 565 177 202 566 386 208 567 177 202 568 175 204 569 174 201 570 391 209 571 387 199 572 178 210 573 181 211 574 180 212 575 176 203 576 395 213 577 391 209 578 176 203 579 179 207 580 178 210 581 394 214 582 181 211 583 179 207 584 178 210 585 399 215 586 395 213 587 402 216 588 185 172 589 183 217 590 398 218 591 183 217 592 181 211 593 180 212 594 403 219 595 399 215 596 180 212 597 183 217 598 182 220 599 184 173 600 360 169 601 407 221 602 182 220 603 407 221 604 403 219 605 182 220 606 185 172 607 184 173 608 161 164 609 189 176 610 186 177 611 158 171 612 189 176 613 159 163 614 160 170 615 188 174 616 158 171 617 160 170 618 186 177 619 187 167 620 185 172 621 358 222 622 188 174 623 256 223 624 249 224 625 247 225 626 197 3 627 247 225 628 248 4 629 195 60 630 196 69 631 197 3 632 248 4 633 191 226 634 246 6 635 200 227 636 193 228 637 192 229 638 191 226 639 249 224 640 246 6 641 202 230 642 200 227 643 198 231 644 199 232 645 190 233 646 191 226 647 193 228 648 199 232 649 191 226 650 198 231 651 192 229 652 190 233 653 205 234 654 207 235 655 203 236 656 203 236 657 198 231 658 199 232 659 201 237 660 203 236 661 199 232 662 204 238 663 201 237 664 200 227 665 210 239 666 208 240 667 206 241 668 208 240 669 205 234 670 204 238 671 206 241 672 204 238 673 202 230 674 207 235 675 202 230 676 203 236 677 215 242 678 210 239 679 211 243 680 211 243 681 206 241 682 207 235 683 209 244 684 211 243 685 207 235 686 212 245 687 209 244 688 208 240 689 217 246 690 219 247 691 215 242 692 213 248 693 215 242 694 211 243 695 216 249 696 213 248 697 212 245 698 214 250 699 212 245 700 210 239 701 222 251 702 220 252 703 218 253 704 220 252 705 217 246 706 216 249 707 218 253 708 216 249 709 214 250 710 219 247 711 214 250 712 215 242 713 225 254 714 227 255 715 223 256 716 223 256 717 218 253 718 219 247 719 221 257 720 223 256 721 219 247 722 224 258 723 221 257 724 220 252 725 232 259 726 229 260 727 228 261 728 228 261 729 225 254 730 224 258 731 226 262 732 224 258 733 222 251 734 227 255 735 222 251 736 223 256 737 234 263 738 232 259 739 230 264 740 230 264 741 228 261 742 226 262 743 231 265 744 226 262 745 227 255 746 229 260 747 231 265 748 227 255 749 237 266 750 239 267 751 235 268 752 235 268 753 230 264 754 231 265 755 233 269 756 235 268 757 231 265 758 236 270 759 233 269 760 232 259 761 242 271 762 240 272 763 238 273 764 240 272 765 237 266 766 236 270 767 238 273 768 236 270 769 234 263 770 239 267 771 234 263 772 235 268 773 250 274 774 244 275 775 242 271 776 243 276 777 238 273 778 239 267 779 241 277 780 243 276 781 239 267 782 244 275 783 241 277 784 240 272 785 246 6 786 194 59 787 195 60 788 197 3 789 246 6 790 195 60 791 248 4 792 192 229 793 193 228 794 192 229 795 249 224 796 190 233 797 258 278 798 252 279 799 250 274 800 251 280 801 242 271 802 243 276 803 245 281 804 251 280 805 243 276 806 252 279 807 245 281 808 244 275 809 256 223 810 365 282 811 257 283 812 257 283 813 194 59 814 249 224 815 255 68 816 247 225 817 196 69 818 254 180 819 196 69 820 194 59 821 261 284 822 263 285 823 259 286 824 251 280 825 258 278 826 250 274 827 253 287 828 259 286 829 251 280 830 260 288 831 253 287 832 252 279 833 266 289 834 264 290 835 262 291 836 264 290 837 261 284 838 260 288 839 262 291 840 260 288 841 258 278 842 259 286 843 262 291 844 258 278 845 269 292 846 271 293 847 267 294 848 263 285 849 266 289 850 262 291 851 265 295 852 267 294 853 263 285 854 268 296 855 265 295 856 264 290 857 276 297 858 273 298 859 272 299 860 272 299 861 269 292 862 268 296 863 270 300 864 268 296 865 266 289 866 267 294 867 270 300 868 266 289 869 278 301 870 276 297 871 274 302 872 274 302 873 272 299 874 270 300 875 271 293 876 274 302 877 270 300 878 273 298 879 275 303 880 271 293 881 281 304 882 283 305 883 279 306 884 275 303 885 278 301 886 274 302 887 277 307 888 279 306 889 275 303 890 280 308 891 277 307 892 276 297 893 286 309 894 284 310 895 282 311 896 284 310 897 281 304 898 280 308 899 282 311 900 280 308 901 278 301 902 279 306 903 282 311 904 278 301 905 290 312 906 288 313 907 286 309 908 283 305 909 286 309 910 282 311 911 285 314 912 287 315 913 283 305 914 288 313 915 285 314 916 284 310 917 293 316 918 295 317 919 291 318 920 287 315 921 290 312 922 286 309 923 289 319 924 291 318 925 287 315 926 292 320 927 289 319 928 288 313 929 298 321 930 296 322 931 294 323 932 296 322 933 293 316 934 292 320 935 294 323 936 292 320 937 290 312 938 291 318 939 294 323 940 290 312 941 299 324 942 302 325 943 298 321 944 295 317 945 298 321 946 294 323 947 297 326 948 299 324 949 295 317 950 300 327 951 297 326 952 296 322 953 305 328 954 307 329 955 303 330 956 301 331 957 303 330 958 299 324 959 304 332 960 301 331 961 300 327 962 302 325 963 300 327 964 298 321 965 309 333 966 311 334 967 307 329 968 308 335 969 305 328 970 304 332 971 302 325 972 308 335 973 304 332 974 307 329 975 302 325 976 303 330 977 312 336 978 317 337 979 313 338 980 308 335 981 313 338 982 309 333 983 310 339 984 308 335 985 306 340 986 311 334 987 306 340 988 307 329 989 318 341 990 316 342 991 314 343 992 314 343 993 312 336 994 310 339 995 315 344 996 310 339 997 311 334 998 313 338 999 315 344 1000 311 334 1001 321 345 1002 323 346 1003 319 347 1004 319 347 1005 314 343 1006 315 344 1007 317 337 1008 319 347 1009 315 344 1010 316 342 1011 321 345 1012 317 337 1013 326 348 1014 324 349 1015 322 350 1016 320 351 1017 325 352 1018 321 345 1019 322 350 1020 320 351 1021 318 341 1022 323 346 1023 318 341 1024 319 347 1025 330 353 1026 328 354 1027 326 348 1028 327 355 1029 322 350 1030 323 346 1031 325 352 1032 327 355 1033 323 346 1034 324 349 1035 329 356 1036 325 352 1037 333 357 1038 335 358 1039 331 359 1040 331 359 1041 326 348 1042 327 355 1043 329 356 1044 331 359 1045 327 355 1046 328 354 1047 333 357 1048 329 356 1049 338 360 1050 336 361 1051 334 362 1052 332 363 1053 337 364 1054 333 357 1055 334 362 1056 332 363 1057 330 353 1058 335 358 1059 330 353 1060 331 359 1061 343 365 1062 338 360 1063 339 366 1064 339 366 1065 334 362 1066 335 358 1067 337 364 1068 339 366 1069 335 358 1070 336 361 1071 341 367 1072 337 364 1073 345 368 1074 347 369 1075 343 365 1076 341 367 1077 343 365 1078 339 366 1079 340 370 1080 345 368 1081 341 367 1082 342 371 1083 340 370 1084 338 360 1085 350 372 1086 348 373 1087 346 374 1088 344 375 1089 349 376 1090 345 368 1091 346 374 1092 344 375 1093 342 371 1094 347 369 1095 342 371 1096 343 365 1097 353 377 1098 355 378 1099 351 379 1100 351 379 1101 346 374 1102 347 369 1103 349 376 1104 351 379 1105 347 369 1106 348 373 1107 353 377 1108 349 376 1109 411 380 1110 361 168 1111 410 177 1112 352 381 1113 357 382 1114 353 377 1115 354 383 1116 352 381 1117 350 372 1118 355 378 1119 350 372 1120 351 379 1121 359 175 1122 360 169 1123 358 222 1124 411 380 1125 409 384 1126 408 385 1127 359 175 1128 412 386 1129 413 176 1130 410 177 1131 359 175 1132 413 176 1133 364 387 1134 369 388 1135 365 282 1136 362 184 1137 255 68 1138 254 180 1139 365 282 1140 254 180 1141 257 283 1142 363 181 1143 256 223 1144 255 68 1145 373 389 1146 366 182 1147 369 388 1148 366 182 1149 363 181 1150 362 184 1151 369 388 1152 362 184 1153 365 282 1154 367 185 1155 364 387 1156 363 181 1157 377 390 1158 370 186 1159 373 389 1160 371 188 1161 368 391 1162 367 185 1163 368 391 1164 373 389 1165 369 388 1166 370 186 1167 367 185 1168 366 182 1169 376 392 1170 381 393 1171 377 390 1172 375 193 1173 372 394 1174 371 188 1175 372 394 1176 377 390 1177 373 389 1178 374 196 1179 371 188 1180 370 186 1181 385 395 1182 378 194 1183 381 393 1184 378 194 1185 375 193 1186 374 196 1187 381 393 1188 374 196 1189 377 390 1190 379 197 1191 376 392 1192 375 193 1193 387 199 1194 384 396 1195 383 200 1196 383 200 1197 380 397 1198 379 197 1199 380 397 1200 385 395 1201 381 393 1202 382 205 1203 379 197 1204 378 194 1205 388 398 1206 393 399 1207 389 400 1208 384 396 1209 389 400 1210 385 395 1211 386 208 1212 383 200 1213 382 205 1214 389 400 1215 382 205 1216 385 395 1217 397 401 1218 390 206 1219 393 399 1220 390 206 1221 387 199 1222 386 208 1223 393 399 1224 386 208 1225 389 400 1226 391 209 1227 388 398 1228 387 199 1229 396 402 1230 401 403 1231 397 401 1232 395 213 1233 392 404 1234 391 209 1235 392 404 1236 397 401 1237 393 399 1238 394 214 1239 391 209 1240 390 206 1241 402 216 1242 399 215 1243 398 218 1244 398 218 1245 395 213 1246 394 214 1247 401 403 1248 394 214 1249 397 401 1250 399 215 1251 396 402 1252 395 213 1253 409 384 1254 402 216 1255 405 405 1256 405 405 1257 398 218 1258 401 403 1259 403 219 1260 400 406 1261 399 215 1262 400 406 1263 405 405 1264 401 403 1265 360 169 1266 408 385 1267 407 221 1268 407 221 1269 404 407 1270 403 219 1271 404 407 1272 409 384 1273 405 405 1274 406 408 1275 403 219 1276 402 216 1277 357 382 1278 413 176 1279 355 378 1280 413 176 1281 354 383 1282 355 378 1283 412 386 1284 356 409 1285 354 383 1286 356 409 1287 410 177 1288 357 382 1289 409 384 1290 358 222 1291 406 408 1292 406 408 1293 360 169 1294 407 221 1295 55 0 1296 61 67 1297 60 1 1298 53 2 1299 196 69 1300 197 3 1301 1 5 1302 3 7 1303 54 4 1304 3 7 1305 7 14 1306 6 8 1307 55 0 1308 0 12 1309 1 5 1310 6 8 1311 10 19 1312 8 10 1313 0 12 1314 4 11 1315 5 13 1316 3 7 1317 1 5 1318 5 13 1319 2 9 1320 6 8 1321 4 11 1322 11 15 1323 9 18 1324 13 16 1325 4 11 1326 8 10 1327 9 18 1328 7 14 1329 5 13 1330 9 18 1331 7 14 1332 11 15 1333 10 19 1334 14 20 1335 18 26 1336 16 21 1337 11 15 1338 15 17 1339 14 20 1340 10 19 1341 14 20 1342 12 22 1343 8 10 1344 12 22 1345 13 16 1346 16 21 1347 20 31 1348 21 23 1349 12 22 1350 16 21 1351 17 24 1352 15 17 1353 13 16 1354 17 24 1355 15 17 1356 19 25 1357 18 26 1358 23 27 1359 21 23 1360 25 28 1361 19 25 1362 17 24 1363 21 23 1364 19 25 1365 23 27 1366 22 30 1367 18 26 1368 22 30 1369 20 31 1370 26 32 1371 30 39 1372 28 33 1373 23 27 1374 27 29 1375 26 32 1376 22 30 1377 26 32 1378 24 34 1379 20 31 1380 24 34 1381 25 28 1382 31 35 1383 29 38 1384 33 36 1385 24 34 1386 28 33 1387 29 38 1388 27 29 1389 25 28 1390 29 38 1391 27 29 1392 31 35 1393 30 39 1394 35 37 1395 39 46 1396 38 40 1397 31 35 1398 35 37 1399 34 41 1400 30 39 1401 34 41 1402 32 42 1403 28 33 1404 32 42 1405 33 36 1406 38 40 1407 42 51 1408 40 43 1409 34 41 1410 38 40 1411 36 44 1412 32 42 1413 36 44 1414 37 45 1415 35 37 1416 33 36 1417 37 45 1418 43 47 1419 41 50 1420 45 48 1421 36 44 1422 40 43 1423 41 50 1424 39 46 1425 37 45 1426 41 50 1427 39 46 1428 43 47 1429 42 51 1430 46 52 1431 50 55 1432 48 53 1433 43 47 1434 47 49 1435 46 52 1436 42 51 1437 46 52 1438 44 54 1439 40 43 1440 44 54 1441 45 48 1442 50 55 1443 58 61 1444 56 56 1445 44 54 1446 48 53 1447 49 57 1448 47 49 1449 45 48 1450 49 57 1451 47 49 1452 51 58 1453 50 55 1454 194 59 1455 55 0 1456 52 6 1457 52 6 1458 54 4 1459 197 3 1460 2 9 1461 53 2 1462 54 4 1463 55 0 1464 53 2 1465 2 9 1466 58 61 1467 64 74 1468 62 62 1469 48 53 1470 56 56 1471 57 63 1472 51 58 1473 49 57 1474 57 63 1475 51 58 1476 59 64 1477 58 61 1478 60 1 1479 61 67 1480 163 65 1481 194 59 1482 254 180 1483 61 67 1484 53 2 1485 60 1 1486 255 68 1487 65 70 1488 63 73 1489 67 71 1490 57 63 1491 56 56 1492 62 62 1493 59 64 1494 57 63 1495 63 73 1496 59 64 1497 65 70 1498 64 74 1499 68 75 1500 72 82 1501 70 76 1502 65 70 1503 69 72 1504 68 75 1505 64 74 1506 68 75 1507 66 77 1508 63 73 1509 62 62 1510 66 77 1511 73 78 1512 71 81 1513 75 79 1514 67 71 1515 66 77 1516 70 76 1517 69 72 1518 67 71 1519 71 81 1520 69 72 1521 73 78 1522 72 82 1523 77 80 1524 81 89 1525 80 83 1526 73 78 1527 77 80 1528 76 84 1529 72 82 1530 76 84 1531 74 85 1532 71 81 1533 70 76 1534 74 85 1535 80 83 1536 84 94 1537 82 86 1538 76 84 1539 80 83 1540 78 87 1541 75 79 1542 74 85 1543 78 87 1544 77 80 1545 75 79 1546 79 88 1547 85 90 1548 83 93 1549 87 91 1550 79 88 1551 78 87 1552 82 86 1553 81 89 1554 79 88 1555 83 93 1556 81 89 1557 85 90 1558 84 94 1559 88 95 1560 92 98 1561 90 96 1562 85 90 1563 89 92 1564 88 95 1565 84 94 1566 88 95 1567 86 97 1568 83 93 1569 82 86 1570 86 97 1571 92 98 1572 96 106 1573 94 99 1574 87 91 1575 86 97 1576 90 96 1577 89 92 1578 87 91 1579 91 100 1580 89 92 1581 93 101 1582 92 98 1583 97 102 1584 95 105 1585 99 103 1586 91 100 1587 90 96 1588 94 99 1589 93 101 1590 91 100 1591 95 105 1592 93 101 1593 97 102 1594 96 106 1595 100 107 1596 104 114 1597 102 108 1598 97 102 1599 101 104 1600 100 107 1601 96 106 1602 100 107 1603 98 109 1604 95 105 1605 94 99 1606 98 109 1607 103 110 1608 102 108 1609 106 111 1610 99 103 1611 98 109 1612 102 108 1613 101 104 1614 99 103 1615 103 110 1616 101 104 1617 105 113 1618 104 114 1619 109 115 1620 107 112 1621 111 116 1622 105 113 1623 103 110 1624 107 112 1625 105 113 1626 109 115 1627 108 118 1628 104 114 1629 108 118 1630 106 111 1631 113 117 1632 111 116 1633 115 119 1634 109 115 1635 113 117 1636 112 121 1637 106 111 1638 108 118 1639 112 121 1640 106 111 1641 110 122 1642 111 116 1643 116 123 1644 117 120 1645 121 124 1646 112 121 1647 113 117 1648 117 120 1649 112 121 1650 116 123 1651 114 126 1652 110 122 1653 114 126 1654 115 119 1655 120 125 1656 124 134 1657 122 127 1658 116 123 1659 120 125 1660 118 128 1661 114 126 1662 118 128 1663 119 129 1664 117 120 1665 115 119 1666 119 129 1667 125 130 1668 123 133 1669 127 131 1670 118 128 1671 122 127 1672 123 133 1673 121 124 1674 119 129 1675 123 133 1676 120 125 1677 121 124 1678 125 130 1679 128 135 1680 132 138 1681 130 136 1682 124 134 1683 125 130 1684 129 132 1685 124 134 1686 128 135 1687 126 137 1688 122 127 1689 126 137 1690 127 131 1691 132 138 1692 136 146 1693 134 139 1694 126 137 1695 130 136 1696 131 140 1697 129 132 1698 127 131 1699 131 140 1700 128 135 1701 129 132 1702 133 141 1703 137 142 1704 135 145 1705 139 143 1706 130 136 1707 134 139 1708 135 145 1709 133 141 1710 131 140 1711 135 145 1712 132 138 1713 133 141 1714 137 142 1715 140 147 1716 144 153 1717 142 148 1718 136 146 1719 137 142 1720 141 144 1721 136 146 1722 140 147 1723 138 149 1724 134 139 1725 138 149 1726 139 143 1727 142 148 1728 146 158 1729 147 150 1730 138 149 1731 142 148 1732 143 151 1733 141 144 1734 139 143 1735 143 151 1736 140 147 1737 141 144 1738 145 152 1739 149 154 1740 147 150 1741 151 155 1742 145 152 1743 143 151 1744 147 150 1745 144 153 1746 145 152 1747 149 154 1748 144 153 1749 148 157 1750 146 158 1751 152 159 1752 156 166 1753 154 160 1754 148 157 1755 149 154 1756 153 156 1757 148 157 1758 152 159 1759 150 161 1760 146 158 1761 150 161 1762 151 155 1763 157 162 1764 155 165 1765 159 163 1766 150 161 1767 154 160 1768 155 165 1769 153 156 1770 151 155 1771 155 165 1772 152 159 1773 153 156 1774 157 162 1775 187 167 1776 186 177 1777 361 168 1778 156 166 1779 157 162 1780 161 164 1781 156 166 1782 160 170 1783 158 171 1784 154 160 1785 158 171 1786 159 163 1787 185 172 1788 188 174 1789 187 167 1790 188 174 1791 358 222 1792 359 175 1793 186 177 1794 189 176 1795 359 175 1796 162 66 1797 163 65 1798 165 178 1799 254 180 1800 362 184 1801 163 65 1802 60 1 1803 162 66 1804 363 181 1805 366 182 1806 370 186 1807 167 183 1808 362 184 1809 366 182 1810 165 178 1811 162 66 1812 164 179 1813 367 185 1814 370 186 1815 374 196 1816 169 187 1817 164 179 1818 166 189 1819 371 188 1820 164 179 1821 165 178 1822 167 183 1823 168 190 1824 169 187 1825 171 191 1826 166 189 1827 168 190 1828 375 193 1829 166 189 1830 167 183 1831 169 187 1832 378 194 1833 382 205 1834 173 195 1835 374 196 1836 378 194 1837 171 191 1838 168 190 1839 170 192 1840 379 197 1841 172 198 1842 174 201 1843 387 199 1844 170 192 1845 172 198 1846 383 200 1847 170 192 1848 171 191 1849 173 195 1850 174 201 1851 175 204 1852 177 202 1853 172 198 1854 173 195 1855 175 204 1856 382 205 1857 386 208 1858 175 204 1859 390 206 1860 394 214 1861 179 207 1862 386 208 1863 390 206 1864 177 202 1865 174 201 1866 176 203 1867 391 209 1868 178 210 1869 179 207 1870 181 211 1871 176 203 1872 178 210 1873 395 213 1874 176 203 1875 177 202 1876 179 207 1877 394 214 1878 398 218 1879 181 211 1880 178 210 1881 180 212 1882 399 215 1883 402 216 1884 406 408 1885 185 172 1886 398 218 1887 402 216 1888 183 217 1889 180 212 1890 182 220 1891 403 219 1892 180 212 1893 181 211 1894 183 217 1895 184 173 1896 187 167 1897 360 169 1898 182 220 1899 184 173 1900 407 221 1901 182 220 1902 183 217 1903 185 172 1904 161 164 1905 159 163 1906 189 176 1907 158 171 1908 188 174 1909 189 176 1910 160 170 1911 187 167 1912 188 174 1913 160 170 1914 161 164 1915 186 177 1916 185 172 1917 406 408 1918 358 222 1919 256 223 1920 257 283 1921 249 224 1922 197 3 1923 196 69 1924 247 225 1925 195 60 1926 194 59 1927 196 69 1928 248 4 1929 193 228 1930 191 226 1931 200 227 1932 201 237 1933 193 228 1934 191 226 1935 190 233 1936 249 224 1937 202 230 1938 204 238 1939 200 227 1940 199 232 1941 198 231 1942 190 233 1943 193 228 1944 201 237 1945 199 232 1946 198 231 1947 200 227 1948 192 229 1949 205 234 1950 209 244 1951 207 235 1952 203 236 1953 202 230 1954 198 231 1955 201 237 1956 205 234 1957 203 236 1958 204 238 1959 205 234 1960 201 237 1961 210 239 1962 212 245 1963 208 240 1964 208 240 1965 209 244 1966 205 234 1967 206 241 1968 208 240 1969 204 238 1970 207 235 1971 206 241 1972 202 230 1973 215 242 1974 214 250 1975 210 239 1976 211 243 1977 210 239 1978 206 241 1979 209 244 1980 213 248 1981 211 243 1982 212 245 1983 213 248 1984 209 244 1985 217 246 1986 221 257 1987 219 247 1988 213 248 1989 217 246 1990 215 242 1991 216 249 1992 217 246 1993 213 248 1994 214 250 1995 216 249 1996 212 245 1997 222 251 1998 224 258 1999 220 252 2000 220 252 2001 221 257 2002 217 246 2003 218 253 2004 220 252 2005 216 249 2006 219 247 2007 218 253 2008 214 250 2009 225 254 2010 229 260 2011 227 255 2012 223 256 2013 222 251 2014 218 253 2015 221 257 2016 225 254 2017 223 256 2018 224 258 2019 225 254 2020 221 257 2021 232 259 2022 233 269 2023 229 260 2024 228 261 2025 229 260 2026 225 254 2027 226 262 2028 228 261 2029 224 258 2030 227 255 2031 226 262 2032 222 251 2033 234 263 2034 236 270 2035 232 259 2036 230 264 2037 232 259 2038 228 261 2039 231 265 2040 230 264 2041 226 262 2042 229 260 2043 233 269 2044 231 265 2045 237 266 2046 241 277 2047 239 267 2048 235 268 2049 234 263 2050 230 264 2051 233 269 2052 237 266 2053 235 268 2054 236 270 2055 237 266 2056 233 269 2057 242 271 2058 244 275 2059 240 272 2060 240 272 2061 241 277 2062 237 266 2063 238 273 2064 240 272 2065 236 270 2066 239 267 2067 238 273 2068 234 263 2069 250 274 2070 252 279 2071 244 275 2072 243 276 2073 242 271 2074 238 273 2075 241 277 2076 245 281 2077 243 276 2078 244 275 2079 245 281 2080 241 277 2081 246 6 2082 249 224 2083 194 59 2084 197 3 2085 248 4 2086 246 6 2087 248 4 2088 247 225 2089 192 229 2090 192 229 2091 247 225 2092 249 224 2093 258 278 2094 260 288 2095 252 279 2096 251 280 2097 250 274 2098 242 271 2099 245 281 2100 253 287 2101 251 280 2102 252 279 2103 253 287 2104 245 281 2105 256 223 2106 364 387 2107 365 282 2108 257 283 2109 254 180 2110 194 59 2111 255 68 2112 256 223 2113 247 225 2114 254 180 2115 255 68 2116 196 69 2117 261 284 2118 265 295 2119 263 285 2120 251 280 2121 259 286 2122 258 278 2123 253 287 2124 261 284 2125 259 286 2126 260 288 2127 261 284 2128 253 287 2129 266 289 2130 268 296 2131 264 290 2132 264 290 2133 265 295 2134 261 284 2135 262 291 2136 264 290 2137 260 288 2138 259 286 2139 263 285 2140 262 291 2141 269 292 2142 273 298 2143 271 293 2144 263 285 2145 267 294 2146 266 289 2147 265 295 2148 269 292 2149 267 294 2150 268 296 2151 269 292 2152 265 295 2153 276 297 2154 277 307 2155 273 298 2156 272 299 2157 273 298 2158 269 292 2159 270 300 2160 272 299 2161 268 296 2162 267 294 2163 271 293 2164 270 300 2165 278 301 2166 280 308 2167 276 297 2168 274 302 2169 276 297 2170 272 299 2171 271 293 2172 275 303 2173 274 302 2174 273 298 2175 277 307 2176 275 303 2177 281 304 2178 285 314 2179 283 305 2180 275 303 2181 279 306 2182 278 301 2183 277 307 2184 281 304 2185 279 306 2186 280 308 2187 281 304 2188 277 307 2189 286 309 2190 288 313 2191 284 310 2192 284 310 2193 285 314 2194 281 304 2195 282 311 2196 284 310 2197 280 308 2198 279 306 2199 283 305 2200 282 311 2201 290 312 2202 292 320 2203 288 313 2204 283 305 2205 287 315 2206 286 309 2207 285 314 2208 289 319 2209 287 315 2210 288 313 2211 289 319 2212 285 314 2213 293 316 2214 297 326 2215 295 317 2216 287 315 2217 291 318 2218 290 312 2219 289 319 2220 293 316 2221 291 318 2222 292 320 2223 293 316 2224 289 319 2225 298 321 2226 300 327 2227 296 322 2228 296 322 2229 297 326 2230 293 316 2231 294 323 2232 296 322 2233 292 320 2234 291 318 2235 295 317 2236 294 323 2237 299 324 2238 303 330 2239 302 325 2240 295 317 2241 299 324 2242 298 321 2243 297 326 2244 301 331 2245 299 324 2246 300 327 2247 301 331 2248 297 326 2249 305 328 2250 309 333 2251 307 329 2252 301 331 2253 305 328 2254 303 330 2255 304 332 2256 305 328 2257 301 331 2258 302 325 2259 304 332 2260 300 327 2261 309 333 2262 313 338 2263 311 334 2264 308 335 2265 309 333 2266 305 328 2267 302 325 2268 306 340 2269 308 335 2270 307 329 2271 306 340 2272 302 325 2273 312 336 2274 316 342 2275 317 337 2276 308 335 2277 312 336 2278 313 338 2279 310 339 2280 312 336 2281 308 335 2282 311 334 2283 310 339 2284 306 340 2285 318 341 2286 320 351 2287 316 342 2288 314 343 2289 316 342 2290 312 336 2291 315 344 2292 314 343 2293 310 339 2294 313 338 2295 317 337 2296 315 344 2297 321 345 2298 325 352 2299 323 346 2300 319 347 2301 318 341 2302 314 343 2303 317 337 2304 321 345 2305 319 347 2306 316 342 2307 320 351 2308 321 345 2309 326 348 2310 328 354 2311 324 349 2312 320 351 2313 324 349 2314 325 352 2315 322 350 2316 324 349 2317 320 351 2318 323 346 2319 322 350 2320 318 341 2321 330 353 2322 332 363 2323 328 354 2324 327 355 2325 326 348 2326 322 350 2327 325 352 2328 329 356 2329 327 355 2330 324 349 2331 328 354 2332 329 356 2333 333 357 2334 337 364 2335 335 358 2336 331 359 2337 330 353 2338 326 348 2339 329 356 2340 333 357 2341 331 359 2342 328 354 2343 332 363 2344 333 357 2345 338 360 2346 340 370 2347 336 361 2348 332 363 2349 336 361 2350 337 364 2351 334 362 2352 336 361 2353 332 363 2354 335 358 2355 334 362 2356 330 353 2357 343 365 2358 342 371 2359 338 360 2360 339 366 2361 338 360 2362 334 362 2363 337 364 2364 341 367 2365 339 366 2366 336 361 2367 340 370 2368 341 367 2369 345 368 2370 349 376 2371 347 369 2372 341 367 2373 345 368 2374 343 365 2375 340 370 2376 344 375 2377 345 368 2378 342 371 2379 344 375 2380 340 370 2381 350 372 2382 352 381 2383 348 373 2384 344 375 2385 348 373 2386 349 376 2387 346 374 2388 348 373 2389 344 375 2390 347 369 2391 346 374 2392 342 371 2393 353 377 2394 357 382 2395 355 378 2396 351 379 2397 350 372 2398 346 374 2399 349 376 2400 353 377 2401 351 379 2402 348 373 2403 352 381 2404 353 377 2405 411 380 2406 360 169 2407 361 168 2408 352 381 2409 356 409 2410 357 382 2411 354 383 2412 356 409 2413 352 381 2414 355 378 2415 354 383 2416 350 372 2417 359 175 2418 361 168 2419 360 169 2420 411 380 2421 412 386 2422 409 384 2423 359 175 2424 358 222 2425 412 386 2426 410 177 2427 361 168 2428 359 175 2429 364 387 2430 368 391 2431 369 388 2432 362 184 2433 363 181 2434 255 68 2435 365 282 2436 362 184 2437 254 180 2438 363 181 2439 364 387 2440 256 223 2441 373 389 2442 370 186 2443 366 182 2444 366 182 2445 367 185 2446 363 181 2447 369 388 2448 366 182 2449 362 184 2450 367 185 2451 368 391 2452 364 387 2453 377 390 2454 374 196 2455 370 186 2456 371 188 2457 372 394 2458 368 391 2459 368 391 2460 372 394 2461 373 389 2462 370 186 2463 371 188 2464 367 185 2465 376 392 2466 380 397 2467 381 393 2468 375 193 2469 376 392 2470 372 394 2471 372 394 2472 376 392 2473 377 390 2474 374 196 2475 375 193 2476 371 188 2477 385 395 2478 382 205 2479 378 194 2480 378 194 2481 379 197 2482 375 193 2483 381 393 2484 378 194 2485 374 196 2486 379 197 2487 380 397 2488 376 392 2489 387 199 2490 388 398 2491 384 396 2492 383 200 2493 384 396 2494 380 397 2495 380 397 2496 384 396 2497 385 395 2498 382 205 2499 383 200 2500 379 197 2501 388 398 2502 392 404 2503 393 399 2504 384 396 2505 388 398 2506 389 400 2507 386 208 2508 387 199 2509 383 200 2510 389 400 2511 386 208 2512 382 205 2513 397 401 2514 394 214 2515 390 206 2516 390 206 2517 391 209 2518 387 199 2519 393 399 2520 390 206 2521 386 208 2522 391 209 2523 392 404 2524 388 398 2525 396 402 2526 400 406 2527 401 403 2528 395 213 2529 396 402 2530 392 404 2531 392 404 2532 396 402 2533 397 401 2534 394 214 2535 395 213 2536 391 209 2537 402 216 2538 403 219 2539 399 215 2540 398 218 2541 399 215 2542 395 213 2543 401 403 2544 398 218 2545 394 214 2546 399 215 2547 400 406 2548 396 402 2549 409 384 2550 406 408 2551 402 216 2552 405 405 2553 402 216 2554 398 218 2555 403 219 2556 404 407 2557 400 406 2558 400 406 2559 404 407 2560 405 405 2561 360 169 2562 411 380 2563 408 385 2564 407 221 2565 408 385 2566 404 407 2567 404 407 2568 408 385 2569 409 384 2570 406 408 2571 407 221 2572 403 219 2573 357 382 2574 410 177 2575 413 176 2576 413 176 2577 412 386 2578 354 383 2579 412 386 2580 411 380 2581 356 409 2582 356 409 2583 411 380 2584 410 177 2585 409 384 2586 412 386 2587 358 222 2588 406 408 2589 358 222 2590 360 169 2591</p>
        </triangles>
      </mesh>
    </geometry>
  </library_geometries>
  <library_visual_scenes>
    <visual_scene id="Scene" name="Scene">
      <node id="Net" name="Net" type="NODE">
        <matrix sid="transform">1.17 0 0 0 0 1.17 0 0 0 0 1.17 0 0 0 0 1</matrix>
        <instance_geometry url="#Plane_003-mesh" name="Net">
          <bind_material>
            <technique_common>
              <instance_material symbol="Material_001-material" target="#Material_001-material">
                <bind_vertex_input semantic="UVMap" input_semantic="TEXCOORD" input_set="0"/>
              </instance_material>
            </technique_common>
          </bind_material>
        </instance_geometry>
      </node>
      <node id="Rim" name="Rim" type="NODE">
        <matrix sid="transform">1.17 0 0 0 0 1.17 0 0 0 0 1.17 0 0 0 0 1</matrix>
        <instance_geometry url="#Cube-mesh" name="Rim">
          <bind_material>
            <technique_common>
              <instance_material symbol="Material-material" target="#Material-material">
                <bind_vertex_input semantic="UVMap" input_semantic="TEXCOORD" input_set="0"/>
              </instance_material>
            </technique_common>
          </bind_material>
        </instance_geometry>
      </node>
    </visual_scene>
  </library_visual_scenes>
  <scene>
    <instance_visual_scene url="#Scene"/>
  </scene>
</COLLADA>